{"Agar Malwa_MP": 101, "Agra_UP": 102, "Ahmedabad_GJ": 103, "Ahmednagar_MH": 104, "Aizawl_MZ": 105, "Ajmer_RJ": 106, "Akola_MH": 107, "Alappuzha_KL": 108, "Aligarh_UP": 109, "Alipurduar_WB": 110, "Alirajpur_MP": 111, "Almora_UT": 112, "Alwar_RJ": 113, "Ambala_HR": 114, "Ambedkar Nagar_UP": 115, "Amethi_UP": 116, "Amravati_MH": 117, "Amreli_GJ": 118, "Amritsar_PB": 119, "Amroha_UP": 120, "Anand_GJ": 121, "Anantapur_AP": 122, "Anantnag_JK": 123, "Angul_OR": 124, "Anjaw_AR": 125, "Anuppur_MP": 126, "Araria_BR": 127, "Aravalli_GJ": 128, "Ariyalur_TN": 129, "Arwal_BR": 130, "Ashoknagar_MP": 131, "Assam_AS": 132, "Auraiya_UP": 133, "Aurangabad_BR": 134, "Aurangabad_MH": 135, "Ayodhya_UP": 136, "Azamgarh_UP": 137, "Bagalkote_KA": 138, "Bageshwar_UT": 139, "Baghpat_UP": 140, "Bahraich_UP": 141, "Balaghat_MP": 142, "Balangir_OR": 143, "Balasore_OR": 144, "Ballari_KA": 145, "Ballia_UP": 146, "Balod_CT": 147, "Baloda Bazar_CT": 148, "Balrampur_CT": 149, "Balrampur_UP": 150, "Bametara_CT": 151, "Banaskantha_GJ": 152, "Banda_UP": 153, "Bandipora_JK": 154, "Banka_BR": 155, "Bankura_WB": 156, "Banswara_RJ": 157, "Barabanki_UP": 158, "Baramulla_JK": 159, "Baran_RJ": 160, "Bareilly_UP": 161, "Bargarh_OR": 162, "Barmer_RJ": 163, "Barnala_PB": 164, "Barwani_MP": 165, "Bastar_CT": 166, "Basti_UP": 167, "Bathinda_PB": 168, "Beed_MH": 169, "Begusarai_BR": 170, "Belagavi_KA": 171, "Bengaluru Rural_KA": 172, "Bengaluru Urban_KA": 173, "Betul_MP": 174, "Bhadohi_UP": 175, "Bhadrak_OR": 176, "Bhagalpur_BR": 177, "Bhandara_MH": 178, "Bharatpur_RJ": 179, "Bharuch_GJ": 180, "Bhavnagar_GJ": 181, "Bhilwara_RJ": 182, "Bhind_MP": 183, "Bhiwani_HR": 184, "Bhojpur_BR": 185, "Bhopal_MP": 186, "Bidar_KA": 187, "Bijapur_CT": 188, "Bijnor_UP": 189, "Bikaner_RJ": 190, "Bilaspur_CT": 191, "Bilaspur_HP": 192, "Birbhum_WB": 193, "Bokaro_JH": 194, "Botad_GJ": 195, "Boudh_OR": 196, "Budaun_UP": 197, "Budgam_JK": 198, "Bulandshahr_UP": 199, "Buldhana_MH": 200, "Bundi_RJ": 201, "Burhanpur_MP": 202, "Buxar_BR": 203, "Chamarajanagara_KA": 204, "Chamba_HP": 205, "Chamoli_UT": 206, "Champawat_UT": 207, "Champhai_MZ": 208, "Chandauli_UP": 209, "Chandigarh_CH": 210, "Chandrapur_MH": 211, "Changlang_AR": 212, "Charkhi Dadri_HR": 213, "Chatra_JH": 214, "Chennai_TN": 215, "Chhatarpur_MP": 216, "Chhindwara_MP": 217, "Chhota Udaipur_GJ": 218, "Chikkaballapura_KA": 219, "Chikkamagaluru_KA": 220, "Chitradurga_KA": 221, "Chitrakoot_UP": 222, "Chittoor_AP": 223, "Chittorgarh_RJ": 224, "Churu_RJ": 225, "Coimbatore_TN": 226, "Cooch Behar_WB": 227, "Cuddalore_TN": 228, "Cuttack_OR": 229, "Dadra and Nagar Haveli_DN": 230, "Dahod_GJ": 231, "Dakshin Bastar Dantewada_CT": 232, "Dakshin Dinajpur_WB": 233, "Dakshina Kannada_KA": 234, "Daman_DN": 235, "Damoh_MP": 236, "Dang_GJ": 237, "Darbhanga_BR": 238, "Darjeeling_WB": 239, "Datia_MP": 240, "Dausa_RJ": 241, "Davanagere_KA": 242, "Dehradun_UT": 243, "Delhi_DL": 244, "Deogarh_OR": 245, "Deoghar_JH": 246, "Deoria_UP": 247, "Devbhumi Dwarka_GJ": 248, "Dewas_MP": 249, "Dhalai_TR": 250, "Dhamtari_CT": 251, "Dhanbad_JH": 252, "Dhar_MP": 253, "Dharmapuri_TN": 254, "Dharwad_KA": 255, "Dhenkanal_OR": 256, "Dholpur_RJ": 257, "Dhule_MH": 258, "Dimapur_NL": 259, "Dindigul_TN": 260, "Dindori_MP": 261, "Diu_DN": 262, "Doda_JK": 263, "Dumka_JH": 264, "Dungarpur_RJ": 265, "Durg_CT": 266, "East Champaran_BR": 267, "East Garo Hills_ML": 268, "East Godavari_AP": 269, "East Jaintia Hills_ML": 270, "East Kameng_AR": 271, "East Khasi Hills_ML": 272, "East Siang_AR": 273, "East Singhbhum_JH": 274, "Ernakulam_KL": 275, "Erode_TN": 276, "Etah_UP": 277, "Etawah_UP": 278, "Faridabad_HR": 279, "Faridkot_PB": 280, "Farrukhabad_UP": 281, "Fatehabad_HR": 282, "Fatehgarh Sahib_PB": 283, "Fatehpur_UP": 284, "Fazilka_PB": 285, "Ferozepur_PB": 286, "Firozabad_UP": 287, "Gadag_KA": 288, "Gadchiroli_MH": 289, "Gajapati_OR": 290, "Ganderbal_JK": 291, "Gandhinagar_GJ": 292, "Ganganagar_RJ": 293, "Ganjam_OR": 294, "Garhwa_JH": 295, "Gariaband_CT": 296, "Gautam Buddha Nagar_UP": 297, "Gaya_BR": 298, "Ghaziabad_UP": 299, "Ghazipur_UP": 300, "Gir Somnath_GJ": 301, "Giridih_JH": 302, "Goa_GA": 303, "Godda_JH": 304, "Gomati_TR": 305, "Gonda_UP": 306, "Gondia_MH": 307, "Gopalganj_BR": 308, "Gorakhpur_UP": 309, "Gumla_JH": 310, "Guna_MP": 311, "Guntur_AP": 312, "Gurdaspur_PB": 313, "Gurugram_HR": 314, "Gwalior_MP": 315, "Hamirpur_HP": 316, "Hamirpur_UP": 317, "Hanumangarh_RJ": 318, "Hapur_UP": 319, "Harda_MP": 320, "Hardoi_UP": 321, "Haridwar_UT": 322, "Hassan_KA": 323, "Hathras_UP": 324, "Haveri_KA": 325, "Hazaribagh_JH": 326, "Hingoli_MH": 327, "Hisar_HR": 328, "Hooghly_WB": 329, "Hoshangabad_MP": 330, "Hoshiarpur_PB": 331, "Howrah_WB": 332, "Idukki_KL": 333, "Indore_MP": 334, "Jabalpur_MP": 335, "Jagatsinghpur_OR": 336, "Jaipur_RJ": 337, "Jaisalmer_RJ": 338, "Jajpur_OR": 339, "Jalandhar_PB": 340, "Jalaun_UP": 341, "Jalgaon_MH": 342, "Jalna_MH": 343, "Jalore_RJ": 344, "Jalpaiguri_WB": 345, "Jammu_JK": 346, "Jamnagar_GJ": 347, "Jamtara_JH": 348, "Jamui_BR": 349, "Janjgir Champa_CT": 350, "Jashpur_CT": 351, "Jaunpur_UP": 352, "Jehanabad_BR": 353, "Jhabua_MP": 354, "Jhajjar_HR": 355, "Jhalawar_RJ": 356, "Jhansi_UP": 357, "Jhargram_WB": 358, "Jharsuguda_OR": 359, "Jhunjhunu_RJ": 360, "Jind_HR": 361, "Jodhpur_RJ": 362, "Junagadh_GJ": 363, "Kabeerdham_CT": 364, "Kaimur_BR": 365, "Kaithal_HR": 366, "Kalaburagi_KA": 367, "Kalahandi_OR": 368, "Kalimpong_WB": 369, "Kallakurichi_TN": 370, "Kamle_AR": 371, "Kancheepuram_TN": 372, "Kandhamal_OR": 373, "Kangra_HP": 374, "Kannauj_UP": 375, "Kannur_KL": 376, "Kanpur Dehat_UP": 377, "Kanpur Nagar_UP": 378, "Kanyakumari_TN": 379, "Kapurthala_PB": 380, "Karaikal_PY": 381, "Karauli_RJ": 382, "Kargil_LA": 383, "Karnal_HR": 384, "Karur_TN": 385, "Kasaragod_KL": 386, "Kasganj_UP": 387, "Kathua_JK": 388, "Katihar_BR": 389, "Katni_MP": 390, "Kaushambi_UP": 391, "Kendrapara_OR": 392, "Kendujhar_OR": 393, "Khagaria_BR": 394, "Khandwa_MP": 395, "Khargone_MP": 396, "Kheda_GJ": 397, "Khordha_OR": 398, "Khowai_TR": 399, "Khunti_JH": 400, "Kinnaur_HP": 401, "Kiphire_NL": 402, "Kishanganj_BR": 403, "Kishtwar_JK": 404, "Kodagu_KA": 405, "Koderma_JH": 406, "Kohima_NL": 407, "Kolar_KA": 408, "Kolasib_MZ": 409, "Kolhapur_MH": 410, "Kolkata_WB": 411, "Kollam_KL": 412, "Kondagaon_CT": 413, "Koppal_KA": 414, "Koraput_OR": 415, "Korba_CT": 416, "Koriya_CT": 417, "Kota_RJ": 418, "Kottayam_KL": 419, "Kozhikode_KL": 420, "Kra Daadi_AR": 421, "Krishna_AP": 422, "Krishnagiri_TN": 423, "Kulgam_JK": 424, "Kullu_HP": 425, "Kupwara_JK": 426, "Kurnool_AP": 427, "Kurukshetra_HR": 428, "Kurung Kumey_AR": 429, "Kushinagar_UP": 430, "Kutch_GJ": 431, "Lahaul and Spiti_HP": 432, "Lakhimpur Kheri_UP": 433, "Lakhisarai_BR": 434, "Lalitpur_UP": 435, "Latehar_JH": 436, "Latur_MH": 437, "Lawngtlai_MZ": 438, "Leh_LA": 439, "Lepa Rada_AR": 440, "Lohardaga_JH": 441, "Lohit_AR": 442, "Longding_AR": 443, "Longleng_NL": 444, "Lower Dibang Valley_AR": 445, "Lower Siang_AR": 446, "Lower Subansiri_AR": 447, "Lucknow_UP": 448, "Ludhiana_PB": 449, "Lunglei_MZ": 450, "Madhepura_BR": 451, "Madhubani_BR": 452, "Madurai_TN": 453, "Maharajganj_UP": 454, "Mahasamund_CT": 455, "Mahe_PY": 456, "Mahendragarh_HR": 457, "Mahisagar_GJ": 458, "Mahoba_UP": 459, "Mainpuri_UP": 460, "Malappuram_KL": 461, "Malda_WB": 462, "Malkangiri_OR": 463, "Mamit_MZ": 464, "Mandi_HP": 465, "Mandla_MP": 466, "Mandsaur_MP": 467, "Mandya_KA": 468, "Manipur_MN": 469, "Mansa_PB": 470, "Mathura_UP": 471, "Mau_UP": 472, "Mayurbhanj_OR": 473, "Meerut_UP": 474, "Mehsana_GJ": 475, "Mirzapur_UP": 476, "Moga_PB": 477, "Mokokchung_NL": 478, "Mon_NL": 479, "Moradabad_UP": 480, "Morbi_GJ": 481, "Morena_MP": 482, "Mumbai_MH": 483, "Mungeli_CT": 484, "Munger_BR": 485, "Murshidabad_WB": 486, "Muzaffarnagar_UP": 487, "Muzaffarpur_BR": 488, "Mysuru_KA": 489, "Nabarangapur_OR": 490, "Nadia_WB": 491, "Nagapattinam_TN": 492, "Nagaur_RJ": 493, "Nagpur_MH": 494, "Nainital_UT": 495, "Nalanda_BR": 496, "Namakkal_TN": 497, "Namsai_AR": 498, "Nanded_MH": 499, "Nandurbar_MH": 500, "Narayanpur_CT": 501, "Narmada_GJ": 502, "Narsinghpur_MP": 503, "Nashik_MH": 504, "Navsari_GJ": 505, "Nawada_BR": 506, "Nayagarh_OR": 507, "Neemuch_MP": 508, "Nilgiris_TN": 509, "Niwari_MP": 510, "North 24 Parganas_WB": 511, "North Garo Hills_ML": 512, "North Tripura_TR": 513, "Nuapada_OR": 514, "Nuh_HR": 515, "Osmanabad_MH": 516, "Pakke Kessang_AR": 517, "Pakur_JH": 518, "Palakkad_KL": 519, "Palamu_JH": 520, "Palghar_MH": 521, "Pali_RJ": 522, "Palwal_HR": 523, "Panchkula_HR": 524, "Panchmahal_GJ": 525, "Panipat_HR": 526, "Panna_MP": 527, "Papum Pare_AR": 528, "Parbhani_MH": 529, "Paschim Bardhaman_WB": 530, "Paschim Medinipur_WB": 531, "Patan_GJ": 532, "Pathanamthitta_KL": 533, "Pathankot_PB": 534, "Patiala_PB": 535, "Patna_BR": 536, "Pauri Garhwal_UT": 537, "Perambalur_TN": 538, "Peren_NL": 539, "Phek_NL": 540, "Pilibhit_UP": 541, "Pithoragarh_UT": 542, "Porbandar_GJ": 543, "Prakasam_AP": 544, "Pratapgarh_RJ": 545, "Pratapgarh_UP": 546, "Prayagraj_UP": 547, "Puducherry_PY": 548, "Pudukkottai_TN": 549, "Pulwama_JK": 550, "Punch_JK": 551, "Pune_MH": 552, "Purba Bardhaman_WB": 553, "Purba Medinipur_WB": 554, "Puri_OR": 555, "Purnia_BR": 556, "Purulia_WB": 557, "Rae Bareli_UP": 558, "Raichur_KA": 559, "Raigad_MH": 560, "Raigarh_CT": 561, "Raipur_CT": 562, "Raisen_MP": 563, "Rajgarh_MP": 564, "Rajkot_GJ": 565, "Rajnandgaon_CT": 566, "Rajouri_JK": 567, "Rajsamand_RJ": 568, "Ramanagara_KA": 569, "Ramanathapuram_TN": 570, "Ramban_JK": 571, "Ramgarh_JH": 572, "Rampur_UP": 573, "Ranchi_JH": 574, "Ratlam_MP": 575, "Ratnagiri_MH": 576, "Rayagada_OR": 577, "Reasi_JK": 578, "Rewa_MP": 579, "Rewari_HR": 580, "Ribhoi_ML": 581, "Rohtak_HR": 582, "Rohtas_BR": 583, "Rudraprayag_UT": 584, "Rupnagar_PB": 585, "S.A.S. Nagar_PB": 586, "S.P.S. Nellore_AP": 587, "Sabarkantha_GJ": 588, "Sagar_MP": 589, "Saharanpur_UP": 590, "Saharsa_BR": 591, "Sahibganj_JH": 592, "Saiha_MZ": 593, "Salem_TN": 594, "Samastipur_BR": 595, "Samba_JK": 596, "Sambalpur_OR": 597, "Sambhal_UP": 598, "Sangli_MH": 599, "Sangrur_PB": 600, "Sant Kabir Nagar_UP": 601, "Saraikela-Kharsawan_JH": 602, "Saran_BR": 603, "Satara_MH": 604, "Satna_MP": 605, "Sawai Madhopur_RJ": 606, "Sehore_MP": 607, "Seoni_MP": 608, "Serchhip_MZ": 609, "Shahdol_MP": 610, "Shahid Bhagat Singh Nagar_PB": 611, "Shahjahanpur_UP": 612, "Shajapur_MP": 613, "Shamli_UP": 614, "Sheikhpura_BR": 615, "Sheohar_BR": 616, "Sheopur_MP": 617, "Shi Yomi_AR": 618, "Shimla_HP": 619, "Shivamogga_KA": 620, "Shivpuri_MP": 621, "Shopiyan_JK": 622, "Shrawasti_UP": 623, "Siang_AR": 624, "Siddharthnagar_UP": 625, "Sidhi_MP": 626, "Sikar_RJ": 627, "Sikkim_SK": 628, "Simdega_JH": 629, "Sindhudurg_MH": 630, "Singrauli_MP": 631, "Sipahijala_TR": 632, "Sirmaur_HP": 633, "Sirohi_RJ": 634, "Sirsa_HR": 635, "Sitamarhi_BR": 636, "Sitapur_UP": 637, "Sivaganga_TN": 638, "Siwan_BR": 639, "Solan_HP": 640, "Solapur_MH": 641, "Sonbhadra_UP": 642, "Sonipat_HR": 643, "South 24 Parganas_WB": 644, "South Garo Hills_ML": 645, "South Tripura_TR": 646, "South West Garo Hills_ML": 647, "South West Khasi Hills_ML": 648, "Sri Muktsar Sahib_PB": 649, "Srikakulam_AP": 650, "Srinagar_JK": 651, "Subarnapur_OR": 652, "Sukma_CT": 653, "Sultanpur_UP": 654, "Sundargarh_OR": 655, "Supaul_BR": 656, "Surajpur_CT": 657, "Surat_GJ": 658, "Surendranagar_GJ": 659, "Surguja_CT": 660, "Tapi_GJ": 661, "Tarn Taran_PB": 662, "Tawang_AR": 663, "Tehri Garhwal_UT": 664, "Telangana_TG": 665, "Thane_MH": 666, "Thanjavur_TN": 667, "Theni_TN": 668, "Thiruvallur_TN": 669, "Thiruvananthapuram_KL": 670, "Thiruvarur_TN": 671, "Thoothukkudi_TN": 672, "Thrissur_KL": 673, "Tikamgarh_MP": 674, "Tirap_AR": 675, "Tiruchirappalli_TN": 676, "Tirunelveli_TN": 677, "Tiruppur_TN": 678, "Tiruvannamalai_TN": 679, "Tonk_RJ": 680, "Tuensang_NL": 681, "Tumakuru_KA": 682, "Udaipur_RJ": 683, "Udham Singh Nagar_UT": 684, "Udhampur_JK": 685, "Udupi_KA": 686, "Ujjain_MP": 687, "Umaria_MP": 688, "Una_HP": 689, "Unnao_UP": 690, "Unokoti_TR": 691, "Upper Dibang Valley_AR": 692, "Upper Siang_AR": 693, "Upper Subansiri_AR": 694, "Uttar Bastar Kanker_CT": 695, "Uttar Dinajpur_WB": 696, "Uttara Kannada_KA": 697, "Uttarkashi_UT": 698, "Vadodara_GJ": 699, "Vaishali_BR": 700, "Valsad_GJ": 701, "Varanasi_UP": 702, "Vellore_TN": 703, "Vidisha_MP": 704, "Vijayapura_KA": 705, "Viluppuram_TN": 706, "Virudhunagar_TN": 707, "Visakhapatnam_AP": 708, "Vizianagaram_AP": 709, "Wardha_MH": 710, "Washim_MH": 711, "Wayanad_KL": 712, "West Champaran_BR": 713, "West Garo Hills_ML": 714, "West Godavari_AP": 715, "West Jaintia Hills_ML": 716, "West Kameng_AR": 717, "West Khasi Hills_ML": 718, "West Siang_AR": 719, "West Singhbhum_JH": 720, "West Tripura_TR": 721, "Wokha_NL": 722, "Y.S.R. Kadapa_AP": 723, "Yadgir_KA": 724, "Yamunanagar_HR": 725, "Yavatmal_MH": 726, "Zunheboto_NL": 727}