timeid,method,spot,districtid
2,neighborhood,hot,303
2,neighborhood,hot,469
3,neighborhood,hot,132
3,neighborhood,hot,303
7,neighborhood,hot,102
7,state,hot,102
7,neighborhood,hot,103
7,state,hot,103
7,neighborhood,hot,107
7,neighborhood,hot,109
7,neighborhood,cold,118
7,neighborhood,hot,119
7,state,hot,119
7,neighborhood,cold,120
7,neighborhood,hot,123
7,state,hot,123
7,neighborhood,hot,126
7,neighborhood,hot,127
7,neighborhood,hot,129
7,neighborhood,hot,135
7,neighborhood,hot,141
7,neighborhood,hot,144
7,state,hot,144
7,neighborhood,cold,150
7,neighborhood,hot,153
7,neighborhood,hot,159
7,state,hot,159
7,neighborhood,hot,167
7,state,hot,171
7,state,hot,173
7,neighborhood,cold,174
7,neighborhood,cold,180
7,state,hot,185
7,neighborhood,hot,186
7,state,hot,186
7,neighborhood,cold,200
7,state,hot,203
7,neighborhood,hot,210
7,neighborhood,hot,215
7,state,hot,215
7,neighborhood,hot,234
7,state,hot,243
7,neighborhood,hot,244
7,neighborhood,hot,246
7,neighborhood,hot,250
7,state,hot,250
7,neighborhood,cold,264
7,neighborhood,cold,267
7,neighborhood,cold,276
7,state,hot,279
7,state,hot,287
7,neighborhood,hot,294
7,state,hot,297
7,neighborhood,hot,304
7,neighborhood,hot,308
7,neighborhood,hot,312
7,state,hot,312
7,neighborhood,hot,327
7,neighborhood,hot,331
7,neighborhood,hot,333
7,neighborhood,hot,334
7,state,hot,334
7,neighborhood,hot,335
7,neighborhood,hot,337
7,state,hot,337
7,neighborhood,hot,339
7,state,hot,339
7,neighborhood,hot,348
7,state,hot,355
7,neighborhood,hot,357
7,neighborhood,hot,362
7,state,hot,362
7,state,hot,367
7,neighborhood,hot,376
7,state,hot,376
7,neighborhood,hot,378
7,state,hot,378
7,neighborhood,hot,389
7,neighborhood,cold,405
7,neighborhood,hot,412
7,state,hot,412
7,neighborhood,hot,418
7,neighborhood,hot,419
7,state,hot,419
7,neighborhood,cold,420
7,state,hot,422
7,neighborhood,hot,427
7,state,hot,427
7,neighborhood,cold,430
7,neighborhood,hot,437
7,neighborhood,hot,448
7,neighborhood,hot,449
7,state,hot,449
7,neighborhood,hot,452
7,state,hot,452
7,neighborhood,hot,453
7,state,hot,456
7,neighborhood,hot,461
7,neighborhood,hot,468
7,state,hot,468
7,neighborhood,hot,474
7,neighborhood,hot,480
7,neighborhood,hot,483
7,state,hot,483
7,neighborhood,hot,485
7,state,hot,485
7,neighborhood,hot,494
7,neighborhood,hot,497
7,neighborhood,cold,509
7,neighborhood,cold,523
7,neighborhood,hot,532
7,neighborhood,cold,533
7,neighborhood,hot,535
7,neighborhood,hot,536
7,neighborhood,cold,544
7,neighborhood,hot,547
7,neighborhood,cold,548
7,neighborhood,hot,565
7,state,hot,574
7,neighborhood,hot,583
7,state,hot,583
7,neighborhood,hot,590
7,neighborhood,hot,610
7,neighborhood,cold,611
7,neighborhood,cold,639
7,neighborhood,hot,650
7,state,hot,651
7,neighborhood,hot,655
7,state,hot,657
7,neighborhood,hot,658
7,neighborhood,cold,673
7,state,hot,684
7,neighborhood,hot,699
7,neighborhood,hot,702
7,neighborhood,hot,708
7,neighborhood,cold,710
7,neighborhood,cold,711
7,neighborhood,hot,713
7,neighborhood,cold,715
8,neighborhood,hot,102
8,state,hot,102
8,neighborhood,hot,103
8,state,hot,103
8,neighborhood,hot,107
8,neighborhood,hot,114
8,neighborhood,hot,116
8,state,hot,119
8,neighborhood,hot,123
8,state,hot,123
8,neighborhood,hot,124
8,neighborhood,cold,127
8,state,cold,127
8,neighborhood,cold,131
8,neighborhood,hot,132
8,neighborhood,cold,136
8,neighborhood,hot,138
8,state,hot,138
8,neighborhood,hot,141
8,neighborhood,hot,144
8,neighborhood,cold,146
8,neighborhood,cold,150
8,neighborhood,hot,152
8,neighborhood,hot,153
8,neighborhood,cold,157
8,neighborhood,hot,170
8,state,hot,170
8,neighborhood,hot,173
8,state,hot,173
8,neighborhood,hot,177
8,state,hot,177
8,neighborhood,hot,186
8,state,hot,186
8,neighborhood,hot,193
8,neighborhood,hot,198
8,state,hot,198
8,state,hot,205
8,neighborhood,hot,210
8,neighborhood,hot,215
8,state,hot,215
8,neighborhood,hot,224
8,state,hot,224
8,neighborhood,hot,225
8,neighborhood,hot,226
8,neighborhood,hot,228
8,state,hot,230
8,neighborhood,hot,239
8,neighborhood,hot,242
8,state,hot,242
8,neighborhood,hot,243
8,neighborhood,hot,244
8,neighborhood,hot,250
8,state,hot,250
8,neighborhood,hot,260
8,neighborhood,hot,266
8,state,hot,266
8,neighborhood,hot,267
8,state,hot,272
8,state,hot,287
8,neighborhood,hot,294
8,state,hot,294
8,neighborhood,hot,295
8,state,hot,295
8,state,hot,297
8,neighborhood,cold,298
8,state,cold,298
8,state,hot,299
8,neighborhood,cold,308
8,state,cold,308
8,state,hot,312
8,neighborhood,hot,313
8,state,hot,313
8,state,hot,314
8,neighborhood,hot,315
8,state,hot,332
8,neighborhood,hot,334
8,state,hot,334
8,neighborhood,hot,335
8,neighborhood,hot,337
8,state,hot,337
8,neighborhood,hot,339
8,neighborhood,hot,341
8,neighborhood,cold,345
8,neighborhood,hot,346
8,neighborhood,hot,347
8,state,cold,349
8,neighborhood,cold,360
8,neighborhood,hot,362
8,state,hot,362
8,state,hot,364
8,neighborhood,cold,366
8,state,hot,374
8,neighborhood,hot,378
8,state,hot,378
8,neighborhood,cold,380
8,state,hot,389
8,neighborhood,cold,391
8,neighborhood,hot,406
8,neighborhood,hot,411
8,state,hot,411
8,state,hot,422
8,neighborhood,hot,427
8,state,hot,427
8,neighborhood,cold,434
8,state,cold,434
8,neighborhood,hot,439
8,neighborhood,hot,448
8,state,cold,451
8,neighborhood,hot,452
8,neighborhood,hot,453
8,state,hot,461
8,neighborhood,hot,462
8,neighborhood,cold,472
8,neighborhood,hot,474
8,state,hot,474
8,neighborhood,hot,480
8,neighborhood,hot,483
8,state,hot,483
8,state,hot,485
8,neighborhood,cold,486
8,neighborhood,hot,494
8,neighborhood,hot,497
8,neighborhood,hot,509
8,neighborhood,cold,519
8,neighborhood,cold,523
8,neighborhood,hot,530
8,state,hot,536
8,neighborhood,cold,544
8,neighborhood,hot,547
8,neighborhood,cold,548
8,state,hot,548
8,neighborhood,cold,550
8,neighborhood,cold,568
8,neighborhood,hot,570
8,state,hot,574
8,state,hot,583
8,state,cold,586
8,neighborhood,cold,588
8,state,hot,595
8,neighborhood,hot,600
8,neighborhood,hot,611
8,neighborhood,cold,612
8,state,hot,622
8,neighborhood,hot,625
8,neighborhood,cold,634
8,neighborhood,cold,636
8,state,cold,636
8,neighborhood,cold,638
8,neighborhood,hot,639
8,state,hot,643
8,neighborhood,hot,649
8,neighborhood,hot,651
8,state,hot,651
8,neighborhood,hot,658
8,neighborhood,hot,662
8,state,hot,662
8,neighborhood,hot,665
8,state,hot,666
8,neighborhood,cold,672
8,neighborhood,cold,673
8,neighborhood,hot,677
8,neighborhood,hot,683
8,state,hot,683
8,state,hot,684
8,state,hot,687
8,neighborhood,cold,696
8,neighborhood,hot,697
8,state,hot,697
8,neighborhood,hot,698
8,neighborhood,hot,699
8,neighborhood,cold,700
8,neighborhood,hot,702
8,neighborhood,hot,708
8,neighborhood,cold,710
8,state,hot,712
8,neighborhood,hot,713
9,neighborhood,hot,102
9,state,hot,102
9,neighborhood,hot,103
9,state,hot,103
9,neighborhood,hot,107
9,neighborhood,cold,118
9,neighborhood,hot,119
9,state,hot,123
9,neighborhood,cold,127
9,state,cold,127
9,neighborhood,hot,129
9,neighborhood,hot,132
9,neighborhood,hot,135
9,neighborhood,cold,136
9,neighborhood,cold,137
9,neighborhood,hot,144
9,state,hot,144
9,state,hot,147
9,neighborhood,cold,152
9,neighborhood,hot,155
9,state,hot,155
9,neighborhood,hot,158
9,state,hot,170
9,state,hot,171
9,neighborhood,hot,173
9,state,hot,173
9,neighborhood,cold,175
9,neighborhood,hot,186
9,state,hot,186
9,state,hot,187
9,neighborhood,hot,196
9,neighborhood,cold,197
9,neighborhood,hot,202
9,neighborhood,cold,203
9,state,cold,203
9,neighborhood,hot,210
9,neighborhood,cold,214
9,neighborhood,hot,215
9,state,hot,215
9,neighborhood,cold,220
9,neighborhood,cold,222
9,state,hot,223
9,neighborhood,cold,233
9,neighborhood,hot,234
9,neighborhood,hot,242
9,state,hot,242
9,neighborhood,hot,243
9,state,hot,243
9,neighborhood,hot,244
9,neighborhood,hot,250
9,state,hot,250
9,neighborhood,hot,274
9,state,hot,279
9,neighborhood,hot,280
9,neighborhood,hot,281
9,state,hot,283
9,neighborhood,hot,285
9,neighborhood,cold,293
9,neighborhood,hot,294
9,state,hot,294
9,state,hot,297
9,neighborhood,cold,298
9,state,cold,298
9,state,hot,299
9,neighborhood,hot,300
9,neighborhood,hot,301
9,state,hot,302
9,state,hot,314
9,neighborhood,hot,315
9,neighborhood,cold,317
9,neighborhood,hot,323
9,neighborhood,cold,325
9,neighborhood,hot,326
9,state,hot,326
9,neighborhood,cold,328
9,state,hot,332
9,neighborhood,hot,334
9,state,hot,334
9,neighborhood,hot,335
9,neighborhood,cold,336
9,neighborhood,hot,337
9,state,hot,337
9,neighborhood,hot,339
9,state,hot,339
9,neighborhood,hot,340
9,state,hot,340
9,neighborhood,hot,344
9,neighborhood,hot,346
9,state,hot,350
9,neighborhood,hot,357
9,neighborhood,hot,362
9,state,hot,362
9,state,cold,365
9,state,hot,367
9,neighborhood,hot,374
9,state,hot,374
9,neighborhood,hot,375
9,neighborhood,hot,378
9,neighborhood,hot,385
9,state,hot,386
9,neighborhood,hot,388
9,neighborhood,hot,394
9,state,hot,394
9,neighborhood,cold,405
9,neighborhood,hot,411
9,state,hot,411
9,neighborhood,hot,418
9,neighborhood,hot,424
9,state,hot,424
9,neighborhood,hot,426
9,state,hot,427
9,neighborhood,cold,430
9,neighborhood,cold,434
9,neighborhood,hot,448
9,state,hot,448
9,neighborhood,hot,452
9,state,hot,452
9,neighborhood,hot,453
9,neighborhood,cold,456
9,neighborhood,hot,461
9,state,hot,461
9,neighborhood,hot,462
9,neighborhood,hot,468
9,state,hot,468
9,neighborhood,hot,470
9,neighborhood,cold,472
9,neighborhood,hot,474
9,state,hot,474
9,neighborhood,hot,480
9,neighborhood,cold,481
9,neighborhood,hot,483
9,state,hot,483
9,neighborhood,hot,488
9,neighborhood,cold,489
9,neighborhood,hot,494
9,state,hot,496
9,neighborhood,hot,506
9,state,hot,506
9,neighborhood,hot,508
9,neighborhood,hot,530
9,neighborhood,cold,534
9,neighborhood,hot,536
9,state,hot,536
9,neighborhood,cold,543
9,neighborhood,hot,547
9,state,hot,548
9,neighborhood,cold,549
9,neighborhood,cold,550
9,state,hot,552
9,neighborhood,hot,556
9,state,hot,556
9,neighborhood,hot,565
9,neighborhood,hot,573
9,state,hot,573
9,neighborhood,hot,574
9,state,hot,574
9,neighborhood,hot,583
9,neighborhood,hot,585
9,state,hot,585
9,state,hot,587
9,neighborhood,hot,589
9,neighborhood,hot,590
9,neighborhood,cold,603
9,state,cold,603
9,neighborhood,hot,605
9,neighborhood,cold,611
9,state,cold,616
9,neighborhood,cold,623
9,neighborhood,hot,625
9,state,cold,636
9,neighborhood,cold,637
9,state,hot,643
9,neighborhood,hot,654
9,neighborhood,hot,655
9,neighborhood,hot,658
9,neighborhood,cold,662
9,neighborhood,hot,665
9,state,hot,666
9,neighborhood,cold,671
9,neighborhood,hot,677
9,neighborhood,hot,679
9,neighborhood,hot,683
9,state,hot,683
9,state,hot,684
9,neighborhood,hot,699
9,neighborhood,cold,703
9,neighborhood,cold,706
9,neighborhood,hot,708
9,neighborhood,hot,712
9,state,hot,712
9,neighborhood,hot,713
9,neighborhood,cold,723
10,neighborhood,hot,102
10,neighborhood,hot,103
10,state,hot,103
10,neighborhood,hot,107
10,neighborhood,hot,109
10,state,hot,109
10,neighborhood,cold,111
10,neighborhood,hot,119
10,state,hot,119
10,neighborhood,cold,120
10,neighborhood,hot,123
10,state,hot,123
10,neighborhood,cold,126
10,neighborhood,cold,127
10,state,cold,127
10,neighborhood,cold,130
10,neighborhood,hot,132
10,neighborhood,hot,135
10,state,hot,136
10,neighborhood,hot,139
10,state,hot,147
10,neighborhood,hot,148
10,state,hot,148
10,neighborhood,cold,151
10,neighborhood,cold,152
10,neighborhood,hot,155
10,neighborhood,hot,158
10,state,hot,158
10,neighborhood,hot,167
10,state,hot,167
10,state,hot,170
10,neighborhood,hot,173
10,neighborhood,cold,175
10,state,hot,176
10,neighborhood,hot,182
10,neighborhood,cold,185
10,state,cold,185
10,neighborhood,hot,186
10,state,hot,186
10,neighborhood,hot,191
10,state,hot,191
10,neighborhood,hot,196
10,neighborhood,cold,201
10,neighborhood,cold,206
10,neighborhood,hot,215
10,state,hot,215
10,neighborhood,hot,219
10,state,hot,219
10,neighborhood,cold,221
10,state,hot,223
10,state,hot,229
10,state,hot,230
10,neighborhood,cold,233
10,neighborhood,hot,242
10,neighborhood,hot,243
10,neighborhood,hot,244
10,neighborhood,cold,245
10,neighborhood,hot,250
10,neighborhood,hot,265
10,state,hot,265
10,neighborhood,hot,267
10,neighborhood,hot,274
10,state,hot,274
10,neighborhood,hot,278
10,state,hot,279
10,neighborhood,hot,280
10,neighborhood,hot,288
10,neighborhood,hot,294
10,state,hot,294
10,state,hot,295
10,state,hot,297
10,state,hot,299
10,state,hot,300
10,neighborhood,hot,301
10,neighborhood,cold,306
10,neighborhood,hot,307
10,neighborhood,hot,308
10,neighborhood,hot,310
10,state,hot,314
10,neighborhood,hot,315
10,neighborhood,hot,316
10,state,hot,316
10,neighborhood,cold,325
10,state,hot,326
10,neighborhood,hot,327
10,neighborhood,hot,328
10,state,hot,332
10,state,cold,333
10,neighborhood,hot,334
10,state,hot,334
10,neighborhood,hot,335
10,neighborhood,hot,337
10,state,hot,337
10,neighborhood,hot,339
10,state,hot,339
10,neighborhood,hot,346
10,neighborhood,hot,347
10,neighborhood,cold,351
10,neighborhood,hot,352
10,state,hot,352
10,neighborhood,hot,353
10,state,hot,353
10,state,cold,357
10,neighborhood,hot,362
10,state,hot,362
10,neighborhood,hot,363
10,neighborhood,cold,366
10,neighborhood,hot,368
10,neighborhood,hot,370
10,neighborhood,hot,374
10,state,hot,374
10,neighborhood,hot,376
10,state,hot,376
10,neighborhood,cold,381
10,neighborhood,hot,385
10,neighborhood,hot,388
10,neighborhood,hot,389
10,state,hot,389
10,neighborhood,cold,392
10,neighborhood,hot,394
10,state,hot,394
10,neighborhood,hot,395
10,state,hot,395
10,neighborhood,cold,398
10,neighborhood,cold,399
10,neighborhood,cold,400
10,state,cold,403
10,state,hot,406
10,neighborhood,hot,411
10,state,hot,411
10,neighborhood,cold,415
10,state,hot,416
10,neighborhood,hot,418
10,state,hot,422
10,neighborhood,hot,424
10,state,hot,424
10,neighborhood,hot,426
10,state,hot,426
10,state,hot,427
10,neighborhood,hot,428
10,neighborhood,cold,430
10,state,cold,435
10,neighborhood,cold,441
10,neighborhood,hot,449
10,state,hot,449
10,neighborhood,hot,452
10,state,hot,452
10,neighborhood,hot,453
10,neighborhood,cold,456
10,neighborhood,cold,459
10,state,cold,459
10,neighborhood,hot,461
10,state,hot,461
10,neighborhood,hot,463
10,neighborhood,hot,468
10,state,hot,468
10,neighborhood,hot,474
10,neighborhood,cold,481
10,neighborhood,hot,482
10,neighborhood,hot,483
10,state,hot,483
10,state,hot,484
10,neighborhood,hot,486
10,state,hot,493
10,neighborhood,hot,494
10,neighborhood,hot,495
10,state,hot,495
10,neighborhood,cold,497
10,neighborhood,cold,510
10,neighborhood,hot,519
10,state,hot,519
10,neighborhood,hot,522
10,state,hot,522
10,neighborhood,cold,523
10,neighborhood,hot,526
10,neighborhood,hot,536
10,state,hot,536
10,neighborhood,hot,541
10,neighborhood,cold,542
10,state,hot,548
10,state,hot,555
10,neighborhood,cold,557
10,neighborhood,cold,558
10,state,hot,566
10,neighborhood,hot,573
10,state,hot,573
10,neighborhood,hot,574
10,neighborhood,cold,577
10,neighborhood,hot,583
10,state,hot,583
10,state,hot,587
10,neighborhood,hot,589
10,neighborhood,cold,591
10,neighborhood,cold,592
10,neighborhood,cold,616
10,state,cold,616
10,neighborhood,hot,635
10,neighborhood,hot,640
10,neighborhood,cold,646
10,neighborhood,cold,657
10,neighborhood,hot,658
10,neighborhood,hot,665
10,state,hot,666
10,neighborhood,hot,677
10,neighborhood,hot,686
10,state,hot,687
10,neighborhood,hot,699
10,state,hot,714
10,neighborhood,hot,721
10,state,hot,721
10,neighborhood,cold,723
10,state,hot,724
10,neighborhood,cold,725
11,neighborhood,hot,103
11,state,hot,103
11,neighborhood,hot,107
11,neighborhood,hot,108
11,neighborhood,cold,111
11,neighborhood,hot,116
11,state,hot,116
11,neighborhood,hot,119
11,state,hot,119
11,neighborhood,cold,120
11,neighborhood,hot,122
11,neighborhood,hot,127
11,neighborhood,cold,128
11,neighborhood,cold,130
11,neighborhood,hot,132
11,neighborhood,hot,135
11,state,hot,136
11,neighborhood,hot,137
11,state,hot,137
11,neighborhood,hot,143
11,state,hot,143
11,neighborhood,hot,149
11,neighborhood,cold,153
11,state,cold,153
11,neighborhood,cold,154
11,state,cold,154
11,state,hot,159
11,neighborhood,cold,164
11,neighborhood,hot,167
11,state,hot,167
11,neighborhood,hot,168
11,neighborhood,hot,170
11,state,hot,170
11,neighborhood,hot,173
11,neighborhood,hot,177
11,state,hot,177
11,neighborhood,hot,179
11,neighborhood,cold,184
11,neighborhood,hot,186
11,state,hot,186
11,state,hot,191
11,neighborhood,hot,193
11,state,cold,196
11,neighborhood,cold,197
11,neighborhood,cold,198
11,neighborhood,cold,199
11,neighborhood,cold,203
11,state,cold,203
11,neighborhood,cold,209
11,neighborhood,hot,210
11,state,hot,212
11,neighborhood,cold,214
11,neighborhood,hot,215
11,state,hot,215
11,state,hot,229
11,neighborhood,cold,233
11,neighborhood,hot,242
11,neighborhood,hot,243
11,state,hot,243
11,neighborhood,hot,244
11,neighborhood,hot,245
11,neighborhood,hot,247
11,neighborhood,cold,248
11,neighborhood,hot,252
11,state,hot,259
11,neighborhood,cold,263
11,state,cold,263
11,neighborhood,cold,266
11,neighborhood,hot,267
11,neighborhood,cold,268
11,state,hot,269
11,neighborhood,hot,272
11,state,hot,272
11,neighborhood,hot,274
11,state,hot,274
11,state,hot,279
11,neighborhood,cold,283
11,neighborhood,hot,287
11,state,hot,287
11,neighborhood,cold,288
11,state,cold,291
11,neighborhood,hot,294
11,state,hot,294
11,state,hot,297
11,state,hot,299
11,neighborhood,cold,302
11,neighborhood,hot,305
11,state,hot,305
11,neighborhood,hot,307
11,state,hot,314
11,neighborhood,hot,315
11,neighborhood,hot,316
11,state,hot,316
11,state,cold,317
11,state,hot,319
11,neighborhood,cold,320
11,neighborhood,hot,323
11,neighborhood,cold,324
11,neighborhood,hot,326
11,state,hot,326
11,neighborhood,hot,327
11,neighborhood,hot,328
11,neighborhood,cold,330
11,state,hot,332
11,neighborhood,hot,334
11,state,hot,334
11,neighborhood,hot,335
11,neighborhood,hot,337
11,state,hot,337
11,neighborhood,hot,340
11,state,hot,340
11,neighborhood,cold,341
11,state,cold,341
11,neighborhood,hot,342
11,neighborhood,hot,346
11,state,cold,349
11,neighborhood,hot,351
11,neighborhood,hot,352
11,state,hot,352
11,neighborhood,hot,356
11,state,hot,356
11,neighborhood,cold,361
11,neighborhood,hot,362
11,state,hot,362
11,state,hot,367
11,neighborhood,hot,370
11,neighborhood,hot,374
11,state,hot,374
11,neighborhood,hot,376
11,state,hot,376
11,neighborhood,hot,378
11,neighborhood,cold,379
11,neighborhood,cold,381
11,neighborhood,hot,384
11,state,hot,386
11,neighborhood,cold,387
11,state,cold,387
11,state,hot,389
11,neighborhood,cold,390
11,neighborhood,cold,391
11,neighborhood,hot,398
11,state,hot,398
11,state,cold,404
11,neighborhood,cold,405
11,state,hot,407
11,neighborhood,hot,411
11,state,hot,411
11,neighborhood,hot,417
11,state,hot,417
11,neighborhood,hot,424
11,state,hot,424
11,state,hot,426
11,neighborhood,cold,430
11,state,cold,430
11,neighborhood,cold,434
11,state,cold,434
11,state,cold,435
11,neighborhood,hot,437
11,neighborhood,cold,441
11,neighborhood,hot,448
11,state,hot,448
11,neighborhood,hot,452
11,state,hot,452
11,neighborhood,hot,453
11,neighborhood,cold,456
11,neighborhood,hot,458
11,neighborhood,cold,470
11,neighborhood,cold,472
11,neighborhood,hot,474
11,state,hot,474
11,neighborhood,hot,480
11,state,hot,480
11,neighborhood,cold,481
11,neighborhood,hot,482
11,neighborhood,hot,483
11,state,hot,483
11,neighborhood,hot,484
11,state,hot,484
11,state,hot,493
11,neighborhood,hot,494
11,neighborhood,hot,495
11,state,hot,495
11,neighborhood,hot,508
11,state,hot,508
11,neighborhood,cold,510
11,state,hot,511
11,neighborhood,hot,519
11,state,hot,519
11,state,hot,522
11,state,hot,528
11,state,hot,534
11,neighborhood,cold,538
11,state,hot,548
11,neighborhood,cold,549
11,neighborhood,cold,555
11,neighborhood,hot,565
11,neighborhood,cold,577
11,state,cold,577
11,neighborhood,cold,578
11,neighborhood,hot,583
11,state,hot,583
11,neighborhood,cold,585
11,neighborhood,hot,589
11,neighborhood,cold,592
11,neighborhood,hot,594
11,neighborhood,cold,595
11,neighborhood,cold,596
11,neighborhood,cold,601
11,neighborhood,cold,612
11,state,cold,612
11,neighborhood,cold,614
11,neighborhood,hot,615
11,neighborhood,cold,616
11,state,cold,616
11,neighborhood,cold,623
11,state,cold,623
11,neighborhood,cold,629
11,neighborhood,cold,637
11,state,cold,637
11,neighborhood,cold,638
11,neighborhood,cold,644
11,neighborhood,cold,646
11,neighborhood,hot,651
11,state,hot,651
11,neighborhood,cold,654
11,neighborhood,cold,656
11,neighborhood,hot,658
11,neighborhood,hot,665
11,state,hot,666
11,neighborhood,hot,671
11,neighborhood,hot,677
11,neighborhood,hot,679
11,neighborhood,hot,681
11,neighborhood,hot,686
11,state,hot,686
11,state,hot,687
11,neighborhood,cold,691
11,state,cold,691
11,neighborhood,hot,696
11,neighborhood,hot,699
11,neighborhood,hot,702
11,neighborhood,cold,703
11,state,cold,712
11,state,cold,713
11,neighborhood,cold,723
11,state,hot,724
11,neighborhood,cold,725
12,neighborhood,cold,101
12,neighborhood,hot,103
12,state,hot,103
12,state,hot,105
12,neighborhood,hot,107
12,neighborhood,cold,111
12,neighborhood,hot,114
12,neighborhood,cold,115
12,neighborhood,hot,116
12,neighborhood,hot,119
12,state,hot,119
12,neighborhood,cold,120
12,neighborhood,hot,122
12,neighborhood,cold,127
12,neighborhood,cold,130
12,state,cold,130
12,neighborhood,hot,132
12,neighborhood,hot,135
12,neighborhood,cold,139
12,neighborhood,hot,143
12,neighborhood,cold,146
12,neighborhood,hot,147
12,neighborhood,hot,148
12,state,hot,148
12,neighborhood,cold,150
12,neighborhood,hot,159
12,state,hot,159
12,neighborhood,hot,167
12,state,hot,170
12,neighborhood,hot,173
12,neighborhood,hot,177
12,state,hot,177
12,neighborhood,hot,179
12,state,hot,179
12,neighborhood,hot,186
12,state,hot,186
12,state,hot,191
12,neighborhood,cold,192
12,neighborhood,hot,193
12,neighborhood,cold,194
12,neighborhood,cold,196
12,neighborhood,cold,197
12,neighborhood,cold,201
12,neighborhood,cold,203
12,state,cold,203
12,neighborhood,hot,210
12,state,hot,212
12,neighborhood,cold,214
12,neighborhood,hot,215
12,state,hot,215
12,neighborhood,hot,222
12,state,hot,230
12,neighborhood,cold,233
12,neighborhood,hot,238
12,neighborhood,hot,239
12,neighborhood,hot,242
12,neighborhood,hot,243
12,state,hot,243
12,neighborhood,hot,244
12,neighborhood,hot,247
12,state,cold,259
12,neighborhood,hot,267
12,state,hot,269
12,neighborhood,hot,272
12,state,hot,272
12,neighborhood,hot,274
12,state,hot,274
12,neighborhood,cold,285
12,neighborhood,hot,287
12,neighborhood,cold,291
12,state,cold,291
12,neighborhood,hot,294
12,state,hot,294
12,state,hot,297
12,state,hot,299
12,state,hot,314
12,neighborhood,hot,315
12,neighborhood,cold,318
12,neighborhood,cold,320
12,neighborhood,cold,324
12,neighborhood,hot,326
12,state,hot,326
12,neighborhood,hot,327
12,state,hot,329
12,neighborhood,cold,330
12,state,hot,332
12,state,cold,333
12,neighborhood,hot,334
12,state,hot,334
12,neighborhood,hot,335
12,neighborhood,hot,337
12,state,hot,337
12,state,hot,340
12,neighborhood,hot,342
12,neighborhood,hot,346
12,state,hot,350
12,neighborhood,hot,351
12,state,hot,351
12,neighborhood,hot,352
12,state,hot,352
12,neighborhood,hot,356
12,neighborhood,cold,358
12,neighborhood,cold,359
12,neighborhood,cold,360
12,neighborhood,hot,362
12,state,hot,362
12,state,hot,367
12,neighborhood,hot,374
12,state,hot,374
12,neighborhood,hot,378
12,state,hot,378
12,neighborhood,cold,379
12,neighborhood,cold,381
12,neighborhood,hot,384
12,neighborhood,hot,386
12,neighborhood,cold,391
12,neighborhood,hot,392
12,state,hot,392
12,neighborhood,cold,393
12,neighborhood,hot,394
12,state,hot,394
12,state,hot,398
12,state,cold,404
12,neighborhood,cold,405
12,neighborhood,hot,411
12,state,hot,411
12,neighborhood,hot,412
12,neighborhood,hot,416
12,state,hot,416
12,neighborhood,hot,418
12,neighborhood,cold,432
12,state,cold,432
12,neighborhood,cold,441
12,neighborhood,hot,448
12,state,hot,448
12,neighborhood,hot,449
12,state,hot,449
12,neighborhood,hot,453
12,state,hot,455
12,neighborhood,cold,458
12,neighborhood,cold,459
12,neighborhood,hot,461
12,state,hot,461
12,neighborhood,hot,462
12,neighborhood,cold,467
12,neighborhood,hot,468
12,neighborhood,hot,474
12,state,hot,474
12,neighborhood,cold,481
12,neighborhood,hot,483
12,state,hot,483
12,neighborhood,cold,490
12,neighborhood,hot,494
12,neighborhood,hot,495
12,state,hot,495
12,neighborhood,cold,496
12,neighborhood,hot,506
12,neighborhood,hot,508
12,state,hot,508
12,neighborhood,cold,510
12,state,hot,511
12,neighborhood,hot,514
12,neighborhood,hot,519
12,state,hot,519
12,neighborhood,cold,524
12,neighborhood,cold,530
12,neighborhood,cold,535
12,neighborhood,cold,538
12,state,hot,539
12,neighborhood,cold,541
12,state,cold,544
12,neighborhood,hot,548
12,state,hot,548
12,neighborhood,cold,555
12,state,hot,556
12,neighborhood,hot,565
12,neighborhood,hot,566
12,state,hot,572
12,neighborhood,cold,578
12,state,cold,578
12,neighborhood,hot,582
12,neighborhood,hot,583
12,neighborhood,hot,589
12,neighborhood,cold,591
12,neighborhood,hot,594
12,neighborhood,cold,596
12,neighborhood,cold,611
12,neighborhood,cold,614
12,neighborhood,cold,616
12,neighborhood,hot,622
12,state,hot,622
12,neighborhood,cold,624
12,neighborhood,hot,629
12,state,hot,629
12,neighborhood,hot,632
12,state,hot,632
12,neighborhood,hot,635
12,neighborhood,cold,636
12,neighborhood,cold,637
12,neighborhood,cold,638
12,neighborhood,cold,644
12,state,cold,650
12,neighborhood,hot,651
12,neighborhood,hot,656
12,state,hot,656
12,neighborhood,hot,658
12,state,hot,658
12,neighborhood,hot,665
12,state,hot,666
12,neighborhood,cold,668
12,neighborhood,hot,672
12,neighborhood,cold,678
12,neighborhood,hot,679
12,neighborhood,hot,686
12,state,hot,686
12,neighborhood,cold,689
12,neighborhood,hot,691
12,neighborhood,hot,693
12,neighborhood,hot,699
12,neighborhood,cold,700
12,neighborhood,cold,706
12,state,cold,708
12,neighborhood,hot,709
12,state,cold,709
12,neighborhood,cold,711
12,state,cold,712
12,neighborhood,cold,713
12,state,hot,714
12,state,hot,715
12,state,hot,724
13,neighborhood,cold,101
13,neighborhood,hot,103
13,state,hot,103
13,neighborhood,hot,107
13,neighborhood,hot,108
13,neighborhood,cold,111
13,neighborhood,cold,112
13,state,hot,113
13,neighborhood,hot,114
13,neighborhood,hot,119
13,state,hot,119
13,neighborhood,cold,120
13,neighborhood,hot,122
13,state,hot,122
13,neighborhood,cold,127
13,neighborhood,cold,130
13,neighborhood,hot,131
13,neighborhood,hot,132
13,neighborhood,cold,133
13,neighborhood,hot,135
13,neighborhood,hot,139
13,neighborhood,hot,145
13,neighborhood,cold,147
13,neighborhood,cold,150
13,neighborhood,cold,151
13,neighborhood,hot,159
13,state,hot,159
13,neighborhood,hot,161
13,neighborhood,cold,162
13,neighborhood,hot,173
13,state,hot,173
13,neighborhood,hot,177
13,state,hot,177
13,neighborhood,hot,179
13,state,hot,179
13,neighborhood,hot,186
13,state,hot,186
13,state,hot,187
13,state,hot,191
13,neighborhood,hot,193
13,neighborhood,cold,194
13,neighborhood,cold,196
13,neighborhood,cold,197
13,state,hot,199
13,neighborhood,cold,201
13,neighborhood,cold,204
13,neighborhood,hot,210
13,state,hot,212
13,neighborhood,hot,214
13,neighborhood,hot,215
13,state,hot,215
13,neighborhood,cold,220
13,neighborhood,hot,229
13,state,hot,229
13,state,hot,230
13,neighborhood,hot,232
13,neighborhood,hot,234
13,neighborhood,cold,238
13,state,hot,243
13,neighborhood,hot,244
13,neighborhood,hot,252
13,neighborhood,hot,255
13,state,hot,259
13,neighborhood,cold,264
13,neighborhood,cold,267
13,state,cold,267
13,neighborhood,hot,272
13,state,hot,272
13,state,hot,273
13,neighborhood,hot,274
13,state,hot,274
13,neighborhood,cold,276
13,state,hot,279
13,neighborhood,hot,280
13,neighborhood,cold,291
13,neighborhood,hot,293
13,neighborhood,hot,294
13,state,hot,294
13,state,hot,297
13,state,hot,299
13,neighborhood,cold,307
13,neighborhood,hot,309
13,state,hot,314
13,neighborhood,hot,315
13,neighborhood,cold,318
13,neighborhood,hot,322
13,state,hot,322
13,neighborhood,cold,325
13,neighborhood,cold,330
13,neighborhood,cold,331
13,state,cold,333
13,neighborhood,hot,334
13,state,hot,334
13,neighborhood,hot,335
13,neighborhood,hot,337
13,state,hot,337
13,neighborhood,hot,341
13,neighborhood,hot,342
13,neighborhood,hot,345
13,neighborhood,hot,346
13,state,cold,349
13,state,hot,350
13,neighborhood,hot,352
13,state,hot,352
13,neighborhood,cold,353
13,state,cold,353
13,neighborhood,hot,362
13,state,hot,362
13,neighborhood,hot,364
13,state,hot,364
13,neighborhood,cold,366
13,state,hot,367
13,neighborhood,cold,369
13,neighborhood,hot,374
13,state,hot,374
13,neighborhood,hot,378
13,state,hot,378
13,neighborhood,cold,381
13,neighborhood,hot,383
13,neighborhood,hot,384
13,neighborhood,hot,388
13,neighborhood,cold,391
13,neighborhood,cold,394
13,state,hot,398
13,neighborhood,cold,402
13,neighborhood,cold,405
13,neighborhood,hot,406
13,state,hot,406
13,neighborhood,hot,411
13,state,hot,411
13,neighborhood,hot,416
13,state,hot,416
13,neighborhood,hot,418
13,state,hot,422
13,neighborhood,hot,424
13,state,hot,424
13,state,hot,427
13,neighborhood,cold,430
13,neighborhood,cold,434
13,state,cold,434
13,neighborhood,cold,435
13,neighborhood,hot,448
13,state,hot,448
13,neighborhood,hot,449
13,state,hot,449
13,neighborhood,hot,450
13,state,hot,450
13,neighborhood,hot,452
13,state,hot,452
13,neighborhood,hot,453
13,neighborhood,cold,456
13,neighborhood,cold,458
13,neighborhood,hot,461
13,state,hot,461
13,neighborhood,hot,462
13,neighborhood,cold,467
13,neighborhood,cold,470
13,neighborhood,cold,472
13,state,hot,474
13,neighborhood,cold,481
13,neighborhood,hot,483
13,state,hot,483
13,neighborhood,hot,485
13,state,hot,485
13,neighborhood,hot,488
13,state,hot,488
13,neighborhood,hot,494
13,neighborhood,hot,506
13,neighborhood,hot,508
13,state,hot,511
13,neighborhood,cold,520
13,neighborhood,cold,529
13,neighborhood,hot,534
13,neighborhood,hot,536
13,neighborhood,cold,538
13,neighborhood,cold,543
13,state,cold,544
13,neighborhood,hot,548
13,state,hot,548
13,neighborhood,cold,549
13,state,hot,552
13,neighborhood,cold,553
13,neighborhood,cold,555
13,neighborhood,hot,556
13,state,hot,556
13,neighborhood,hot,562
13,state,hot,562
13,neighborhood,hot,565
13,neighborhood,hot,572
13,neighborhood,hot,573
13,neighborhood,hot,575
13,neighborhood,cold,577
13,neighborhood,hot,582
13,neighborhood,hot,583
13,neighborhood,hot,589
13,neighborhood,cold,592
13,neighborhood,cold,614
13,state,cold,615
13,state,hot,622
13,neighborhood,hot,629
13,state,hot,629
13,neighborhood,cold,631
13,neighborhood,hot,632
13,state,hot,632
13,neighborhood,hot,635
13,neighborhood,cold,637
13,neighborhood,hot,639
13,state,hot,639
13,state,cold,650
13,state,hot,651
13,neighborhood,hot,658
13,neighborhood,hot,664
13,state,hot,664
13,neighborhood,hot,665
13,state,hot,666
13,neighborhood,cold,670
13,neighborhood,hot,671
13,neighborhood,hot,672
13,neighborhood,hot,673
13,state,hot,673
13,neighborhood,hot,679
13,neighborhood,hot,681
13,neighborhood,hot,686
13,state,hot,689
13,neighborhood,hot,691
13,neighborhood,cold,696
13,neighborhood,hot,699
13,neighborhood,cold,700
13,neighborhood,hot,708
13,state,cold,709
13,state,cold,712
13,neighborhood,hot,713
13,state,hot,716
13,state,hot,724
14,neighborhood,cold,101
14,neighborhood,hot,103
14,state,hot,103
14,neighborhood,hot,107
14,neighborhood,cold,108
14,neighborhood,hot,112
14,neighborhood,hot,114
14,neighborhood,cold,115
14,neighborhood,hot,119
14,state,hot,119
14,neighborhood,cold,120
14,neighborhood,hot,122
14,state,hot,122
14,state,hot,123
14,neighborhood,cold,125
14,neighborhood,hot,132
14,neighborhood,hot,134
14,neighborhood,hot,135
14,neighborhood,cold,137
14,neighborhood,hot,144
14,state,hot,145
14,neighborhood,cold,146
14,neighborhood,hot,148
14,state,hot,148
14,neighborhood,hot,149
14,state,hot,149
14,neighborhood,cold,150
14,neighborhood,cold,151
14,neighborhood,hot,155
14,neighborhood,hot,162
14,neighborhood,hot,167
14,neighborhood,hot,173
14,state,hot,173
14,neighborhood,hot,179
14,state,hot,179
14,neighborhood,hot,184
14,neighborhood,cold,185
14,state,cold,185
14,neighborhood,hot,186
14,state,hot,186
14,neighborhood,hot,193
14,state,hot,199
14,neighborhood,cold,201
14,neighborhood,cold,207
14,state,cold,207
14,state,hot,212
14,neighborhood,cold,213
14,neighborhood,hot,215
14,state,hot,215
14,neighborhood,hot,226
14,neighborhood,hot,228
14,neighborhood,hot,229
14,neighborhood,hot,234
14,neighborhood,cold,236
14,neighborhood,hot,238
14,state,hot,238
14,neighborhood,hot,239
14,neighborhood,cold,240
14,neighborhood,hot,243
14,state,hot,243
14,neighborhood,hot,244
14,neighborhood,cold,245
14,neighborhood,hot,255
14,neighborhood,cold,256
14,state,hot,257
14,state,cold,259
14,state,cold,262
14,neighborhood,hot,274
14,state,hot,274
14,neighborhood,cold,277
14,state,hot,279
14,neighborhood,cold,285
14,state,hot,290
14,neighborhood,cold,291
14,state,cold,291
14,neighborhood,hot,294
14,state,hot,294
14,state,hot,297
14,neighborhood,hot,298
14,state,hot,299
14,neighborhood,hot,300
14,neighborhood,cold,301
14,state,hot,308
14,neighborhood,hot,309
14,state,hot,314
14,neighborhood,hot,315
14,neighborhood,hot,316
14,state,hot,316
14,state,hot,319
14,state,hot,332
14,neighborhood,cold,333
14,state,cold,333
14,neighborhood,hot,334
14,state,hot,334
14,neighborhood,hot,335
14,neighborhood,hot,337
14,state,hot,337
14,neighborhood,cold,338
14,neighborhood,hot,340
14,state,hot,340
14,neighborhood,hot,347
14,state,cold,349
14,neighborhood,hot,350
14,state,hot,350
14,neighborhood,hot,352
14,neighborhood,cold,358
14,neighborhood,hot,362
14,state,hot,362
14,state,cold,365
14,neighborhood,cold,366
14,state,hot,367
14,state,hot,373
14,neighborhood,hot,374
14,state,hot,374
14,neighborhood,hot,376
14,neighborhood,hot,378
14,state,hot,378
14,neighborhood,cold,381
14,neighborhood,hot,383
14,neighborhood,hot,384
14,neighborhood,cold,387
14,neighborhood,cold,394
14,state,cold,394
14,state,hot,398
14,state,cold,403
14,state,cold,404
14,neighborhood,cold,405
14,state,cold,409
14,neighborhood,hot,411
14,state,hot,411
14,state,hot,412
14,neighborhood,hot,416
14,state,hot,416
14,state,hot,422
14,state,hot,427
14,neighborhood,hot,448
14,state,hot,448
14,neighborhood,hot,449
14,state,hot,449
14,neighborhood,cold,450
14,state,cold,451
14,neighborhood,hot,453
14,neighborhood,cold,455
14,neighborhood,cold,456
14,neighborhood,hot,461
14,neighborhood,hot,462
14,state,hot,464
14,neighborhood,cold,465
14,state,hot,474
14,state,hot,479
14,neighborhood,hot,480
14,neighborhood,cold,481
14,neighborhood,hot,483
14,state,hot,483
14,state,hot,488
14,neighborhood,hot,494
14,neighborhood,cold,497
14,neighborhood,hot,501
14,neighborhood,cold,507
14,neighborhood,hot,508
14,state,hot,511
14,state,hot,519
14,neighborhood,cold,520
14,neighborhood,hot,522
14,state,hot,522
14,state,hot,528
14,neighborhood,cold,529
14,neighborhood,hot,532
14,neighborhood,hot,536
14,state,hot,536
14,neighborhood,cold,538
14,state,hot,539
14,neighborhood,cold,541
14,neighborhood,cold,543
14,neighborhood,cold,545
14,state,hot,548
14,neighborhood,cold,549
14,state,hot,550
14,neighborhood,cold,551
14,state,cold,551
14,state,hot,552
14,neighborhood,hot,562
14,state,hot,562
14,neighborhood,hot,565
14,neighborhood,hot,566
14,state,hot,566
14,neighborhood,hot,570
14,neighborhood,hot,574
14,neighborhood,hot,575
14,state,cold,581
14,neighborhood,cold,588
14,neighborhood,hot,589
14,neighborhood,hot,594
14,state,hot,595
14,neighborhood,cold,614
14,state,cold,615
14,neighborhood,hot,622
14,state,hot,622
14,neighborhood,cold,626
14,neighborhood,hot,629
14,state,hot,629
14,neighborhood,hot,632
14,state,hot,632
14,neighborhood,cold,633
14,neighborhood,hot,639
14,state,hot,639
14,state,hot,640
14,neighborhood,cold,642
14,state,cold,650
14,neighborhood,hot,651
14,state,hot,651
14,neighborhood,hot,658
14,state,hot,658
14,state,hot,664
14,neighborhood,hot,665
14,neighborhood,hot,666
14,state,hot,666
14,neighborhood,cold,670
14,neighborhood,cold,673
14,neighborhood,hot,677
14,neighborhood,hot,679
14,neighborhood,hot,685
14,neighborhood,hot,691
14,neighborhood,hot,699
14,neighborhood,cold,700
14,neighborhood,cold,707
14,state,cold,709
14,state,cold,712
14,state,hot,717
14,state,hot,721
15,neighborhood,cold,101
15,neighborhood,hot,103
15,state,hot,103
15,state,hot,105
15,neighborhood,hot,107
15,neighborhood,hot,108
15,neighborhood,cold,115
15,neighborhood,hot,119
15,state,hot,119
15,neighborhood,cold,120
15,neighborhood,hot,122
15,state,hot,122
15,neighborhood,cold,127
15,neighborhood,cold,129
15,neighborhood,hot,132
15,neighborhood,hot,134
15,neighborhood,hot,135
15,neighborhood,hot,136
15,neighborhood,cold,141
15,neighborhood,hot,144
15,neighborhood,cold,152
15,neighborhood,cold,154
15,neighborhood,hot,159
15,state,hot,159
15,neighborhood,hot,173
15,state,hot,173
15,neighborhood,cold,175
15,neighborhood,hot,177
15,state,hot,177
15,neighborhood,hot,179
15,state,hot,179
15,neighborhood,hot,184
15,neighborhood,hot,186
15,state,hot,186
15,neighborhood,cold,196
15,neighborhood,cold,207
15,state,cold,207
15,state,hot,212
15,neighborhood,cold,213
15,neighborhood,hot,215
15,state,hot,215
15,neighborhood,hot,226
15,neighborhood,hot,228
15,state,hot,229
15,neighborhood,hot,234
15,neighborhood,hot,239
15,neighborhood,cold,240
15,neighborhood,hot,243
15,neighborhood,hot,244
15,neighborhood,cold,245
15,neighborhood,hot,246
15,state,hot,246
15,neighborhood,hot,255
15,neighborhood,hot,257
15,state,hot,257
15,state,cold,262
15,state,hot,269
15,neighborhood,hot,272
15,neighborhood,hot,274
15,state,hot,274
15,neighborhood,hot,278
15,state,hot,279
15,neighborhood,cold,280
15,state,hot,290
15,neighborhood,hot,294
15,state,hot,294
15,state,hot,297
15,state,hot,299
15,state,hot,302
15,neighborhood,hot,309
15,state,hot,314
15,neighborhood,hot,316
15,state,hot,316
15,neighborhood,hot,326
15,neighborhood,cold,327
15,neighborhood,cold,330
15,state,hot,332
15,neighborhood,cold,333
15,state,cold,333
15,neighborhood,hot,334
15,state,hot,334
15,neighborhood,hot,335
15,neighborhood,hot,337
15,state,hot,337
15,neighborhood,cold,338
15,state,hot,340
15,neighborhood,hot,347
15,neighborhood,cold,348
15,neighborhood,hot,351
15,state,hot,351
15,neighborhood,hot,357
15,neighborhood,cold,358
15,neighborhood,hot,359
15,neighborhood,hot,362
15,state,hot,362
15,neighborhood,hot,374
15,state,hot,374
15,neighborhood,hot,376
15,neighborhood,hot,378
15,neighborhood,hot,379
15,neighborhood,cold,381
15,neighborhood,hot,383
15,neighborhood,hot,384
15,neighborhood,cold,387
15,neighborhood,cold,393
15,neighborhood,cold,394
15,state,cold,394
15,neighborhood,hot,398
15,state,hot,398
15,neighborhood,cold,402
15,neighborhood,cold,406
15,neighborhood,hot,411
15,state,hot,411
15,neighborhood,hot,416
15,state,hot,416
15,neighborhood,hot,418
15,neighborhood,hot,424
15,state,hot,427
15,neighborhood,cold,428
15,neighborhood,cold,436
15,neighborhood,hot,437
15,neighborhood,hot,440
15,neighborhood,hot,448
15,state,hot,448
15,neighborhood,hot,449
15,state,hot,449
15,neighborhood,hot,452
15,state,hot,452
15,neighborhood,hot,453
15,neighborhood,cold,456
15,state,hot,461
15,neighborhood,hot,462
15,state,hot,474
15,neighborhood,cold,481
15,state,hot,482
15,neighborhood,hot,483
15,state,hot,483
15,neighborhood,hot,488
15,state,hot,488
15,neighborhood,hot,489
15,neighborhood,hot,490
15,neighborhood,cold,492
15,neighborhood,hot,494
15,neighborhood,hot,495
15,state,hot,495
15,neighborhood,cold,497
15,state,hot,498
15,neighborhood,hot,506
15,neighborhood,hot,508
15,state,hot,511
15,state,cold,513
15,neighborhood,cold,514
15,state,hot,519
15,state,hot,528
15,neighborhood,cold,529
15,neighborhood,hot,536
15,state,hot,536
15,neighborhood,cold,538
15,state,hot,539
15,neighborhood,cold,541
15,neighborhood,cold,542
15,state,cold,542
15,neighborhood,cold,543
15,state,cold,544
15,neighborhood,cold,545
15,neighborhood,hot,547
15,state,hot,548
15,neighborhood,cold,549
15,state,hot,552
15,neighborhood,cold,555
15,neighborhood,cold,557
15,neighborhood,hot,562
15,state,hot,562
15,neighborhood,hot,565
15,neighborhood,hot,566
15,state,hot,566
15,neighborhood,hot,570
15,neighborhood,cold,573
15,neighborhood,cold,584
15,neighborhood,hot,589
15,neighborhood,hot,594
15,state,hot,595
15,neighborhood,cold,596
15,neighborhood,hot,600
15,state,hot,600
15,neighborhood,cold,603
15,neighborhood,hot,610
15,neighborhood,cold,615
15,neighborhood,hot,622
15,state,hot,629
15,neighborhood,cold,633
15,neighborhood,cold,636
15,neighborhood,hot,639
15,state,hot,639
15,neighborhood,hot,646
15,state,hot,646
15,state,hot,647
15,neighborhood,hot,649
15,neighborhood,cold,650
15,state,cold,650
15,neighborhood,hot,651
15,state,hot,651
15,neighborhood,hot,658
15,state,hot,658
15,neighborhood,cold,660
15,neighborhood,hot,665
15,neighborhood,hot,666
15,state,hot,666
15,neighborhood,cold,670
15,neighborhood,hot,679
15,neighborhood,hot,684
15,state,hot,684
15,neighborhood,hot,685
15,neighborhood,cold,691
15,state,cold,691
15,neighborhood,hot,699
15,neighborhood,cold,700
15,neighborhood,hot,702
15,state,cold,709
15,neighborhood,cold,710
15,neighborhood,cold,712
15,state,cold,712
15,neighborhood,hot,719
15,neighborhood,cold,720
16,neighborhood,cold,101
16,neighborhood,hot,103
16,state,hot,103
16,neighborhood,hot,107
16,neighborhood,hot,108
16,state,hot,113
16,neighborhood,cold,115
16,neighborhood,hot,119
16,neighborhood,cold,120
16,neighborhood,hot,122
16,state,hot,122
16,neighborhood,cold,127
16,neighborhood,cold,129
16,neighborhood,hot,132
16,neighborhood,cold,133
16,neighborhood,hot,134
16,neighborhood,hot,135
16,neighborhood,hot,143
16,neighborhood,hot,149
16,neighborhood,hot,159
16,state,hot,159
16,neighborhood,hot,161
16,neighborhood,hot,162
16,neighborhood,hot,173
16,state,hot,173
16,neighborhood,cold,176
16,neighborhood,hot,177
16,neighborhood,hot,179
16,state,hot,179
16,neighborhood,hot,186
16,state,hot,186
16,state,hot,190
16,neighborhood,hot,191
16,state,hot,191
16,neighborhood,cold,192
16,neighborhood,cold,196
16,neighborhood,cold,197
16,neighborhood,cold,203
16,neighborhood,cold,205
16,neighborhood,cold,213
16,neighborhood,hot,215
16,state,hot,215
16,neighborhood,cold,224
16,neighborhood,hot,226
16,neighborhood,hot,229
16,neighborhood,hot,232
16,neighborhood,hot,234
16,neighborhood,hot,239
16,neighborhood,hot,243
16,state,hot,243
16,neighborhood,hot,244
16,neighborhood,cold,247
16,neighborhood,hot,252
16,state,hot,252
16,neighborhood,hot,255
16,neighborhood,cold,256
16,state,cold,262
16,neighborhood,hot,272
16,state,hot,272
16,neighborhood,hot,274
16,state,hot,274
16,neighborhood,cold,277
16,neighborhood,hot,278
16,state,hot,279
16,neighborhood,hot,281
16,neighborhood,hot,294
16,state,hot,294
16,state,hot,297
16,state,hot,299
16,neighborhood,hot,305
16,neighborhood,hot,307
16,neighborhood,hot,309
16,state,hot,314
16,state,hot,315
16,state,hot,316
16,neighborhood,cold,322
16,neighborhood,cold,330
16,neighborhood,cold,333
16,state,cold,333
16,neighborhood,hot,334
16,state,hot,334
16,neighborhood,hot,335
16,neighborhood,hot,337
16,state,hot,337
16,neighborhood,cold,338
16,neighborhood,hot,339
16,state,hot,340
16,neighborhood,hot,342
16,neighborhood,hot,346
16,neighborhood,cold,348
16,neighborhood,hot,357
16,neighborhood,cold,358
16,neighborhood,hot,362
16,state,hot,362
16,neighborhood,hot,374
16,state,hot,374
16,neighborhood,hot,376
16,state,hot,376
16,neighborhood,hot,378
16,state,hot,378
16,neighborhood,hot,384
16,neighborhood,cold,394
16,neighborhood,cold,399
16,neighborhood,hot,401
16,state,hot,401
16,neighborhood,hot,411
16,state,hot,411
16,neighborhood,cold,413
16,neighborhood,hot,418
16,neighborhood,cold,425
16,state,cold,425
16,state,hot,427
16,neighborhood,cold,438
16,neighborhood,hot,439
16,neighborhood,hot,448
16,state,hot,448
16,neighborhood,hot,449
16,state,hot,449
16,neighborhood,hot,450
16,neighborhood,hot,453
16,neighborhood,cold,454
16,neighborhood,cold,456
16,neighborhood,hot,461
16,state,hot,461
16,neighborhood,hot,462
16,state,hot,474
16,neighborhood,hot,480
16,neighborhood,cold,481
16,neighborhood,hot,482
16,state,hot,482
16,neighborhood,hot,483
16,state,hot,483
16,neighborhood,hot,488
16,state,hot,488
16,neighborhood,hot,489
16,neighborhood,hot,494
16,neighborhood,hot,495
16,state,hot,495
16,state,hot,496
16,neighborhood,cold,497
16,state,hot,511
16,neighborhood,hot,527
16,state,hot,528
16,neighborhood,hot,532
16,neighborhood,hot,536
16,state,hot,536
16,neighborhood,cold,538
16,state,hot,539
16,neighborhood,cold,542
16,neighborhood,cold,543
16,neighborhood,hot,545
16,neighborhood,hot,547
16,neighborhood,cold,548
16,state,hot,548
16,state,hot,552
16,neighborhood,hot,562
16,state,hot,562
16,neighborhood,hot,565
16,neighborhood,hot,566
16,state,hot,566
16,neighborhood,hot,570
16,neighborhood,cold,573
16,neighborhood,hot,574
16,state,hot,574
16,neighborhood,hot,577
16,state,hot,581
16,neighborhood,cold,584
16,neighborhood,cold,587
16,state,cold,587
16,neighborhood,cold,588
16,neighborhood,hot,589
16,neighborhood,hot,591
16,state,hot,593
16,neighborhood,hot,594
16,neighborhood,hot,600
16,state,hot,600
16,neighborhood,cold,609
16,neighborhood,hot,622
16,neighborhood,cold,626
16,neighborhood,cold,633
16,neighborhood,hot,634
16,neighborhood,cold,636
16,neighborhood,hot,639
16,neighborhood,cold,642
16,neighborhood,cold,646
16,state,cold,646
16,neighborhood,cold,649
16,state,cold,650
16,neighborhood,hot,651
16,state,hot,651
16,neighborhood,cold,652
16,neighborhood,hot,655
16,neighborhood,cold,657
16,neighborhood,hot,658
16,state,hot,658
16,neighborhood,hot,665
16,neighborhood,hot,666
16,state,hot,666
16,neighborhood,cold,670
16,neighborhood,hot,671
16,neighborhood,hot,679
16,neighborhood,hot,681
16,neighborhood,hot,683
16,state,hot,684
16,neighborhood,cold,691
16,state,cold,691
16,neighborhood,hot,699
16,neighborhood,hot,702
16,state,hot,702
16,state,cold,709
16,neighborhood,cold,710
16,neighborhood,cold,712
16,state,cold,712
16,neighborhood,hot,713
16,neighborhood,cold,720
16,neighborhood,hot,721
16,state,hot,721
17,neighborhood,hot,103
17,state,hot,103
17,state,hot,105
17,neighborhood,hot,107
17,neighborhood,hot,108
17,neighborhood,cold,111
17,neighborhood,hot,113
17,state,hot,113
17,neighborhood,cold,115
17,neighborhood,hot,119
17,neighborhood,cold,120
17,neighborhood,hot,122
17,state,hot,122
17,neighborhood,hot,132
17,neighborhood,hot,135
17,neighborhood,hot,136
17,neighborhood,hot,143
17,neighborhood,hot,146
17,neighborhood,cold,157
17,state,hot,159
17,neighborhood,hot,161
17,neighborhood,hot,166
17,neighborhood,hot,173
17,state,hot,173
17,neighborhood,cold,175
17,neighborhood,cold,176
17,neighborhood,hot,177
17,state,hot,177
17,neighborhood,hot,186
17,state,hot,186
17,state,hot,190
17,neighborhood,hot,191
17,neighborhood,cold,201
17,neighborhood,cold,205
17,neighborhood,cold,213
17,neighborhood,hot,215
17,state,hot,215
17,neighborhood,hot,223
17,state,hot,223
17,neighborhood,cold,224
17,neighborhood,hot,226
17,neighborhood,hot,229
17,neighborhood,hot,231
17,neighborhood,hot,234
17,state,hot,235
17,neighborhood,hot,239
17,neighborhood,hot,243
17,state,hot,243
17,neighborhood,hot,244
17,neighborhood,hot,252
17,state,hot,252
17,neighborhood,hot,255
17,neighborhood,cold,256
17,state,hot,259
17,neighborhood,hot,272
17,state,hot,272
17,neighborhood,hot,274
17,state,hot,274
17,state,hot,279
17,neighborhood,cold,283
17,neighborhood,cold,285
17,neighborhood,hot,294
17,state,hot,294
17,state,hot,297
17,neighborhood,hot,298
17,state,hot,299
17,neighborhood,cold,300
17,neighborhood,hot,309
17,state,hot,312
17,state,hot,314
17,neighborhood,hot,315
17,state,hot,315
17,neighborhood,cold,322
17,neighborhood,cold,324
17,neighborhood,hot,334
17,state,hot,334
17,neighborhood,hot,335
17,neighborhood,hot,337
17,state,hot,337
17,neighborhood,cold,338
17,neighborhood,hot,339
17,neighborhood,hot,340
17,state,hot,340
17,neighborhood,hot,342
17,neighborhood,cold,356
17,neighborhood,hot,357
17,state,hot,357
17,neighborhood,cold,358
17,neighborhood,cold,361
17,neighborhood,hot,362
17,state,hot,362
17,neighborhood,cold,365
17,neighborhood,cold,366
17,neighborhood,cold,368
17,neighborhood,cold,369
17,neighborhood,hot,370
17,neighborhood,hot,376
17,neighborhood,hot,378
17,state,hot,378
17,neighborhood,cold,381
17,neighborhood,cold,383
17,neighborhood,hot,388
17,neighborhood,cold,392
17,neighborhood,hot,399
17,state,hot,399
17,neighborhood,hot,411
17,state,hot,411
17,neighborhood,cold,412
17,neighborhood,cold,413
17,neighborhood,hot,418
17,neighborhood,cold,419
17,neighborhood,hot,424
17,neighborhood,cold,430
17,neighborhood,hot,437
17,neighborhood,cold,438
17,neighborhood,hot,439
17,neighborhood,hot,440
17,neighborhood,hot,448
17,state,hot,448
17,neighborhood,hot,449
17,state,hot,449
17,neighborhood,hot,452
17,neighborhood,hot,453
17,neighborhood,cold,456
17,neighborhood,cold,460
17,neighborhood,hot,461
17,state,hot,461
17,neighborhood,hot,462
17,state,hot,474
17,neighborhood,hot,480
17,neighborhood,hot,482
17,state,hot,482
17,neighborhood,hot,483
17,state,hot,483
17,neighborhood,hot,488
17,neighborhood,hot,489
17,neighborhood,hot,490
17,neighborhood,hot,494
17,neighborhood,hot,501
17,neighborhood,hot,506
17,neighborhood,cold,509
17,neighborhood,hot,511
17,state,hot,511
17,neighborhood,cold,516
17,neighborhood,cold,524
17,state,hot,528
17,neighborhood,cold,532
17,neighborhood,hot,535
17,state,hot,535
17,neighborhood,hot,536
17,state,hot,536
17,neighborhood,cold,538
17,state,hot,539
17,neighborhood,cold,543
17,state,cold,544
17,neighborhood,hot,545
17,neighborhood,hot,547
17,state,hot,548
17,neighborhood,cold,551
17,neighborhood,hot,552
17,state,hot,552
17,neighborhood,hot,562
17,state,hot,562
17,neighborhood,hot,565
17,neighborhood,hot,566
17,neighborhood,hot,567
17,neighborhood,cold,573
17,neighborhood,hot,574
17,state,hot,574
17,neighborhood,hot,583
17,neighborhood,cold,584
17,state,cold,587
17,neighborhood,cold,588
17,neighborhood,hot,589
17,neighborhood,hot,590
17,neighborhood,cold,591
17,neighborhood,hot,594
17,neighborhood,hot,613
17,neighborhood,cold,614
17,neighborhood,cold,615
17,neighborhood,cold,622
17,neighborhood,cold,623
17,neighborhood,cold,633
17,neighborhood,hot,635
17,neighborhood,hot,640
17,state,hot,640
17,neighborhood,cold,646
17,neighborhood,cold,649
17,neighborhood,hot,651
17,state,hot,651
17,neighborhood,cold,652
17,neighborhood,hot,655
17,neighborhood,hot,656
17,neighborhood,hot,658
17,state,hot,658
17,neighborhood,hot,660
17,neighborhood,cold,662
17,neighborhood,cold,663
17,neighborhood,hot,665
17,neighborhood,hot,666
17,state,hot,666
17,state,hot,670
17,neighborhood,hot,671
17,neighborhood,cold,673
17,state,hot,684
17,neighborhood,cold,685
17,neighborhood,hot,689
17,neighborhood,cold,691
17,neighborhood,hot,699
17,neighborhood,hot,702
17,state,cold,709
17,neighborhood,cold,710
17,state,cold,712
17,neighborhood,cold,725
18,neighborhood,cold,101
18,neighborhood,hot,103
18,state,hot,103
18,state,hot,105
18,neighborhood,hot,113
18,state,hot,113
18,neighborhood,hot,114
18,neighborhood,cold,115
18,neighborhood,cold,116
18,neighborhood,hot,117
18,neighborhood,hot,119
18,neighborhood,cold,128
18,neighborhood,cold,131
18,neighborhood,hot,132
18,neighborhood,cold,133
18,neighborhood,hot,136
18,neighborhood,cold,139
18,neighborhood,cold,147
18,neighborhood,hot,153
18,neighborhood,cold,157
18,neighborhood,hot,161
18,neighborhood,hot,162
18,neighborhood,hot,173
18,state,hot,173
18,neighborhood,cold,175
18,neighborhood,cold,176
18,neighborhood,hot,177
18,state,hot,177
18,neighborhood,hot,186
18,state,hot,186
18,state,hot,190
18,neighborhood,hot,191
18,neighborhood,cold,197
18,neighborhood,cold,213
18,neighborhood,hot,215
18,state,hot,215
18,neighborhood,hot,223
18,neighborhood,cold,224
18,neighborhood,hot,226
18,neighborhood,hot,231
18,neighborhood,hot,234
18,neighborhood,hot,239
18,neighborhood,hot,243
18,state,hot,243
18,neighborhood,hot,244
18,neighborhood,cold,245
18,neighborhood,hot,250
18,state,hot,250
18,neighborhood,hot,255
18,neighborhood,cold,256
18,state,hot,259
18,state,cold,262
18,state,hot,269
18,neighborhood,hot,272
18,state,hot,272
18,neighborhood,hot,274
18,state,hot,274
18,state,hot,279
18,neighborhood,hot,294
18,state,hot,294
18,state,hot,297
18,neighborhood,hot,298
18,state,hot,299
18,neighborhood,cold,308
18,neighborhood,hot,309
18,state,hot,314
18,neighborhood,hot,315
18,state,hot,315
18,neighborhood,cold,316
18,neighborhood,cold,319
18,neighborhood,cold,324
18,neighborhood,cold,325
18,neighborhood,cold,327
18,neighborhood,hot,328
18,neighborhood,cold,333
18,neighborhood,hot,334
18,state,hot,334
18,neighborhood,hot,335
18,neighborhood,hot,337
18,state,hot,337
18,neighborhood,cold,338
18,neighborhood,hot,339
18,neighborhood,hot,340
18,state,hot,340
18,neighborhood,hot,342
18,neighborhood,hot,346
18,neighborhood,cold,348
18,neighborhood,hot,357
18,state,hot,357
18,neighborhood,cold,358
18,neighborhood,cold,360
18,neighborhood,cold,361
18,neighborhood,hot,362
18,state,hot,362
18,neighborhood,hot,363
18,neighborhood,cold,365
18,neighborhood,cold,369
18,neighborhood,hot,378
18,state,hot,378
18,neighborhood,cold,381
18,neighborhood,hot,384
18,neighborhood,cold,392
18,state,hot,398
18,neighborhood,cold,399
18,neighborhood,cold,402
18,neighborhood,cold,406
18,neighborhood,hot,411
18,state,hot,411
18,neighborhood,cold,412
18,neighborhood,hot,418
18,neighborhood,cold,419
18,state,hot,427
18,neighborhood,cold,432
18,neighborhood,hot,437
18,neighborhood,hot,438
18,neighborhood,hot,439
18,neighborhood,hot,448
18,state,hot,448
18,neighborhood,hot,449
18,state,hot,449
18,neighborhood,hot,452
18,neighborhood,hot,453
18,neighborhood,cold,454
18,neighborhood,cold,456
18,neighborhood,hot,460
18,neighborhood,hot,461
18,neighborhood,hot,462
18,neighborhood,cold,470
18,neighborhood,cold,472
18,neighborhood,hot,480
18,state,hot,482
18,neighborhood,hot,483
18,state,hot,483
18,neighborhood,hot,488
18,neighborhood,hot,489
18,neighborhood,hot,494
18,neighborhood,hot,511
18,state,hot,511
18,neighborhood,cold,520
18,state,hot,522
18,neighborhood,cold,527
18,state,hot,528
18,neighborhood,hot,530
18,neighborhood,cold,532
18,neighborhood,hot,535
18,state,hot,535
18,neighborhood,hot,536
18,state,hot,536
18,neighborhood,cold,538
18,neighborhood,cold,541
18,neighborhood,cold,543
18,neighborhood,cold,546
18,neighborhood,hot,547
18,state,hot,548
18,neighborhood,cold,549
18,neighborhood,cold,551
18,neighborhood,hot,552
18,state,hot,552
18,neighborhood,hot,562
18,state,hot,562
18,neighborhood,hot,565
18,neighborhood,hot,566
18,neighborhood,hot,574
18,state,hot,574
18,neighborhood,cold,578
18,neighborhood,hot,583
18,neighborhood,cold,584
18,neighborhood,hot,589
18,neighborhood,hot,598
18,neighborhood,hot,610
18,neighborhood,hot,613
18,neighborhood,cold,614
18,neighborhood,cold,615
18,neighborhood,cold,616
18,neighborhood,cold,623
18,neighborhood,cold,627
18,neighborhood,hot,635
18,neighborhood,hot,639
18,neighborhood,hot,640
18,state,hot,640
18,neighborhood,cold,646
18,neighborhood,cold,649
18,neighborhood,hot,651
18,state,hot,651
18,neighborhood,cold,652
18,neighborhood,hot,655
18,neighborhood,hot,658
18,state,hot,658
18,neighborhood,hot,660
18,neighborhood,cold,663
18,neighborhood,hot,665
18,neighborhood,hot,666
18,state,hot,666
18,neighborhood,hot,670
18,state,hot,670
18,neighborhood,cold,673
18,neighborhood,hot,684
18,state,hot,684
18,neighborhood,cold,685
18,neighborhood,cold,691
18,state,cold,691
18,neighborhood,hot,699
18,neighborhood,hot,702
18,state,hot,702
18,state,cold,708
18,neighborhood,hot,713
18,neighborhood,hot,721
18,state,hot,721
19,neighborhood,hot,103
19,state,hot,103
19,state,hot,105
19,neighborhood,hot,106
19,neighborhood,hot,113
19,state,hot,113
19,neighborhood,hot,114
19,neighborhood,cold,115
19,neighborhood,cold,116
19,neighborhood,hot,119
19,neighborhood,cold,120
19,neighborhood,hot,122
19,neighborhood,cold,125
19,neighborhood,cold,128
19,neighborhood,cold,129
19,neighborhood,cold,131
19,neighborhood,hot,132
19,neighborhood,hot,146
19,state,hot,146
19,neighborhood,cold,147
19,neighborhood,hot,161
19,neighborhood,hot,162
19,neighborhood,hot,168
19,neighborhood,hot,173
19,state,hot,173
19,neighborhood,cold,175
19,neighborhood,hot,176
19,neighborhood,hot,177
19,neighborhood,hot,186
19,state,hot,186
19,neighborhood,hot,191
19,neighborhood,cold,194
19,neighborhood,cold,197
19,neighborhood,cold,205
19,neighborhood,cold,213
19,neighborhood,hot,215
19,state,hot,215
19,neighborhood,cold,224
19,neighborhood,hot,226
19,neighborhood,hot,231
19,neighborhood,hot,234
19,neighborhood,hot,239
19,state,hot,243
19,neighborhood,hot,244
19,neighborhood,cold,245
19,neighborhood,hot,255
19,neighborhood,cold,256
19,state,hot,259
19,state,cold,262
19,neighborhood,cold,264
19,state,hot,269
19,neighborhood,hot,272
19,state,hot,272
19,neighborhood,hot,274
19,state,hot,274
19,state,hot,279
19,neighborhood,cold,281
19,neighborhood,cold,287
19,neighborhood,hot,294
19,state,hot,294
19,state,hot,297
19,neighborhood,hot,298
19,state,hot,298
19,state,hot,299
19,neighborhood,hot,305
19,neighborhood,cold,307
19,neighborhood,cold,308
19,neighborhood,hot,309
19,state,hot,314
19,neighborhood,hot,315
19,state,hot,315
19,neighborhood,hot,322
19,state,hot,322
19,neighborhood,cold,324
19,neighborhood,cold,325
19,neighborhood,hot,328
19,neighborhood,hot,331
19,neighborhood,hot,334
19,state,hot,334
19,neighborhood,hot,335
19,state,hot,337
19,neighborhood,cold,338
19,state,hot,340
19,neighborhood,hot,346
19,neighborhood,hot,349
19,neighborhood,hot,350
19,neighborhood,hot,357
19,state,hot,357
19,neighborhood,cold,358
19,neighborhood,cold,360
19,neighborhood,cold,361
19,neighborhood,hot,362
19,state,hot,362
19,neighborhood,cold,365
19,neighborhood,cold,369
19,neighborhood,hot,378
19,state,hot,378
19,neighborhood,cold,381
19,neighborhood,hot,388
19,neighborhood,cold,392
19,state,hot,398
19,neighborhood,cold,399
19,neighborhood,cold,403
19,neighborhood,cold,405
19,state,hot,407
19,neighborhood,hot,411
19,state,hot,411
19,neighborhood,cold,414
19,neighborhood,hot,418
19,neighborhood,hot,420
19,neighborhood,cold,422
19,neighborhood,hot,424
19,neighborhood,cold,432
19,neighborhood,hot,437
19,neighborhood,hot,439
19,neighborhood,hot,448
19,state,hot,448
19,neighborhood,hot,449
19,state,hot,449
19,neighborhood,cold,452
19,neighborhood,cold,456
19,neighborhood,hot,460
19,neighborhood,hot,462
19,neighborhood,cold,472
19,neighborhood,hot,480
19,neighborhood,cold,481
19,neighborhood,hot,482
19,state,hot,483
19,neighborhood,cold,485
19,neighborhood,hot,488
19,neighborhood,hot,489
19,neighborhood,cold,492
19,neighborhood,hot,494
19,neighborhood,hot,495
19,neighborhood,cold,501
19,neighborhood,hot,511
19,state,hot,511
19,neighborhood,cold,516
19,neighborhood,hot,526
19,neighborhood,cold,527
19,state,hot,528
19,neighborhood,cold,529
19,neighborhood,hot,530
19,neighborhood,cold,532
19,neighborhood,cold,533
19,neighborhood,hot,535
19,state,hot,535
19,neighborhood,hot,536
19,state,hot,536
19,neighborhood,cold,538
19,neighborhood,cold,541
19,neighborhood,cold,543
19,state,cold,544
19,neighborhood,cold,545
19,neighborhood,hot,547
19,state,hot,547
19,state,hot,548
19,neighborhood,cold,551
19,neighborhood,hot,552
19,state,hot,552
19,neighborhood,hot,562
19,state,hot,562
19,neighborhood,hot,565
19,neighborhood,hot,574
19,state,hot,574
19,neighborhood,cold,578
19,neighborhood,hot,583
19,state,hot,583
19,neighborhood,cold,584
19,neighborhood,cold,588
19,neighborhood,cold,596
19,neighborhood,cold,613
19,neighborhood,cold,616
19,neighborhood,cold,623
19,state,hot,633
19,neighborhood,hot,640
19,state,hot,640
19,neighborhood,cold,646
19,neighborhood,cold,649
19,neighborhood,hot,651
19,state,hot,651
19,neighborhood,cold,652
19,neighborhood,hot,655
19,neighborhood,cold,657
19,neighborhood,hot,658
19,state,hot,658
19,neighborhood,hot,660
19,neighborhood,hot,663
19,neighborhood,hot,665
19,state,hot,666
19,state,hot,669
19,neighborhood,hot,670
19,state,hot,670
19,neighborhood,hot,676
19,neighborhood,hot,686
19,neighborhood,cold,691
19,state,cold,691
19,neighborhood,cold,692
19,neighborhood,hot,695
19,neighborhood,hot,699
19,neighborhood,hot,702
19,state,hot,702
19,neighborhood,hot,707
19,neighborhood,cold,710
19,state,cold,712
19,neighborhood,hot,719
19,neighborhood,hot,721
19,state,hot,721
19,neighborhood,cold,725
20,neighborhood,cold,101
20,neighborhood,hot,102
20,neighborhood,hot,103
20,state,hot,103
20,state,hot,105
20,neighborhood,cold,108
20,neighborhood,hot,113
20,state,hot,113
20,neighborhood,hot,114
20,neighborhood,cold,115
20,neighborhood,cold,116
20,neighborhood,hot,119
20,neighborhood,hot,122
20,neighborhood,cold,128
20,neighborhood,cold,129
20,neighborhood,cold,131
20,neighborhood,hot,132
20,neighborhood,hot,136
20,neighborhood,hot,161
20,state,hot,161
20,state,hot,165
20,neighborhood,hot,168
20,neighborhood,hot,173
20,state,hot,173
20,neighborhood,cold,175
20,neighborhood,hot,177
20,neighborhood,cold,183
20,neighborhood,hot,186
20,state,hot,186
20,neighborhood,cold,189
20,neighborhood,hot,191
20,neighborhood,cold,195
20,neighborhood,cold,196
20,neighborhood,cold,205
20,neighborhood,cold,206
20,neighborhood,hot,210
20,state,hot,212
20,neighborhood,hot,215
20,state,hot,215
20,neighborhood,cold,220
20,neighborhood,hot,226
20,neighborhood,hot,228
20,neighborhood,hot,231
20,neighborhood,cold,233
20,neighborhood,hot,234
20,neighborhood,hot,239
20,neighborhood,hot,243
20,state,hot,243
20,neighborhood,hot,244
20,neighborhood,cold,245
20,neighborhood,hot,255
20,state,hot,259
20,state,cold,262
20,neighborhood,cold,268
20,state,hot,269
20,neighborhood,hot,272
20,state,hot,272
20,neighborhood,hot,274
20,state,hot,274
20,state,hot,279
20,neighborhood,cold,280
20,neighborhood,hot,294
20,state,hot,294
20,neighborhood,hot,298
20,neighborhood,hot,302
20,neighborhood,hot,305
20,neighborhood,hot,309
20,state,hot,309
20,state,hot,314
20,neighborhood,hot,315
20,state,hot,315
20,neighborhood,cold,316
20,neighborhood,cold,320
20,neighborhood,hot,322
20,state,hot,322
20,neighborhood,cold,324
20,neighborhood,cold,327
20,neighborhood,cold,333
20,neighborhood,hot,334
20,state,hot,334
20,neighborhood,hot,335
20,state,hot,335
20,state,hot,337
20,neighborhood,cold,338
20,state,hot,340
20,neighborhood,hot,342
20,neighborhood,hot,346
20,neighborhood,cold,348
20,neighborhood,cold,354
20,neighborhood,hot,357
20,neighborhood,cold,358
20,neighborhood,cold,361
20,neighborhood,hot,362
20,state,hot,362
20,neighborhood,cold,366
20,neighborhood,cold,369
20,state,hot,372
20,neighborhood,hot,378
20,state,hot,378
20,neighborhood,cold,381
20,neighborhood,hot,384
20,state,hot,398
20,neighborhood,cold,405
20,state,hot,407
20,neighborhood,hot,411
20,state,hot,411
20,neighborhood,hot,418
20,neighborhood,cold,422
20,state,cold,422
20,neighborhood,cold,426
20,state,hot,427
20,neighborhood,cold,430
20,neighborhood,cold,431
20,neighborhood,cold,432
20,neighborhood,hot,437
20,neighborhood,hot,439
20,neighborhood,hot,448
20,state,hot,448
20,neighborhood,hot,449
20,state,hot,449
20,neighborhood,cold,451
20,neighborhood,hot,452
20,neighborhood,cold,456
20,neighborhood,hot,461
20,neighborhood,hot,462
20,neighborhood,cold,470
20,neighborhood,cold,472
20,neighborhood,hot,480
20,state,hot,483
20,neighborhood,hot,488
20,neighborhood,hot,489
20,neighborhood,hot,494
20,neighborhood,hot,495
20,state,hot,495
20,neighborhood,hot,511
20,state,hot,511
20,neighborhood,cold,515
20,neighborhood,cold,516
20,neighborhood,hot,526
20,neighborhood,cold,527
20,state,hot,528
20,neighborhood,hot,535
20,state,hot,535
20,neighborhood,hot,536
20,state,hot,536
20,neighborhood,cold,538
20,neighborhood,hot,542
20,neighborhood,cold,544
20,state,cold,544
20,neighborhood,cold,545
20,neighborhood,hot,547
20,state,hot,547
20,neighborhood,cold,548
20,state,hot,548
20,neighborhood,cold,551
20,neighborhood,hot,552
20,state,hot,552
20,neighborhood,hot,556
20,neighborhood,hot,562
20,state,hot,562
20,neighborhood,hot,565
20,neighborhood,hot,566
20,neighborhood,cold,570
20,neighborhood,hot,574
20,state,hot,574
20,neighborhood,hot,582
20,neighborhood,hot,583
20,neighborhood,hot,590
20,neighborhood,cold,591
20,neighborhood,cold,592
20,neighborhood,hot,594
20,neighborhood,cold,614
20,neighborhood,cold,616
20,neighborhood,cold,622
20,neighborhood,cold,623
20,neighborhood,cold,624
20,state,hot,633
20,neighborhood,cold,634
20,neighborhood,cold,639
20,state,hot,640
20,neighborhood,cold,646
20,neighborhood,hot,650
20,neighborhood,hot,651
20,state,hot,651
20,neighborhood,cold,652
20,neighborhood,hot,655
20,neighborhood,hot,656
20,neighborhood,hot,658
20,state,hot,658
20,neighborhood,hot,660
20,neighborhood,hot,665
20,state,hot,666
20,neighborhood,hot,667
20,state,hot,669
20,state,hot,670
20,neighborhood,hot,683
20,state,hot,684
20,neighborhood,hot,686
20,neighborhood,cold,691
20,neighborhood,cold,692
20,neighborhood,cold,697
20,neighborhood,hot,699
20,state,hot,699
20,neighborhood,hot,702
20,state,hot,702
20,neighborhood,hot,707
20,state,hot,707
20,state,cold,709
20,neighborhood,cold,711
20,neighborhood,hot,713
20,neighborhood,hot,719
20,neighborhood,hot,721
20,state,hot,721
20,neighborhood,cold,725
21,neighborhood,cold,101
21,neighborhood,hot,103
21,state,hot,103
21,state,hot,105
21,state,hot,106
21,neighborhood,cold,107
21,neighborhood,hot,108
21,neighborhood,hot,109
21,neighborhood,cold,111
21,neighborhood,hot,113
21,state,hot,113
21,neighborhood,cold,115
21,neighborhood,cold,116
21,neighborhood,hot,119
21,neighborhood,hot,122
21,state,hot,122
21,neighborhood,cold,125
21,neighborhood,cold,128
21,neighborhood,cold,129
21,neighborhood,cold,131
21,neighborhood,hot,132
21,neighborhood,hot,141
21,neighborhood,cold,147
21,neighborhood,cold,152
21,neighborhood,hot,161
21,state,hot,161
21,neighborhood,hot,168
21,neighborhood,hot,173
21,state,hot,173
21,neighborhood,cold,175
21,neighborhood,cold,183
21,neighborhood,hot,186
21,state,hot,186
21,neighborhood,hot,191
21,neighborhood,cold,196
21,state,hot,212
21,neighborhood,hot,215
21,state,hot,215
21,neighborhood,cold,220
21,neighborhood,hot,226
21,neighborhood,hot,228
21,state,hot,229
21,neighborhood,hot,231
21,neighborhood,cold,232
21,neighborhood,cold,238
21,neighborhood,hot,239
21,neighborhood,hot,244
21,neighborhood,cold,245
21,neighborhood,cold,254
21,neighborhood,hot,255
21,state,hot,259
21,state,cold,262
21,neighborhood,cold,263
21,neighborhood,cold,264
21,state,hot,266
21,neighborhood,hot,267
21,state,hot,269
21,neighborhood,hot,271
21,state,hot,271
21,neighborhood,hot,272
21,state,hot,272
21,state,hot,273
21,neighborhood,hot,274
21,state,hot,274
21,neighborhood,hot,278
21,state,hot,279
21,state,hot,294
21,neighborhood,hot,298
21,neighborhood,hot,302
21,neighborhood,hot,305
21,neighborhood,hot,306
21,neighborhood,hot,307
21,neighborhood,cold,308
21,neighborhood,hot,309
21,state,hot,309
21,state,hot,314
21,neighborhood,hot,315
21,state,hot,315
21,neighborhood,cold,316
21,neighborhood,cold,319
21,neighborhood,cold,320
21,neighborhood,hot,322
21,state,hot,322
21,neighborhood,cold,324
21,neighborhood,hot,330
21,neighborhood,cold,333
21,neighborhood,hot,334
21,state,hot,334
21,neighborhood,hot,335
21,state,hot,335
21,neighborhood,hot,337
21,state,hot,337
21,neighborhood,cold,338
21,state,hot,340
21,neighborhood,hot,341
21,neighborhood,hot,342
21,neighborhood,hot,346
21,state,hot,346
21,neighborhood,cold,348
21,neighborhood,hot,357
21,neighborhood,cold,358
21,neighborhood,cold,359
21,neighborhood,cold,361
21,neighborhood,hot,362
21,state,hot,362
21,neighborhood,cold,365
21,neighborhood,cold,369
21,neighborhood,hot,378
21,state,hot,378
21,neighborhood,cold,381
21,neighborhood,hot,389
21,state,hot,389
21,neighborhood,cold,394
21,state,hot,398
21,state,cold,401
21,neighborhood,cold,403
21,neighborhood,cold,406
21,neighborhood,hot,411
21,state,hot,411
21,neighborhood,hot,418
21,state,hot,418
21,neighborhood,cold,422
21,state,cold,422
21,neighborhood,hot,425
21,neighborhood,cold,426
21,state,hot,427
21,neighborhood,cold,432
21,state,cold,432
21,neighborhood,hot,437
21,neighborhood,hot,439
21,neighborhood,cold,440
21,neighborhood,hot,448
21,state,hot,448
21,neighborhood,hot,449
21,state,hot,449
21,neighborhood,cold,451
21,neighborhood,hot,452
21,neighborhood,cold,456
21,neighborhood,hot,461
21,neighborhood,cold,470
21,neighborhood,cold,472
21,neighborhood,hot,480
21,state,hot,483
21,neighborhood,hot,489
21,neighborhood,hot,494
21,state,hot,498
21,neighborhood,cold,509
21,neighborhood,hot,511
21,state,hot,511
21,neighborhood,cold,514
21,neighborhood,cold,515
21,neighborhood,cold,518
21,neighborhood,hot,526
21,neighborhood,cold,527
21,state,hot,528
21,neighborhood,hot,530
21,neighborhood,hot,535
21,state,hot,535
21,neighborhood,hot,536
21,state,hot,536
21,neighborhood,cold,538
21,neighborhood,hot,542
21,neighborhood,cold,543
21,neighborhood,cold,544
21,state,cold,544
21,neighborhood,cold,545
21,neighborhood,hot,547
21,state,hot,547
21,state,hot,548
21,neighborhood,hot,552
21,state,hot,552
21,neighborhood,hot,562
21,state,hot,562
21,neighborhood,hot,565
21,state,hot,565
21,neighborhood,cold,568
21,neighborhood,cold,570
21,neighborhood,hot,574
21,state,hot,574
21,neighborhood,hot,582
21,neighborhood,hot,583
21,neighborhood,cold,584
21,neighborhood,cold,592
21,neighborhood,hot,594
21,neighborhood,hot,597
21,neighborhood,cold,613
21,neighborhood,cold,616
21,neighborhood,cold,622
21,neighborhood,cold,623
21,neighborhood,cold,630
21,neighborhood,cold,633
21,state,hot,640
21,neighborhood,cold,646
21,neighborhood,hot,650
21,neighborhood,hot,651
21,state,hot,651
21,neighborhood,hot,655
21,neighborhood,hot,658
21,state,hot,658
21,neighborhood,cold,660
21,neighborhood,hot,665
21,state,hot,666
21,neighborhood,hot,668
21,state,hot,669
21,neighborhood,hot,670
21,state,hot,670
21,neighborhood,cold,673
21,state,hot,684
21,neighborhood,hot,686
21,neighborhood,cold,691
21,neighborhood,cold,696
21,neighborhood,cold,697
21,neighborhood,hot,699
21,state,hot,699
21,neighborhood,hot,702
21,state,hot,702
21,neighborhood,cold,705
21,neighborhood,cold,706
21,neighborhood,hot,719
21,neighborhood,hot,721
21,state,hot,721
21,neighborhood,hot,727
22,neighborhood,cold,101
22,neighborhood,hot,103
22,state,hot,103
22,state,hot,105
22,state,hot,106
22,neighborhood,hot,108
22,neighborhood,hot,109
22,neighborhood,hot,113
22,state,hot,113
22,neighborhood,cold,116
22,neighborhood,hot,119
22,neighborhood,cold,124
22,neighborhood,hot,127
22,neighborhood,cold,128
22,neighborhood,cold,131
22,neighborhood,hot,132
22,neighborhood,cold,133
22,neighborhood,cold,139
22,neighborhood,cold,149
22,state,hot,154
22,neighborhood,hot,161
22,state,hot,161
22,neighborhood,hot,167
22,neighborhood,hot,168
22,state,hot,170
22,neighborhood,hot,173
22,state,hot,173
22,neighborhood,cold,175
22,neighborhood,hot,176
22,neighborhood,cold,183
22,neighborhood,hot,186
22,state,hot,186
22,state,hot,190
22,neighborhood,hot,191
22,neighborhood,cold,192
22,neighborhood,cold,195
22,neighborhood,hot,203
22,neighborhood,hot,206
22,neighborhood,hot,210
22,neighborhood,cold,213
22,state,cold,213
22,neighborhood,cold,214
22,neighborhood,hot,215
22,state,hot,215
22,neighborhood,cold,220
22,neighborhood,hot,223
22,neighborhood,hot,226
22,neighborhood,hot,228
22,neighborhood,cold,232
22,neighborhood,hot,234
22,neighborhood,cold,238
22,neighborhood,hot,239
22,neighborhood,hot,244
22,neighborhood,cold,245
22,neighborhood,cold,250
22,neighborhood,hot,252
22,state,hot,252
22,neighborhood,cold,254
22,neighborhood,hot,257
22,state,hot,259
22,state,cold,262
22,neighborhood,hot,267
22,state,hot,269
22,neighborhood,hot,272
22,state,hot,272
22,neighborhood,hot,274
22,state,hot,274
22,state,hot,279
22,state,hot,294
22,neighborhood,hot,298
22,neighborhood,hot,305
22,neighborhood,hot,307
22,neighborhood,cold,308
22,neighborhood,hot,309
22,state,hot,309
22,state,hot,314
22,neighborhood,hot,315
22,state,hot,315
22,neighborhood,cold,319
22,neighborhood,cold,320
22,neighborhood,hot,322
22,state,hot,322
22,neighborhood,cold,324
22,neighborhood,cold,327
22,neighborhood,hot,328
22,neighborhood,cold,333
22,neighborhood,hot,334
22,state,hot,334
22,neighborhood,hot,335
22,state,hot,335
22,neighborhood,hot,337
22,state,hot,337
22,neighborhood,cold,338
22,state,hot,340
22,neighborhood,cold,344
22,neighborhood,hot,346
22,state,hot,346
22,neighborhood,cold,348
22,neighborhood,cold,354
22,neighborhood,hot,357
22,neighborhood,cold,358
22,neighborhood,cold,359
22,neighborhood,hot,362
22,state,hot,362
22,neighborhood,cold,369
22,neighborhood,hot,378
22,state,hot,378
22,neighborhood,cold,381
22,neighborhood,hot,389
22,neighborhood,cold,392
22,neighborhood,cold,394
22,neighborhood,hot,398
22,state,hot,398
22,state,cold,401
22,state,hot,407
22,state,hot,409
22,neighborhood,hot,410
22,neighborhood,hot,411
22,state,hot,411
22,neighborhood,cold,417
22,neighborhood,hot,418
22,state,hot,418
22,neighborhood,cold,422
22,state,cold,422
22,neighborhood,hot,425
22,state,hot,425
22,neighborhood,cold,426
22,neighborhood,hot,431
22,neighborhood,cold,432
22,state,cold,432
22,neighborhood,hot,437
22,neighborhood,hot,439
22,neighborhood,cold,440
22,state,hot,442
22,neighborhood,hot,448
22,state,hot,448
22,neighborhood,hot,449
22,state,hot,449
22,neighborhood,cold,451
22,neighborhood,hot,452
22,neighborhood,cold,456
22,neighborhood,hot,461
22,state,hot,461
22,neighborhood,cold,470
22,neighborhood,hot,480
22,neighborhood,cold,484
22,neighborhood,hot,489
22,neighborhood,hot,494
22,neighborhood,hot,504
22,state,hot,504
22,neighborhood,cold,509
22,neighborhood,cold,510
22,neighborhood,hot,511
22,state,hot,511
22,neighborhood,cold,515
22,state,cold,515
22,neighborhood,cold,523
22,neighborhood,hot,526
22,state,hot,526
22,neighborhood,cold,527
22,state,hot,528
22,neighborhood,hot,530
22,neighborhood,cold,533
22,neighborhood,hot,535
22,state,hot,535
22,neighborhood,hot,536
22,state,hot,536
22,neighborhood,cold,538
22,neighborhood,cold,542
22,neighborhood,cold,545
22,neighborhood,hot,547
22,state,hot,547
22,state,hot,548
22,neighborhood,hot,549
22,neighborhood,hot,552
22,state,hot,552
22,neighborhood,hot,562
22,state,hot,562
22,neighborhood,hot,565
22,state,hot,565
22,neighborhood,hot,566
22,neighborhood,cold,570
22,neighborhood,hot,574
22,state,hot,574
22,neighborhood,hot,575
22,neighborhood,cold,576
22,neighborhood,hot,582
22,neighborhood,hot,583
22,neighborhood,hot,590
22,neighborhood,hot,591
22,neighborhood,cold,592
22,neighborhood,hot,594
22,neighborhood,cold,598
22,neighborhood,hot,610
22,neighborhood,cold,613
22,neighborhood,cold,614
22,neighborhood,cold,616
22,neighborhood,cold,622
22,neighborhood,cold,623
22,neighborhood,cold,624
22,state,hot,627
22,neighborhood,cold,630
22,neighborhood,cold,633
22,neighborhood,hot,635
22,neighborhood,cold,638
22,neighborhood,cold,639
22,state,hot,640
22,neighborhood,cold,646
22,neighborhood,hot,650
22,neighborhood,hot,651
22,state,hot,651
22,neighborhood,hot,654
22,neighborhood,hot,655
22,neighborhood,cold,656
22,neighborhood,hot,658
22,state,hot,658
22,neighborhood,cold,662
22,neighborhood,cold,663
22,neighborhood,hot,665
22,state,hot,666
22,neighborhood,hot,668
22,state,hot,669
22,neighborhood,hot,670
22,state,hot,670
22,neighborhood,cold,673
22,neighborhood,hot,683
22,state,hot,684
22,neighborhood,hot,686
22,neighborhood,cold,692
22,neighborhood,cold,696
22,neighborhood,cold,697
22,neighborhood,hot,699
22,state,hot,699
22,neighborhood,hot,702
22,state,hot,702
22,neighborhood,cold,706
22,neighborhood,cold,711
22,state,hot,714
22,state,hot,717
22,neighborhood,hot,719
22,neighborhood,hot,721
22,state,hot,721
23,neighborhood,cold,101
23,neighborhood,hot,103
23,state,hot,103
23,state,hot,105
23,neighborhood,hot,108
23,neighborhood,hot,109
23,state,hot,113
23,state,hot,114
23,neighborhood,cold,116
23,neighborhood,hot,119
23,neighborhood,cold,128
23,neighborhood,cold,131
23,neighborhood,hot,132
23,neighborhood,hot,134
23,neighborhood,cold,149
23,neighborhood,cold,157
23,neighborhood,hot,161
23,neighborhood,hot,168
23,neighborhood,hot,173
23,state,hot,173
23,neighborhood,cold,175
23,neighborhood,hot,177
23,neighborhood,hot,182
23,neighborhood,cold,183
23,neighborhood,hot,186
23,state,hot,186
23,neighborhood,hot,191
23,neighborhood,cold,196
23,state,hot,212
23,neighborhood,cold,213
23,state,cold,213
23,neighborhood,hot,215
23,state,hot,215
23,neighborhood,cold,220
23,neighborhood,hot,223
23,neighborhood,cold,225
23,neighborhood,hot,226
23,state,hot,226
23,neighborhood,hot,228
23,state,hot,229
23,state,hot,230
23,neighborhood,hot,233
23,neighborhood,cold,238
23,neighborhood,hot,239
23,neighborhood,hot,243
23,state,hot,243
23,neighborhood,hot,244
23,neighborhood,cold,245
23,neighborhood,hot,246
23,neighborhood,hot,252
23,state,hot,252
23,neighborhood,hot,257
23,state,hot,259
23,state,hot,266
23,neighborhood,hot,267
23,state,hot,267
23,state,hot,269
23,neighborhood,hot,272
23,state,hot,272
23,neighborhood,hot,274
23,state,hot,274
23,neighborhood,hot,278
23,state,hot,279
23,neighborhood,cold,280
23,state,hot,294
23,neighborhood,hot,305
23,neighborhood,hot,306
23,neighborhood,cold,308
23,neighborhood,hot,309
23,state,hot,309
23,state,hot,314
23,neighborhood,hot,315
23,state,hot,315
23,neighborhood,cold,318
23,neighborhood,cold,319
23,neighborhood,hot,322
23,state,hot,322
23,neighborhood,cold,333
23,neighborhood,hot,334
23,state,hot,334
23,neighborhood,hot,335
23,state,hot,335
23,neighborhood,cold,336
23,neighborhood,hot,337
23,state,hot,337
23,neighborhood,cold,338
23,state,hot,340
23,neighborhood,hot,342
23,neighborhood,cold,344
23,neighborhood,hot,346
23,state,cold,355
23,neighborhood,hot,357
23,neighborhood,cold,358
23,neighborhood,cold,359
23,neighborhood,cold,361
23,state,cold,361
23,neighborhood,hot,362
23,state,hot,362
23,neighborhood,cold,365
23,neighborhood,cold,369
23,neighborhood,hot,378
23,state,hot,378
23,neighborhood,cold,381
23,neighborhood,cold,385
23,neighborhood,cold,393
23,neighborhood,cold,394
23,neighborhood,hot,398
23,state,hot,398
23,neighborhood,cold,403
23,neighborhood,cold,405
23,state,hot,407
23,state,hot,411
23,neighborhood,hot,418
23,neighborhood,cold,422
23,state,cold,422
23,neighborhood,cold,429
23,neighborhood,hot,431
23,neighborhood,cold,432
23,neighborhood,hot,439
23,neighborhood,hot,448
23,state,hot,448
23,neighborhood,hot,449
23,state,hot,449
23,neighborhood,hot,452
23,state,hot,452
23,neighborhood,cold,456
23,neighborhood,hot,461
23,state,hot,461
23,neighborhood,cold,470
23,neighborhood,cold,472
23,neighborhood,hot,480
23,state,hot,483
23,neighborhood,hot,486
23,neighborhood,hot,488
23,state,hot,488
23,neighborhood,hot,489
23,neighborhood,hot,494
23,neighborhood,hot,495
23,neighborhood,hot,511
23,state,hot,511
23,neighborhood,cold,514
23,neighborhood,cold,515
23,state,cold,515
23,neighborhood,cold,523
23,neighborhood,hot,526
23,state,hot,526
23,neighborhood,cold,527
23,state,hot,528
23,neighborhood,hot,530
23,neighborhood,hot,535
23,state,hot,535
23,neighborhood,hot,536
23,state,hot,536
23,neighborhood,cold,538
23,neighborhood,cold,541
23,neighborhood,cold,542
23,neighborhood,hot,547
23,state,hot,547
23,neighborhood,hot,548
23,state,hot,548
23,neighborhood,hot,549
23,neighborhood,cold,551
23,neighborhood,hot,552
23,state,hot,552
23,neighborhood,hot,556
23,neighborhood,hot,562
23,state,hot,562
23,neighborhood,hot,565
23,state,hot,565
23,neighborhood,cold,568
23,neighborhood,cold,570
23,neighborhood,cold,571
23,neighborhood,hot,574
23,state,hot,574
23,neighborhood,cold,576
23,neighborhood,hot,582
23,neighborhood,hot,583
23,neighborhood,cold,584
23,neighborhood,cold,588
23,neighborhood,cold,592
23,neighborhood,hot,594
23,neighborhood,cold,598
23,neighborhood,hot,610
23,neighborhood,cold,614
23,neighborhood,cold,616
23,neighborhood,hot,620
23,neighborhood,cold,622
23,neighborhood,cold,626
23,neighborhood,cold,630
23,neighborhood,cold,633
23,neighborhood,cold,638
23,neighborhood,cold,639
23,state,hot,640
23,neighborhood,cold,646
23,neighborhood,hot,650
23,neighborhood,hot,651
23,state,hot,651
23,neighborhood,hot,655
23,neighborhood,cold,656
23,neighborhood,hot,658
23,state,hot,658
23,neighborhood,cold,662
23,neighborhood,hot,665
23,state,hot,666
23,neighborhood,hot,668
23,state,hot,669
23,neighborhood,hot,670
23,state,hot,670
23,neighborhood,hot,683
23,state,hot,684
23,neighborhood,hot,686
23,neighborhood,cold,689
23,neighborhood,cold,691
23,neighborhood,cold,692
23,neighborhood,hot,694
23,state,hot,694
23,neighborhood,cold,697
23,neighborhood,hot,699
23,state,hot,699
23,neighborhood,hot,702
23,state,hot,702
23,neighborhood,cold,705
23,neighborhood,cold,711
23,state,hot,717
23,neighborhood,hot,721
23,state,hot,721
23,neighborhood,cold,723
24,neighborhood,cold,101
24,neighborhood,hot,103
24,state,hot,103
24,state,hot,105
24,neighborhood,hot,108
24,neighborhood,hot,109
24,state,hot,113
24,neighborhood,hot,127
24,neighborhood,cold,128
24,neighborhood,cold,131
24,neighborhood,hot,132
24,neighborhood,hot,136
24,neighborhood,cold,138
24,neighborhood,cold,139
24,neighborhood,cold,149
24,neighborhood,hot,153
24,neighborhood,hot,162
24,neighborhood,hot,168
24,neighborhood,hot,173
24,state,hot,173
24,neighborhood,hot,177
24,neighborhood,hot,182
24,neighborhood,cold,183
24,neighborhood,hot,186
24,state,hot,186
24,neighborhood,hot,191
24,neighborhood,hot,193
24,neighborhood,cold,196
24,neighborhood,hot,210
24,neighborhood,cold,213
24,state,cold,213
24,neighborhood,hot,215
24,state,hot,215
24,neighborhood,cold,220
24,neighborhood,cold,221
24,neighborhood,hot,223
24,neighborhood,hot,226
24,state,hot,226
24,neighborhood,hot,228
24,neighborhood,hot,229
24,state,hot,229
24,state,hot,230
24,neighborhood,hot,234
24,neighborhood,cold,238
24,neighborhood,hot,239
24,neighborhood,hot,243
24,state,hot,243
24,neighborhood,hot,244
24,neighborhood,cold,245
24,neighborhood,hot,255
24,neighborhood,hot,268
24,state,hot,269
24,neighborhood,hot,272
24,state,hot,272
24,neighborhood,hot,274
24,state,hot,274
24,neighborhood,hot,278
24,state,hot,279
24,neighborhood,cold,283
24,neighborhood,cold,290
24,neighborhood,hot,295
24,neighborhood,hot,298
24,neighborhood,hot,302
24,neighborhood,hot,307
24,neighborhood,hot,309
24,state,hot,309
24,neighborhood,hot,313
24,state,hot,314
24,neighborhood,hot,315
24,state,hot,315
24,neighborhood,cold,318
24,neighborhood,cold,319
24,neighborhood,hot,322
24,state,hot,322
24,neighborhood,cold,325
24,neighborhood,hot,328
24,neighborhood,cold,333
24,state,cold,333
24,neighborhood,hot,334
24,state,hot,334
24,neighborhood,hot,335
24,state,hot,335
24,neighborhood,hot,337
24,state,hot,337
24,state,hot,340
24,neighborhood,hot,342
24,neighborhood,cold,344
24,neighborhood,hot,346
24,state,hot,346
24,neighborhood,hot,347
24,neighborhood,cold,348
24,neighborhood,hot,354
24,state,cold,355
24,neighborhood,hot,357
24,neighborhood,cold,358
24,neighborhood,cold,359
24,neighborhood,cold,360
24,neighborhood,cold,361
24,state,cold,361
24,neighborhood,hot,362
24,state,hot,362
24,neighborhood,cold,365
24,neighborhood,cold,369
24,neighborhood,hot,378
24,state,hot,378
24,neighborhood,cold,381
24,neighborhood,cold,385
24,neighborhood,cold,394
24,neighborhood,hot,398
24,state,hot,398
24,neighborhood,cold,402
24,state,hot,407
24,state,hot,411
24,neighborhood,cold,413
24,neighborhood,hot,418
24,state,hot,418
24,neighborhood,cold,422
24,state,cold,422
24,neighborhood,hot,431
24,neighborhood,hot,439
24,neighborhood,cold,440
24,neighborhood,hot,448
24,state,hot,448
24,neighborhood,hot,449
24,state,hot,449
24,neighborhood,hot,452
24,neighborhood,cold,456
24,neighborhood,hot,461
24,state,hot,461
24,neighborhood,cold,465
24,neighborhood,cold,470
24,neighborhood,hot,473
24,neighborhood,hot,480
24,state,hot,483
24,neighborhood,hot,488
24,state,hot,488
24,neighborhood,hot,489
24,neighborhood,hot,494
24,state,hot,494
24,neighborhood,hot,500
24,neighborhood,hot,504
24,neighborhood,cold,506
24,neighborhood,hot,511
24,state,hot,511
24,neighborhood,cold,515
24,state,cold,515
24,neighborhood,cold,518
24,neighborhood,cold,523
24,state,cold,523
24,neighborhood,hot,526
24,state,hot,526
24,neighborhood,cold,527
24,state,hot,528
24,neighborhood,hot,530
24,neighborhood,hot,531
24,neighborhood,hot,535
24,state,hot,535
24,neighborhood,hot,536
24,state,hot,536
24,neighborhood,cold,538
24,neighborhood,cold,541
24,neighborhood,cold,543
24,neighborhood,hot,547
24,state,hot,547
24,neighborhood,hot,548
24,state,hot,548
24,neighborhood,hot,549
24,neighborhood,hot,552
24,state,hot,552
24,neighborhood,cold,553
24,neighborhood,hot,561
24,neighborhood,hot,562
24,state,hot,562
24,neighborhood,hot,565
24,state,hot,565
24,neighborhood,cold,568
24,neighborhood,cold,570
24,neighborhood,cold,571
24,neighborhood,hot,574
24,state,hot,574
24,neighborhood,cold,576
24,state,hot,577
24,neighborhood,cold,584
24,state,hot,586
24,neighborhood,hot,587
24,state,hot,587
24,neighborhood,cold,588
24,neighborhood,hot,590
24,neighborhood,hot,594
24,neighborhood,hot,597
24,neighborhood,cold,602
24,neighborhood,hot,610
24,neighborhood,cold,611
24,neighborhood,cold,613
24,neighborhood,cold,614
24,neighborhood,cold,616
24,neighborhood,cold,618
24,neighborhood,hot,620
24,neighborhood,cold,622
24,neighborhood,cold,623
24,neighborhood,cold,630
24,state,hot,633
24,neighborhood,cold,638
24,neighborhood,cold,639
24,state,hot,640
24,neighborhood,hot,642
24,neighborhood,hot,650
24,neighborhood,hot,651
24,state,hot,651
24,neighborhood,cold,654
24,neighborhood,hot,655
24,neighborhood,hot,658
24,state,hot,658
24,neighborhood,cold,662
24,neighborhood,hot,665
24,state,hot,666
24,neighborhood,hot,668
24,neighborhood,hot,670
24,state,hot,670
24,neighborhood,hot,683
24,state,hot,684
24,neighborhood,hot,691
24,neighborhood,cold,692
24,neighborhood,cold,696
24,neighborhood,cold,697
24,neighborhood,hot,699
24,state,hot,699
24,neighborhood,hot,702
24,state,hot,702
24,neighborhood,cold,711
24,state,cold,712
24,neighborhood,cold,713
24,state,hot,717
24,neighborhood,hot,719
24,neighborhood,hot,721
24,state,hot,721
24,neighborhood,cold,723
25,neighborhood,cold,101
25,neighborhood,hot,102
25,neighborhood,hot,103
25,state,hot,103
25,state,hot,105
25,neighborhood,hot,109
25,neighborhood,hot,119
25,neighborhood,hot,127
25,state,hot,127
25,neighborhood,cold,128
25,neighborhood,cold,131
25,neighborhood,hot,132
25,neighborhood,hot,136
25,neighborhood,cold,139
25,neighborhood,cold,149
25,neighborhood,hot,153
25,neighborhood,hot,161
25,neighborhood,hot,162
25,neighborhood,hot,168
25,neighborhood,hot,173
25,state,hot,173
25,neighborhood,hot,177
25,neighborhood,hot,186
25,state,hot,186
25,neighborhood,hot,191
25,neighborhood,hot,194
25,neighborhood,cold,195
25,neighborhood,cold,196
25,neighborhood,cold,203
25,neighborhood,cold,206
25,neighborhood,hot,210
25,neighborhood,cold,213
25,state,cold,213
25,neighborhood,hot,215
25,state,hot,215
25,neighborhood,cold,220
25,neighborhood,hot,223
25,neighborhood,hot,226
25,state,hot,226
25,neighborhood,hot,228
25,state,hot,228
25,state,hot,229
25,neighborhood,hot,233
25,neighborhood,hot,234
25,neighborhood,cold,238
25,neighborhood,hot,239
25,neighborhood,hot,243
25,state,hot,243
25,neighborhood,hot,244
25,neighborhood,cold,245
25,neighborhood,hot,250
25,neighborhood,cold,254
25,state,hot,259
25,state,cold,262
25,state,hot,269
25,neighborhood,hot,272
25,state,hot,272
25,neighborhood,hot,274
25,state,hot,274
25,state,hot,279
25,neighborhood,cold,283
25,neighborhood,hot,302
25,neighborhood,hot,309
25,state,hot,309
25,state,hot,314
25,neighborhood,hot,315
25,state,hot,315
25,neighborhood,cold,318
25,neighborhood,cold,319
25,neighborhood,cold,320
25,state,hot,322
25,neighborhood,cold,324
25,neighborhood,cold,325
25,neighborhood,hot,328
25,state,cold,333
25,neighborhood,hot,334
25,state,hot,334
25,neighborhood,hot,335
25,state,hot,335
25,neighborhood,hot,337
25,state,hot,337
25,neighborhood,hot,340
25,state,hot,340
25,neighborhood,hot,342
25,neighborhood,cold,344
25,neighborhood,hot,346
25,state,hot,346
25,neighborhood,hot,347
25,state,hot,347
25,neighborhood,cold,348
25,neighborhood,hot,357
25,neighborhood,cold,358
25,neighborhood,cold,359
25,neighborhood,cold,360
25,neighborhood,cold,361
25,neighborhood,hot,362
25,state,hot,362
25,neighborhood,cold,365
25,neighborhood,cold,369
25,state,hot,374
25,neighborhood,hot,378
25,state,hot,378
25,neighborhood,cold,381
25,neighborhood,cold,382
25,neighborhood,hot,384
25,state,hot,384
25,neighborhood,cold,385
25,neighborhood,cold,394
25,neighborhood,hot,398
25,state,hot,398
25,state,cold,401
25,neighborhood,cold,403
25,state,hot,407
25,state,hot,411
25,neighborhood,cold,413
25,neighborhood,hot,418
25,state,hot,418
25,neighborhood,hot,420
25,neighborhood,cold,422
25,state,cold,422
25,state,cold,425
25,neighborhood,hot,426
25,neighborhood,cold,432
25,state,cold,432
25,neighborhood,hot,435
25,neighborhood,hot,437
25,neighborhood,cold,438
25,neighborhood,hot,439
25,neighborhood,hot,448
25,state,hot,448
25,neighborhood,hot,449
25,state,hot,449
25,neighborhood,hot,452
25,state,hot,452
25,neighborhood,cold,456
25,neighborhood,cold,458
25,neighborhood,hot,461
25,neighborhood,hot,473
25,neighborhood,hot,474
25,neighborhood,hot,480
25,state,hot,483
25,neighborhood,hot,488
25,state,hot,488
25,neighborhood,hot,489
25,neighborhood,hot,494
25,state,hot,494
25,neighborhood,hot,495
25,neighborhood,cold,510
25,neighborhood,hot,511
25,state,hot,511
25,state,cold,515
25,neighborhood,cold,518
25,state,cold,519
25,neighborhood,hot,520
25,neighborhood,cold,523
25,state,cold,523
25,neighborhood,hot,526
25,state,hot,526
25,neighborhood,cold,527
25,state,hot,528
25,neighborhood,hot,530
25,neighborhood,hot,531
25,neighborhood,hot,535
25,state,hot,535
25,neighborhood,hot,536
25,state,hot,536
25,neighborhood,cold,538
25,neighborhood,cold,541
25,neighborhood,cold,543
25,neighborhood,cold,545
25,neighborhood,hot,547
25,state,hot,547
25,state,hot,548
25,neighborhood,hot,552
25,state,hot,552
25,neighborhood,cold,553
25,neighborhood,hot,561
25,neighborhood,hot,562
25,state,hot,562
25,neighborhood,hot,565
25,state,hot,565
25,neighborhood,hot,566
25,neighborhood,cold,570
25,neighborhood,cold,571
25,neighborhood,hot,574
25,state,hot,574
25,neighborhood,cold,576
25,neighborhood,cold,584
25,state,hot,586
25,state,hot,587
25,neighborhood,cold,588
25,neighborhood,hot,594
25,neighborhood,cold,598
25,neighborhood,hot,610
25,neighborhood,cold,611
25,neighborhood,cold,613
25,neighborhood,cold,614
25,neighborhood,cold,615
25,neighborhood,cold,616
25,neighborhood,hot,620
25,neighborhood,cold,622
25,neighborhood,cold,623
25,neighborhood,cold,626
25,neighborhood,cold,629
25,neighborhood,cold,630
25,neighborhood,cold,631
25,neighborhood,cold,633
25,state,hot,633
25,neighborhood,cold,638
25,neighborhood,cold,639
25,state,hot,640
25,neighborhood,hot,642
25,neighborhood,hot,646
25,neighborhood,hot,650
25,neighborhood,hot,651
25,state,hot,651
25,neighborhood,cold,656
25,neighborhood,hot,658
25,state,hot,658
25,neighborhood,hot,663
25,neighborhood,hot,665
25,state,hot,666
25,neighborhood,hot,670
25,state,hot,670
25,neighborhood,hot,679
25,state,hot,684
25,neighborhood,cold,691
25,neighborhood,cold,692
25,neighborhood,cold,697
25,neighborhood,hot,699
25,state,hot,699
25,neighborhood,hot,702
25,state,hot,702
25,state,cold,712
25,neighborhood,cold,713
25,neighborhood,hot,719
25,state,hot,719
25,neighborhood,hot,721
25,state,hot,721
