{"Kalimpong_WB/369": ["Sikkim_SK/628", "Sikkim_SK/628", "Jalpaiguri_WB/345", "Darjeeling_WB/239"], "Madhubani_BR/452": ["Supaul_BR/656", "Sitamarhi_BR/636", "Darbhanga_BR/238", "Saharsa_BR/591"], "Saharsa_BR/591": ["Darbhanga_BR/238", "Khagaria_BR/394", "Samastipur_BR/595", "Supaul_BR/656", "Madhepura_BR/451", "Madhubani_BR/452"], "Darbhanga_BR/238": ["Sitamarhi_BR/636", "Saharsa_BR/591", "Samastipur_BR/595", "Muzaffarpur_BR/488", "Madhubani_BR/452"], "Supaul_BR/656": ["Araria_BR/127", "Madhepura_BR/451", "Saharsa_BR/591", "Madhubani_BR/452"], "Sitamarhi_BR/636": ["East Champaran_BR/267", "Darbhanga_BR/238", "Sheohar_BR/616", "Muzaffarpur_BR/488", "Madhubani_BR/452"], "Madhepura_BR/451": ["Saharsa_BR/591", "Khagaria_BR/394", "Supaul_BR/656", "Purnia_BR/556", "Bhagalpur_BR/177", "Araria_BR/127"], "Khagaria_BR/394": ["Saharsa_BR/591", "Samastipur_BR/595", "Madhepura_BR/451", "Bhagalpur_BR/177", "Munger_BR/485", "Begusarai_BR/170"], "Samastipur_BR/595": ["Darbhanga_BR/238", "Khagaria_BR/394", "Saharsa_BR/591", "Vaishali_BR/700", "Patna_BR/536", "Begusarai_BR/170", "Muzaffarpur_BR/488"], "Muzaffarpur_BR/488": ["East Champaran_BR/267", "Sitamarhi_BR/636", "Darbhanga_BR/238", "Samastipur_BR/595", "Sheohar_BR/616", "Vaishali_BR/700", "Gopalganj_BR/308", "Saran_BR/603"], "Araria_BR/127": ["Purnia_BR/556", "Supaul_BR/656", "Kishanganj_BR/403", "Madhepura_BR/451"], "East Champaran_BR/267": ["Sitamarhi_BR/636", "Sheohar_BR/616", "Gopalganj_BR/308", "Muzaffarpur_BR/488", "West Champaran_BR/713"], "Sheohar_BR/616": ["Sitamarhi_BR/636", "East Champaran_BR/267", "Muzaffarpur_BR/488"], "West Champaran_BR/713": ["Kushinagar_UP/430", "Maharajganj_UP/454", "Gopalganj_BR/308", "East Champaran_BR/267"], "Gopalganj_BR/308": ["East Champaran_BR/267", "Deoria_UP/247", "Kushinagar_UP/430", "Saran_BR/603", "Muzaffarpur_BR/488", "Siwan_BR/639", "West Champaran_BR/713"], "Anantnag_JK/123": ["Ganderbal_JK/291", "Srinagar_JK/651", "Ramban_JK/571", "Pulwama_JK/550", "Kargil_LA/383", "Doda_JK/263", "Kulgam_JK/424", "Kishtwar_JK/404", "Shopiyan_JK/622"], "Bandipora_JK/154": ["Ganderbal_JK/291", "Srinagar_JK/651", "Baramulla_JK/159", "Kargil_LA/383", "Kupwara_JK/426"], "Ganderbal_JK/291": ["Kargil_LA/383", "Bandipora_JK/154", "Anantnag_JK/123", "Srinagar_JK/651"], "Assam_AS/132": ["Mamit_MZ/464", "East Siang_AR/273", "South West Garo Hills_ML/647", "Mon_NL/479", "Lakhimpur Kheri_UP/433", "Changlang_AR/212", "East Jaintia Hills_ML/270", "Longding_AR/443", "North Garo Hills_ML/512", "Kohima_NL/407", "Lohit_AR/442", "Cooch Behar_WB/227", "West Kameng_AR/717", "Ribhoi_ML/581", "West Garo Hills_ML/714", "Wokha_NL/722", "Longleng_NL/444", "Manipur_MN/469", "Kamle_AR/371", "Dimapur_NL/259", "Papum Pare_AR/528", "Kolasib_MZ/409", "Peren_NL/539", "Tirap_AR/675", "Pakke Kessang_AR/517", "Namsai_AR/498", "Aizawl_MZ/105", "West Jaintia Hills_ML/716", "Alipurduar_WB/110", "North Tripura_TR/513", "Lower Dibang Valley_AR/445", "Mokokchung_NL/478", "Lower Siang_AR/446", "West Khasi Hills_ML/718"], "Dakshin Dinajpur_WB/233": ["Malda_WB/462", "Uttar Dinajpur_WB/696"], "Uttar Dinajpur_WB/696": ["Malda_WB/462", "Katihar_BR/389", "Darjeeling_WB/239", "Purnia_BR/556", "Dakshin Dinajpur_WB/233", "Kishanganj_BR/403"], "Malda_WB/462": ["Katihar_BR/389", "Sahibganj_JH/592", "Dakshin Dinajpur_WB/233", "Uttar Dinajpur_WB/696", "Murshidabad_WB/486"], "Kishanganj_BR/403": ["Purnia_BR/556", "Uttar Dinajpur_WB/696", "Araria_BR/127", "Darjeeling_WB/239"], "Sikkim_SK/628": ["Kalimpong_WB/369", "Sikkim_SK/628", "Sikkim_SK/628", "Darjeeling_WB/239"], "Purnia_BR/556": ["Katihar_BR/389", "Madhepura_BR/451", "Uttar Dinajpur_WB/696", "Kishanganj_BR/403", "Bhagalpur_BR/177", "Araria_BR/127"], "Katihar_BR/389": ["Malda_WB/462", "Sahibganj_JH/592", "Purnia_BR/556", "Uttar Dinajpur_WB/696", "Bhagalpur_BR/177"], "Ribhoi_ML/581": ["West Khasi Hills_ML/718", "East Khasi Hills_ML/272", "West Jaintia Hills_ML/716", "Assam_AS/132"], "West Khasi Hills_ML/718": ["Assam_AS/132", "East Garo Hills_ML/268", "South Garo Hills_ML/645", "North Garo Hills_ML/512", "East Khasi Hills_ML/272", "Ribhoi_ML/581", "South West Khasi Hills_ML/648"], "North Garo Hills_ML/512": ["West Garo Hills_ML/714", "East Garo Hills_ML/268", "West Khasi Hills_ML/718", "Assam_AS/132"], "Murshidabad_WB/486": ["Malda_WB/462", "Nadia_WB/491", "Purba Bardhaman_WB/553", "Birbhum_WB/193", "Sahibganj_JH/592", "Pakur_JH/518"], "Sahibganj_JH/592": ["Malda_WB/462", "Katihar_BR/389", "Godda_JH/304", "Bhagalpur_BR/177", "Pakur_JH/518", "Murshidabad_WB/486"], "Bhagalpur_BR/177": ["Katihar_BR/389", "Khagaria_BR/394", "Sahibganj_JH/592", "Purnia_BR/556", "Madhepura_BR/451", "Banka_BR/155", "Godda_JH/304", "Munger_BR/485"], "Barmer_RJ/163": ["Jaisalmer_RJ/338", "Kutch_GJ/431", "Jodhpur_RJ/362", "Jalore_RJ/344", "Pali_RJ/522"], "Jalore_RJ/344": ["Kutch_GJ/431", "Barmer_RJ/163", "Sirohi_RJ/634", "Banaskantha_GJ/152", "Pali_RJ/522"], "Jodhpur_RJ/362": ["Jaisalmer_RJ/338", "Bikaner_RJ/190", "Barmer_RJ/163", "Nagaur_RJ/493", "Pali_RJ/522"], "Pali_RJ/522": ["Rajsamand_RJ/568", "Udaipur_RJ/683", "Jodhpur_RJ/362", "Ajmer_RJ/106", "Barmer_RJ/163", "Jalore_RJ/344", "Sirohi_RJ/634", "Nagaur_RJ/493"], "Jaisalmer_RJ/338": ["Jodhpur_RJ/362", "Barmer_RJ/163", "Bikaner_RJ/190"], "Kutch_GJ/431": ["Patan_GJ/532", "Morbi_GJ/481", "Barmer_RJ/163", "Jalore_RJ/344", "Banaskantha_GJ/152", "Surendranagar_GJ/659"], "Sirohi_RJ/634": ["Sabarkantha_GJ/588", "Udaipur_RJ/683", "Banaskantha_GJ/152", "Jalore_RJ/344", "Pali_RJ/522"], "Banaskantha_GJ/152": ["Patan_GJ/532", "Sabarkantha_GJ/588", "Kutch_GJ/431", "Jalore_RJ/344", "Sirohi_RJ/634", "Mehsana_GJ/475"], "Bikaner_RJ/190": ["Jaisalmer_RJ/338", "Churu_RJ/225", "Hanumangarh_RJ/318", "Jodhpur_RJ/362", "Ganganagar_RJ/293", "Nagaur_RJ/493"], "Nagaur_RJ/493": ["Sikar_RJ/627", "Churu_RJ/225", "Bikaner_RJ/190", "Jaipur_RJ/337", "Jodhpur_RJ/362", "Ajmer_RJ/106", "Pali_RJ/522"], "Ajmer_RJ/106": ["Bhilwara_RJ/182", "Rajsamand_RJ/568", "Tonk_RJ/680", "Jaipur_RJ/337", "Nagaur_RJ/493", "Pali_RJ/522"], "Rajsamand_RJ/568": ["Bhilwara_RJ/182", "Chittorgarh_RJ/224", "Udaipur_RJ/683", "Ajmer_RJ/106", "Pali_RJ/522"], "Udaipur_RJ/683": ["Sabarkantha_GJ/588", "Chittorgarh_RJ/224", "Dungarpur_RJ/265", "Aravalli_GJ/128", "Rajsamand_RJ/568", "Pratapgarh_RJ/545", "Sirohi_RJ/634", "Pali_RJ/522"], "Unnao_UP/690": ["Fatehpur_UP/284", "Kanpur Nagar_UP/378", "Rae Bareli_UP/558", "Lucknow_UP/448", "Hardoi_UP/321"], "Hardoi_UP/321": ["Sitapur_UP/637", "Farrukhabad_UP/281", "Unnao_UP/690", "Shahjahanpur_UP/612", "Kanpur Nagar_UP/378", "Pilibhit_UP/541", "Kannauj_UP/375", "Lucknow_UP/448", "Bahraich_UP/141", "Hardoi_UP/321"], "Lucknow_UP/448": ["Sitapur_UP/637", "Unnao_UP/690", "Barabanki_UP/158", "Rae Bareli_UP/558", "Hardoi_UP/321"], "Kanpur Nagar_UP/378": ["Kanpur Dehat_UP/377", "Fatehpur_UP/284", "Unnao_UP/690", "Hamirpur_UP/317", "Kannauj_UP/375", "Hardoi_UP/321"], "Fatehpur_UP/284": ["Pratapgarh_UP/546", "Chitrakoot_UP/222", "Unnao_UP/690", "Banda_UP/153", "Hamirpur_UP/317", "Kaushambi_UP/391", "Kanpur Nagar_UP/378", "Rae Bareli_UP/558"], "Rae Bareli_UP/558": ["Pratapgarh_UP/546", "Fatehpur_UP/284", "Unnao_UP/690", "Kaushambi_UP/391", "Barabanki_UP/158", "Lucknow_UP/448", "Amethi_UP/116"], "Kanyakumari_TN/379": ["Thiruvananthapuram_KL/670", "Tirunelveli_TN/677"], "Tirunelveli_TN/677": ["Kollam_KL/412", "Thiruvananthapuram_KL/670", "Thoothukkudi_TN/672", "Pathanamthitta_KL/533", "Virudhunagar_TN/707", "Kanyakumari_TN/379", "Idukki_KL/333"], "Thiruvananthapuram_KL/670": ["Kollam_KL/412", "Kanyakumari_TN/379", "Tirunelveli_TN/677"], "Virudhunagar_TN/707": ["Thoothukkudi_TN/672", "Tirunelveli_TN/677", "Sivaganga_TN/638", "Ramanathapuram_TN/570", "Idukki_KL/333", "Theni_TN/668", "Madurai_TN/453"], "Idukki_KL/333": ["Tiruppur_TN/678", "Theni_TN/668", "Tirunelveli_TN/677", "Kottayam_KL/419", "Pathanamthitta_KL/533", "Virudhunagar_TN/707", "Dindigul_TN/260", "Coimbatore_TN/226", "Ernakulam_KL/275"], "Lahaul and Spiti_HP/432": ["Leh_LA/439", "Kullu_HP/425", "Chamba_HP/205", "Kargil_LA/383", "Kinnaur_HP/401", "Kishtwar_JK/404", "Kangra_HP/374"], "Kinnaur_HP/401": ["Lahaul and Spiti_HP/432", "Kullu_HP/425", "Uttarkashi_UT/698", "Shimla_HP/619"], "Kullu_HP/425": ["Lahaul and Spiti_HP/432", "Shimla_HP/619", "Mandi_HP/465", "Kinnaur_HP/401", "Kangra_HP/374"], "Chamba_HP/205": ["Kathua_JK/388", "Lahaul and Spiti_HP/432", "Doda_JK/263", "Kishtwar_JK/404", "Kangra_HP/374", "Pathankot_PB/534"], "Kangra_HP/374": ["Una_HP/689", "Hoshiarpur_PB/331", "Lahaul and Spiti_HP/432", "Gurdaspur_PB/313", "Hamirpur_HP/316", "Kullu_HP/425", "Chamba_HP/205", "Mandi_HP/465", "Pathankot_PB/534"], "Leh_LA/439": ["Lahaul and Spiti_HP/432", "Kargil_LA/383"], "Kargil_LA/383": ["Ganderbal_JK/291", "Bandipora_JK/154", "Leh_LA/439", "Lahaul and Spiti_HP/432", "Kishtwar_JK/404", "Anantnag_JK/123"], "Kishtwar_JK/404": ["Lahaul and Spiti_HP/432", "Kargil_LA/383", "Chamba_HP/205", "Doda_JK/263", "Anantnag_JK/123"], "Shimla_HP/619": ["Dehradun_UT/243", "Solan_HP/640", "Kullu_HP/425", "Mandi_HP/465", "Sirmaur_HP/633", "Kinnaur_HP/401", "Uttarkashi_UT/698"], "Uttarkashi_UT/698": ["Chamoli_UT/206", "Tehri Garhwal_UT/664", "Dehradun_UT/243", "Shimla_HP/619", "Kinnaur_HP/401", "Rudraprayag_UT/584"], "Mandi_HP/465": ["Solan_HP/640", "Bilaspur_HP/192", "Shimla_HP/619", "Hamirpur_HP/316", "Kullu_HP/425", "Kangra_HP/374"], "Kathua_JK/388": ["Udhampur_JK/685", "Samba_JK/596", "Chamba_HP/205", "Doda_JK/263", "Pathankot_PB/534"], "Pathankot_PB/534": ["Gurdaspur_PB/313", "Kathua_JK/388", "Kangra_HP/374", "Chamba_HP/205"], "Doda_JK/263": ["Kathua_JK/388", "Ramban_JK/571", "Udhampur_JK/685", "Chamba_HP/205", "Kishtwar_JK/404", "Anantnag_JK/123"], "Una_HP/689": ["Hoshiarpur_PB/331", "Bilaspur_HP/192", "Hamirpur_HP/316", "Rupnagar_PB/585", "Kangra_HP/374"], "Hamirpur_HP/316": ["Mandi_HP/465", "Kangra_HP/374", "Una_HP/689", "Bilaspur_HP/192"], "Gurdaspur_PB/313": ["Hoshiarpur_PB/331", "Kapurthala_PB/380", "Amritsar_PB/119", "Kangra_HP/374", "Pathankot_PB/534"], "Hoshiarpur_PB/331": ["Una_HP/689", "Shahid Bhagat Singh Nagar_PB/611", "Gurdaspur_PB/313", "Kapurthala_PB/380", "Jalandhar_PB/340", "Rupnagar_PB/585", "Kangra_HP/374"], "Bilaspur_HP/192": ["Una_HP/689", "Solan_HP/640", "Hamirpur_HP/316", "Mandi_HP/465", "Rupnagar_PB/585"], "Rupnagar_PB/585": ["Una_HP/689", "Hoshiarpur_PB/331", "Solan_HP/640", "S.A.S. Nagar_PB/586", "Ludhiana_PB/449", "Bilaspur_HP/192", "Fatehgarh Sahib_PB/283", "Shahid Bhagat Singh Nagar_PB/611"], "Solan_HP/640": ["S.A.S. Nagar_PB/586", "Bilaspur_HP/192", "Shimla_HP/619", "Mandi_HP/465", "Rupnagar_PB/585", "Sirmaur_HP/633", "Panchkula_HR/524"], "Sirmaur_HP/633": ["Yamunanagar_HR/725", "Dehradun_UT/243", "Solan_HP/640", "Saharanpur_UP/590", "Ambala_HR/114", "Shimla_HP/619", "Panchkula_HR/524"], "Panchkula_HR/524": ["Solan_HP/640", "S.A.S. Nagar_PB/586", "Ambala_HR/114", "Chandigarh_CH/210", "Sirmaur_HP/633"], "S.A.S. Nagar_PB/586": ["Patiala_PB/535", "Solan_HP/640", "Ambala_HR/114", "Chandigarh_CH/210", "Rupnagar_PB/585", "Fatehgarh Sahib_PB/283", "Panchkula_HR/524"], "Dehradun_UT/243": ["Tehri Garhwal_UT/664", "Haridwar_UT/322", "Saharanpur_UP/590", "Shimla_HP/619", "Sirmaur_HP/633", "Uttarkashi_UT/698", "Pauri Garhwal_UT/537"], "Ambala_HR/114": ["Patiala_PB/535", "Yamunanagar_HR/725", "S.A.S. Nagar_PB/586", "Kurukshetra_HR/428", "Sirmaur_HP/633", "Panchkula_HR/524"], "Saharanpur_UP/590": ["Shamli_UP/614", "Yamunanagar_HR/725", "Dehradun_UT/243", "Haridwar_UT/322", "Muzaffarnagar_UP/487", "Sirmaur_HP/633", "Karnal_HR/384"], "Yamunanagar_HR/725": ["Saharanpur_UP/590", "Kurukshetra_HR/428", "Ambala_HR/114", "Sirmaur_HP/633", "Karnal_HR/384"], "Chamoli_UT/206": ["Almora_UT/112", "Rudraprayag_UT/584", "Bageshwar_UT/139", "Uttarkashi_UT/698", "Pithoragarh_UT/542", "Pauri Garhwal_UT/537"], "Rudraprayag_UT/584": ["Uttarkashi_UT/698", "Pauri Garhwal_UT/537", "Chamoli_UT/206", "Tehri Garhwal_UT/664"], "Tehri Garhwal_UT/664": ["Dehradun_UT/243", "Uttarkashi_UT/698", "Pauri Garhwal_UT/537", "Rudraprayag_UT/584"], "Pithoragarh_UT/542": ["Almora_UT/112", "Bageshwar_UT/139", "Champawat_UT/207", "Chamoli_UT/206"], "Bageshwar_UT/139": ["Almora_UT/112", "Pithoragarh_UT/542", "Chamoli_UT/206"], "Almora_UT/112": ["Nainital_UT/495", "Chamoli_UT/206", "Champawat_UT/207", "Bageshwar_UT/139", "Pithoragarh_UT/542", "Pauri Garhwal_UT/537"], "Pauri Garhwal_UT/537": ["Nainital_UT/495", "Chamoli_UT/206", "Almora_UT/112", "Haridwar_UT/322", "Bijnor_UP/189", "Dehradun_UT/243", "Tehri Garhwal_UT/664", "Rudraprayag_UT/584"], "Champawat_UT/207": ["Almora_UT/112", "Udham Singh Nagar_UT/684", "Pithoragarh_UT/542", "Nainital_UT/495"], "Nainital_UT/495": ["Udham Singh Nagar_UT/684", "Bijnor_UP/189", "Almora_UT/112", "Champawat_UT/207", "Pauri Garhwal_UT/537"], "Udham Singh Nagar_UT/684": ["Moradabad_UP/480", "Nainital_UT/495", "Bijnor_UP/189", "Bareilly_UP/161", "Champawat_UT/207", "Rampur_UP/573", "Pilibhit_UP/541"], "Bijnor_UP/189": ["Amroha_UP/120", "Udham Singh Nagar_UT/684", "Nainital_UT/495", "Meerut_UP/474", "Haridwar_UT/322", "Muzaffarnagar_UP/487", "Pauri Garhwal_UT/537", "Moradabad_UP/480"], "Bareilly_UP/161": ["Budaun_UP/197", "Udham Singh Nagar_UT/684", "Shahjahanpur_UP/612", "Rampur_UP/573", "Pilibhit_UP/541"], "Moradabad_UP/480": ["Budaun_UP/197", "Amroha_UP/120", "Udham Singh Nagar_UT/684", "Bijnor_UP/189", "Sambhal_UP/598", "Rampur_UP/573"], "Rampur_UP/573": ["Budaun_UP/197", "Udham Singh Nagar_UT/684", "Bareilly_UP/161", "Moradabad_UP/480"], "Pilibhit_UP/541": ["Udham Singh Nagar_UT/684", "Bareilly_UP/161", "Shahjahanpur_UP/612", "Hardoi_UP/321"], "Haridwar_UT/322": ["Bijnor_UP/189", "Dehradun_UT/243", "Saharanpur_UP/590", "Muzaffarnagar_UP/487", "Pauri Garhwal_UT/537"], "Muzaffarnagar_UP/487": ["Shamli_UP/614", "Meerut_UP/474", "Bijnor_UP/189", "Haridwar_UT/322", "Saharanpur_UP/590", "Baghpat_UP/140"], "Nilgiris_TN/509": ["Erode_TN/276", "Coimbatore_TN/226", "Chamarajanagara_KA/204", "Palakkad_KL/519", "Malappuram_KL/461", "Wayanad_KL/712"], "Coimbatore_TN/226": ["Tiruppur_TN/678", "Erode_TN/276", "Nilgiris_TN/509", "Thrissur_KL/673", "Palakkad_KL/519", "Idukki_KL/333", "Ernakulam_KL/275"], "Erode_TN/276": ["Tiruppur_TN/678", "Nilgiris_TN/509", "Coimbatore_TN/226", "Karur_TN/385", "Chamarajanagara_KA/204", "Namakkal_TN/497", "Dharmapuri_TN/254", "Salem_TN/594"], "Palakkad_KL/519": ["Malappuram_KL/461", "Nilgiris_TN/509", "Thrissur_KL/673", "Coimbatore_TN/226"], "Malappuram_KL/461": ["Nilgiris_TN/509", "Thrissur_KL/673", "Palakkad_KL/519", "Wayanad_KL/712", "Kozhikode_KL/420"], "Wayanad_KL/712": ["Kodagu_KA/405", "Nilgiris_TN/509", "Chamarajanagara_KA/204", "Mysuru_KA/489", "Malappuram_KL/461", "Kannur_KL/376", "Kozhikode_KL/420"], "Chamarajanagara_KA/204": ["Erode_TN/276", "Nilgiris_TN/509", "Krishnagiri_TN/423", "Mysuru_KA/489", "Mandya_KA/468", "Dharmapuri_TN/254", "Ramanagara_KA/569", "Wayanad_KL/712", "Salem_TN/594"], "Jalpaiguri_WB/345": ["Alipurduar_WB/110", "Kalimpong_WB/369", "Cooch Behar_WB/227", "Darjeeling_WB/239"], "Cooch Behar_WB/227": ["Alipurduar_WB/110", "Jalpaiguri_WB/345", "Assam_AS/132"], "Darjeeling_WB/239": ["Kalimpong_WB/369", "Uttar Dinajpur_WB/696", "Kishanganj_BR/403", "Jalpaiguri_WB/345", "Sikkim_SK/628"], "Alipurduar_WB/110": ["Cooch Behar_WB/227", "Jalpaiguri_WB/345", "Assam_AS/132"], "Thoothukkudi_TN/672": ["Ramanathapuram_TN/570", "Virudhunagar_TN/707", "Tirunelveli_TN/677"], "Kollam_KL/412": ["Alappuzha_KL/108", "Pathanamthitta_KL/533", "Thiruvananthapuram_KL/670", "Tirunelveli_TN/677"], "Pathanamthitta_KL/533": ["Kollam_KL/412", "Tirunelveli_TN/677", "Kottayam_KL/419", "Alappuzha_KL/108", "Idukki_KL/333"], "Pudukkottai_TN/549": ["Sivaganga_TN/638", "Tiruchirappalli_TN/676", "Ramanathapuram_TN/570", "Thanjavur_TN/667"], "Sivaganga_TN/638": ["Tiruchirappalli_TN/676", "Ramanathapuram_TN/570", "Virudhunagar_TN/707", "Pudukkottai_TN/549", "Madurai_TN/453"], "Tiruchirappalli_TN/676": ["Perambalur_TN/538", "Ariyalur_TN/129", "Karur_TN/385", "Sivaganga_TN/638", "Salem_TN/594", "Thanjavur_TN/667", "Dindigul_TN/260", "Namakkal_TN/497", "Pudukkottai_TN/549", "Madurai_TN/453"], "Thanjavur_TN/667": ["Tiruchirappalli_TN/676", "Nagapattinam_TN/492", "Thiruvarur_TN/671", "Ariyalur_TN/129", "Cuddalore_TN/228", "Pudukkottai_TN/549"], "Ramanathapuram_TN/570": ["Sivaganga_TN/638", "Virudhunagar_TN/707", "Pudukkottai_TN/549", "Thoothukkudi_TN/672"], "Madurai_TN/453": ["Tiruchirappalli_TN/676", "Theni_TN/668", "Sivaganga_TN/638", "Virudhunagar_TN/707", "Dindigul_TN/260"], "Theni_TN/668": ["Dindigul_TN/260", "Idukki_KL/333", "Virudhunagar_TN/707", "Madurai_TN/453"], "Dindigul_TN/260": ["Tiruppur_TN/678", "Tiruchirappalli_TN/676", "Theni_TN/668", "Karur_TN/385", "Idukki_KL/333", "Madurai_TN/453"], "Karur_TN/385": ["Erode_TN/276", "Tiruchirappalli_TN/676", "Tiruppur_TN/678", "Dindigul_TN/260", "Namakkal_TN/497"], "Tiruppur_TN/678": ["Erode_TN/276", "Karur_TN/385", "Coimbatore_TN/226", "Dindigul_TN/260", "Idukki_KL/333"], "Ernakulam_KL/275": ["Coimbatore_TN/226", "Kottayam_KL/419", "Alappuzha_KL/108", "Thrissur_KL/673", "Idukki_KL/333"], "Kottayam_KL/419": ["Alappuzha_KL/108", "Pathanamthitta_KL/533", "Ernakulam_KL/275", "Idukki_KL/333"], "Thrissur_KL/673": ["Malappuram_KL/461", "Ernakulam_KL/275", "Palakkad_KL/519", "Coimbatore_TN/226"], "Namakkal_TN/497": ["Erode_TN/276", "Tiruchirappalli_TN/676", "Salem_TN/594", "Karur_TN/385"], "Salem_TN/594": ["Erode_TN/276", "Tiruchirappalli_TN/676", "Kallakurichi_TN/370", "Perambalur_TN/538", "Chamarajanagara_KA/204", "Dharmapuri_TN/254", "Namakkal_TN/497"], "Dharmapuri_TN/254": ["Erode_TN/276", "Kallakurichi_TN/370", "Chamarajanagara_KA/204", "Krishnagiri_TN/423", "Salem_TN/594", "Tiruvannamalai_TN/679"], "Perambalur_TN/538": ["Tiruchirappalli_TN/676", "Kallakurichi_TN/370", "Ariyalur_TN/129", "Cuddalore_TN/228", "Salem_TN/594"], "Kallakurichi_TN/370": ["Perambalur_TN/538", "Tiruvannamalai_TN/679", "Dharmapuri_TN/254", "Cuddalore_TN/228", "Salem_TN/594", "Viluppuram_TN/706"], "Ariyalur_TN/129": ["Cuddalore_TN/228", "Tiruchirappalli_TN/676", "Perambalur_TN/538", "Thanjavur_TN/667"], "Tiruvannamalai_TN/679": ["Kallakurichi_TN/370", "Krishnagiri_TN/423", "Kancheepuram_TN/372", "Vellore_TN/703", "Dharmapuri_TN/254", "Viluppuram_TN/706"], "Krishnagiri_TN/423": ["Chittoor_AP/223", "Bengaluru Rural_KA/172", "Chamarajanagara_KA/204", "Bengaluru Urban_KA/173", "Kolar_KA/408", "Vellore_TN/703", "Dharmapuri_TN/254", "Ramanagara_KA/569", "Tiruvannamalai_TN/679"], "Cuddalore_TN/228": ["Kallakurichi_TN/370", "Perambalur_TN/538", "Thanjavur_TN/667", "Nagapattinam_TN/492", "Puducherry_PY/548", "Ariyalur_TN/129", "Viluppuram_TN/706"], "Nagapattinam_TN/492": ["Karaikal_PY/381", "Cuddalore_TN/228", "Thiruvarur_TN/671", "Thanjavur_TN/667"], "Viluppuram_TN/706": ["Kallakurichi_TN/370", "Kancheepuram_TN/372", "Puducherry_PY/548", "Cuddalore_TN/228", "Tiruvannamalai_TN/679"], "Puducherry_PY/548": ["Cuddalore_TN/228", "Viluppuram_TN/706"], "Kancheepuram_TN/372": ["Thiruvallur_TN/669", "Chennai_TN/215", "Vellore_TN/703", "Tiruvannamalai_TN/679", "Viluppuram_TN/706"], "Thiruvallur_TN/669": ["Chittoor_AP/223", "Chennai_TN/215", "Kancheepuram_TN/372", "S.P.S. Nellore_AP/587", "Vellore_TN/703"], "Vellore_TN/703": ["Chittoor_AP/223", "Krishnagiri_TN/423", "Thiruvallur_TN/669", "Kancheepuram_TN/372", "Tiruvannamalai_TN/679"], "Chennai_TN/215": ["Thiruvallur_TN/669", "Kancheepuram_TN/372"], "Karaikal_PY/381": ["Nagapattinam_TN/492", "Thiruvarur_TN/671"], "Thiruvarur_TN/671": ["Karaikal_PY/381", "Nagapattinam_TN/492", "Thanjavur_TN/667"], "S.P.S. Nellore_AP/587": ["Thiruvallur_TN/669", "Y.S.R. Kadapa_AP/723", "Chittoor_AP/223", "Prakasam_AP/544"], "Chittoor_AP/223": ["Chikkaballapura_KA/219", "Anantapur_AP/122", "Krishnagiri_TN/423", "Thiruvallur_TN/669", "Y.S.R. Kadapa_AP/723", "S.P.S. Nellore_AP/587", "Kolar_KA/408", "Vellore_TN/703"], "Delhi_DL/244": ["Faridabad_HR/279", "Jhajjar_HR/355", "Sonipat_HR/643", "Gurugram_HR/314", "Gautam Buddha Nagar_UP/297", "Baghpat_UP/140", "Ghaziabad_UP/299"], "Gautam Buddha Nagar_UP/297": ["Hapur_UP/319", "Faridabad_HR/279", "Delhi_DL/244", "Aligarh_UP/109", "Palwal_HR/523", "Bulandshahr_UP/199", "Ghaziabad_UP/299"], "Ghaziabad_UP/299": ["Hapur_UP/319", "Meerut_UP/474", "Delhi_DL/244", "Delhi_DL/244", "Gautam Buddha Nagar_UP/297", "Baghpat_UP/140"], "Sonipat_HR/643": ["Rohtak_HR/582", "Jind_HR/361", "Jhajjar_HR/355", "Delhi_DL/244", "Panipat_HR/526", "Baghpat_UP/140"], "Baghpat_UP/140": ["Shamli_UP/614", "Meerut_UP/474", "Delhi_DL/244", "Muzaffarnagar_UP/487", "Sonipat_HR/643", "Panipat_HR/526", "Ghaziabad_UP/299"], "Jhajjar_HR/355": ["Rohtak_HR/582", "Charkhi Dadri_HR/213", "Delhi_DL/244", "Gurugram_HR/314", "Mahendragarh_HR/457", "Sonipat_HR/643", "Rewari_HR/580"], "Gurugram_HR/314": ["Faridabad_HR/279", "Nuh_HR/515", "Jhajjar_HR/355", "Delhi_DL/244", "Palwal_HR/523", "Rewari_HR/580", "Delhi_DL/244"], "Faridabad_HR/279": ["Delhi_DL/244", "Gautam Buddha Nagar_UP/297", "Palwal_HR/523", "Gurugram_HR/314"], "Kurukshetra_HR/428": ["Patiala_PB/535", "Yamunanagar_HR/725", "Ambala_HR/114", "Karnal_HR/384", "Kaithal_HR/366"], "Patiala_PB/535": ["Jind_HR/361", "S.A.S. Nagar_PB/586", "Kurukshetra_HR/428", "Ambala_HR/114", "Fatehgarh Sahib_PB/283", "Sangrur_PB/600", "Kaithal_HR/366"], "Chandigarh_CH/210": ["Panchkula_HR/524", "S.A.S. Nagar_PB/586"], "Karnal_HR/384": ["Shamli_UP/614", "Yamunanagar_HR/725", "Jind_HR/361", "Saharanpur_UP/590", "Kurukshetra_HR/428", "Panipat_HR/526", "Kaithal_HR/366"], "Kaithal_HR/366": ["Kurukshetra_HR/428", "Karnal_HR/384", "Patiala_PB/535", "Jind_HR/361"], "Panipat_HR/526": ["Shamli_UP/614", "Jind_HR/361", "Sonipat_HR/643", "Karnal_HR/384", "Baghpat_UP/140"], "Jind_HR/361": ["Rohtak_HR/582", "Patiala_PB/535", "Sangrur_PB/600", "Fatehabad_HR/282", "Sonipat_HR/643", "Panipat_HR/526", "Hisar_HR/328", "Karnal_HR/384", "Kaithal_HR/366"], "Shamli_UP/614": ["Saharanpur_UP/590", "Muzaffarnagar_UP/487", "Panipat_HR/526", "Karnal_HR/384", "Baghpat_UP/140"], "Rohtak_HR/582": ["Bhiwani_HR/184", "Charkhi Dadri_HR/213", "Jind_HR/361", "Jhajjar_HR/355", "Sonipat_HR/643", "Hisar_HR/328"], "Hisar_HR/328": ["Bhiwani_HR/184", "Rohtak_HR/582", "Jind_HR/361", "Hanumangarh_RJ/318", "Fatehabad_HR/282"], "Fatehabad_HR/282": ["Jind_HR/361", "Hanumangarh_RJ/318", "Sirsa_HR/635", "Hisar_HR/328", "Sangrur_PB/600", "Mansa_PB/470"], "Sangrur_PB/600": ["Patiala_PB/535", "Jind_HR/361", "Ludhiana_PB/449", "Fatehabad_HR/282", "Barnala_PB/164", "Fatehgarh Sahib_PB/283", "Mansa_PB/470"], "Bhiwani_HR/184": ["Rohtak_HR/582", "Churu_RJ/225", "Charkhi Dadri_HR/213", "Hanumangarh_RJ/318", "Mahendragarh_HR/457", "Jhunjhunu_RJ/360", "Hisar_HR/328"], "Hanumangarh_RJ/318": ["Bhiwani_HR/184", "Churu_RJ/225", "Bikaner_RJ/190", "Fazilka_PB/285", "Sirsa_HR/635", "Fatehabad_HR/282", "Sri Muktsar Sahib_PB/649", "Ganganagar_RJ/293", "Hisar_HR/328"], "Sirsa_HR/635": ["Hanumangarh_RJ/318", "Fatehabad_HR/282", "Sri Muktsar Sahib_PB/649", "Bathinda_PB/168", "Mansa_PB/470"], "Mansa_PB/470": ["Fatehabad_HR/282", "Sirsa_HR/635", "Barnala_PB/164", "Bathinda_PB/168", "Sangrur_PB/600"], "Bathinda_PB/168": ["Sirsa_HR/635", "Sri Muktsar Sahib_PB/649", "Moga_PB/477", "Barnala_PB/164", "Faridkot_PB/280", "Mansa_PB/470"], "Sri Muktsar Sahib_PB/649": ["Hanumangarh_RJ/318", "Fazilka_PB/285", "Sirsa_HR/635", "Ferozepur_PB/286", "Bathinda_PB/168", "Faridkot_PB/280"], "Charkhi Dadri_HR/213": ["Mahendragarh_HR/457", "Jhajjar_HR/355", "Rohtak_HR/582", "Bhiwani_HR/184"], "Mahendragarh_HR/457": ["Bhiwani_HR/184", "Sikar_RJ/627", "Charkhi Dadri_HR/213", "Jhajjar_HR/355", "Jaipur_RJ/337", "Rewari_HR/580", "Jhunjhunu_RJ/360", "Alwar_RJ/113"], "Rewari_HR/580": ["Nuh_HR/515", "Jhajjar_HR/355", "Mahendragarh_HR/457", "Gurugram_HR/314", "Alwar_RJ/113"], "Churu_RJ/225": ["Bhiwani_HR/184", "Sikar_RJ/627", "Bikaner_RJ/190", "Hanumangarh_RJ/318", "Jhunjhunu_RJ/360", "Nagaur_RJ/493"], "Jhunjhunu_RJ/360": ["Mahendragarh_HR/457", "Sikar_RJ/627", "Churu_RJ/225", "Bhiwani_HR/184"], "Sikar_RJ/627": ["Churu_RJ/225", "Jaipur_RJ/337", "Mahendragarh_HR/457", "Jhunjhunu_RJ/360", "Nagaur_RJ/493"], "Alwar_RJ/113": ["Nuh_HR/515", "Jaipur_RJ/337", "Bharatpur_RJ/179", "Dausa_RJ/241", "Mahendragarh_HR/457", "Rewari_HR/580"], "Jaipur_RJ/337": ["Sikar_RJ/627", "Tonk_RJ/680", "Dausa_RJ/241", "Mahendragarh_HR/457", "Ajmer_RJ/106", "Alwar_RJ/113", "Nagaur_RJ/493"], "Nuh_HR/515": ["Mathura_UP/471", "Bharatpur_RJ/179", "Palwal_HR/523", "Gurugram_HR/314", "Rewari_HR/580", "Alwar_RJ/113"], "Palwal_HR/523": ["Faridabad_HR/279", "Mathura_UP/471", "Nuh_HR/515", "Aligarh_UP/109", "Gurugram_HR/314", "Gautam Buddha Nagar_UP/297"], "Udhampur_JK/685": ["Kathua_JK/388", "Reasi_JK/578", "Ramban_JK/571", "Jammu_JK/346", "Doda_JK/263", "Samba_JK/596"], "Jammu_JK/346": ["Rajouri_JK/567", "Udhampur_JK/685", "Reasi_JK/578", "Samba_JK/596"], "Reasi_JK/578": ["Rajouri_JK/567", "Ramban_JK/571", "Udhampur_JK/685", "Jammu_JK/346", "Kulgam_JK/424", "Punch_JK/551"], "Samba_JK/596": ["Jammu_JK/346", "Udhampur_JK/685", "Kathua_JK/388"], "Ramban_JK/571": ["Reasi_JK/578", "Udhampur_JK/685", "Doda_JK/263", "Kulgam_JK/424", "Anantnag_JK/123"], "Rajouri_JK/567": ["Jammu_JK/346", "Punch_JK/551", "Reasi_JK/578", "Kulgam_JK/424"], "Punch_JK/551": ["Reasi_JK/578", "Rajouri_JK/567", "Baramulla_JK/159", "Budgam_JK/198", "Kulgam_JK/424"], "Kulgam_JK/424": ["Reasi_JK/578", "Rajouri_JK/567", "Ramban_JK/571", "Budgam_JK/198", "Anantnag_JK/123", "Shopiyan_JK/622", "Punch_JK/551"], "Budgam_JK/198": ["Srinagar_JK/651", "Pulwama_JK/550", "Baramulla_JK/159", "Kulgam_JK/424", "Shopiyan_JK/622", "Punch_JK/551"], "Baramulla_JK/159": ["Bandipora_JK/154", "Srinagar_JK/651", "Budgam_JK/198", "Kupwara_JK/426", "Punch_JK/551"], "Pulwama_JK/550": ["Anantnag_JK/123", "Budgam_JK/198", "Shopiyan_JK/622", "Srinagar_JK/651"], "Srinagar_JK/651": ["Ganderbal_JK/291", "Bandipora_JK/154", "Pulwama_JK/550", "Budgam_JK/198", "Baramulla_JK/159", "Anantnag_JK/123"], "Shopiyan_JK/622": ["Pulwama_JK/550", "Anantnag_JK/123", "Budgam_JK/198", "Kulgam_JK/424"], "Kupwara_JK/426": ["Bandipora_JK/154", "Baramulla_JK/159"], "Fatehgarh Sahib_PB/283": ["Patiala_PB/535", "S.A.S. Nagar_PB/586", "Ludhiana_PB/449", "Rupnagar_PB/585", "Sangrur_PB/600"], "Ludhiana_PB/449": ["Shahid Bhagat Singh Nagar_PB/611", "Jalandhar_PB/340", "Barnala_PB/164", "Moga_PB/477", "Rupnagar_PB/585", "Fatehgarh Sahib_PB/283", "Sangrur_PB/600"], "Moga_PB/477": ["Ludhiana_PB/449", "Jalandhar_PB/340", "Barnala_PB/164", "Ferozepur_PB/286", "Bathinda_PB/168", "Faridkot_PB/280"], "Jalandhar_PB/340": ["Hoshiarpur_PB/331", "Shahid Bhagat Singh Nagar_PB/611", "Kapurthala_PB/380", "Ludhiana_PB/449", "Moga_PB/477", "Ferozepur_PB/286"], "Shahid Bhagat Singh Nagar_PB/611": ["Hoshiarpur_PB/331", "Kapurthala_PB/380", "Ludhiana_PB/449", "Jalandhar_PB/340", "Rupnagar_PB/585"], "Barnala_PB/164": ["Ludhiana_PB/449", "Moga_PB/477", "Bathinda_PB/168", "Sangrur_PB/600", "Mansa_PB/470"], "Faridkot_PB/280": ["Moga_PB/477", "Bathinda_PB/168", "Ferozepur_PB/286", "Sri Muktsar Sahib_PB/649"], "Ferozepur_PB/286": ["Tarn Taran_PB/662", "Kapurthala_PB/380", "Fazilka_PB/285", "Jalandhar_PB/340", "Sri Muktsar Sahib_PB/649", "Moga_PB/477", "Faridkot_PB/280"], "Fazilka_PB/285": ["Hanumangarh_RJ/318", "Ferozepur_PB/286", "Ganganagar_RJ/293", "Sri Muktsar Sahib_PB/649"], "Kapurthala_PB/380": ["Tarn Taran_PB/662", "Hoshiarpur_PB/331", "Shahid Bhagat Singh Nagar_PB/611", "Gurdaspur_PB/313", "Jalandhar_PB/340", "Amritsar_PB/119", "Ferozepur_PB/286"], "Tarn Taran_PB/662": ["Amritsar_PB/119", "Kapurthala_PB/380", "Ferozepur_PB/286"], "Amritsar_PB/119": ["Gurdaspur_PB/313", "Kapurthala_PB/380", "Tarn Taran_PB/662"], "Ganganagar_RJ/293": ["Hanumangarh_RJ/318", "Fazilka_PB/285", "Bikaner_RJ/190"], "Sabarkantha_GJ/588": ["Udaipur_RJ/683", "Aravalli_GJ/128", "Gandhinagar_GJ/292", "Sirohi_RJ/634", "Banaskantha_GJ/152", "Mehsana_GJ/475"], "Tonk_RJ/680": ["Bhilwara_RJ/182", "Jaipur_RJ/337", "Dausa_RJ/241", "Ajmer_RJ/106", "Bundi_RJ/201", "Sawai Madhopur_RJ/606"], "Bhilwara_RJ/182": ["Chittorgarh_RJ/224", "Rajsamand_RJ/568", "Neemuch_MP/508", "Tonk_RJ/680", "Ajmer_RJ/106", "Bundi_RJ/201"], "Bharatpur_RJ/179": ["Agra_UP/102", "Nuh_HR/515", "Mathura_UP/471", "Karauli_RJ/382", "Dausa_RJ/241", "Alwar_RJ/113", "Dholpur_RJ/257"], "Dausa_RJ/241": ["Tonk_RJ/680", "Karauli_RJ/382", "Jaipur_RJ/337", "Bharatpur_RJ/179", "Alwar_RJ/113", "Sawai Madhopur_RJ/606"], "Dholpur_RJ/257": ["Agra_UP/102", "Karauli_RJ/382", "Morena_MP/482", "Bharatpur_RJ/179"], "Karauli_RJ/382": ["Sheopur_MP/617", "Bharatpur_RJ/179", "Dausa_RJ/241", "Dholpur_RJ/257", "Morena_MP/482", "Sawai Madhopur_RJ/606"], "Mathura_UP/471": ["Agra_UP/102", "Nuh_HR/515", "Aligarh_UP/109", "Palwal_HR/523", "Bharatpur_RJ/179", "Hathras_UP/324"], "Agra_UP/102": ["Mathura_UP/471", "Etah_UP/277", "Bharatpur_RJ/179", "Etawah_UP/278", "Bhind_MP/183", "Dholpur_RJ/257", "Hathras_UP/324", "Morena_MP/482", "Firozabad_UP/287"], "Sawai Madhopur_RJ/606": ["Sheopur_MP/617", "Tonk_RJ/680", "Karauli_RJ/382", "Dausa_RJ/241", "Kota_RJ/418", "Bundi_RJ/201"], "Morena_MP/482": ["Agra_UP/102", "Shivpuri_MP/621", "Sheopur_MP/617", "Karauli_RJ/382", "Gwalior_MP/315", "Bhind_MP/183", "Dholpur_RJ/257"], "Sheopur_MP/617": ["Shivpuri_MP/621", "Karauli_RJ/382", "Kota_RJ/418", "Baran_RJ/160", "Morena_MP/482", "Sawai Madhopur_RJ/606"], "Kota_RJ/418": ["Chittorgarh_RJ/224", "Sheopur_MP/617", "Mandsaur_MP/467", "Baran_RJ/160", "Bundi_RJ/201", "Jhalawar_RJ/356", "Sawai Madhopur_RJ/606"], "Bundi_RJ/201": ["Bhilwara_RJ/182", "Chittorgarh_RJ/224", "Tonk_RJ/680", "Kota_RJ/418", "Sawai Madhopur_RJ/606"], "Baran_RJ/160": ["Guna_MP/311", "Shivpuri_MP/621", "Sheopur_MP/617", "Kota_RJ/418", "Jhalawar_RJ/356"], "Jhalawar_RJ/356": ["Guna_MP/311", "Ratlam_MP/575", "Rajgarh_MP/564", "Mandsaur_MP/467", "Kota_RJ/418", "Baran_RJ/160", "Agar Malwa_MP/101"], "Shivpuri_MP/621": ["Guna_MP/311", "Datia_MP/240", "Sheopur_MP/617", "Morena_MP/482", "Ashoknagar_MP/131", "Gwalior_MP/315", "Baran_RJ/160", "Jhansi_UP/357", "Lalitpur_UP/435"], "Guna_MP/311": ["Rajgarh_MP/564", "Shivpuri_MP/621", "Bhopal_MP/186", "Ashoknagar_MP/131", "Baran_RJ/160", "Vidisha_MP/704", "Jhalawar_RJ/356"], "Mandsaur_MP/467": ["Chittorgarh_RJ/224", "Ratlam_MP/575", "Neemuch_MP/508", "Kota_RJ/418", "Pratapgarh_RJ/545", "Jhalawar_RJ/356"], "Rajgarh_MP/564": ["Guna_MP/311", "Shajapur_MP/613", "Bhopal_MP/186", "Sehore_MP/607", "Jhalawar_RJ/356", "Agar Malwa_MP/101"], "Ratlam_MP/575": ["Jhabua_MP/354", "Ujjain_MP/687", "Mandsaur_MP/467", "Dhar_MP/253", "Pratapgarh_RJ/545", "Banswara_RJ/157", "Jhalawar_RJ/356", "Agar Malwa_MP/101"], "Agar Malwa_MP/101": ["Ratlam_MP/575", "Rajgarh_MP/564", "Shajapur_MP/613", "Ujjain_MP/687", "Jhalawar_RJ/356"], "Chittorgarh_RJ/224": ["Bhilwara_RJ/182", "Rajsamand_RJ/568", "Neemuch_MP/508", "Udaipur_RJ/683", "Mandsaur_MP/467", "Kota_RJ/418", "Pratapgarh_RJ/545", "Bundi_RJ/201"], "Neemuch_MP/508": ["Mandsaur_MP/467", "Bhilwara_RJ/182", "Chittorgarh_RJ/224", "Pratapgarh_RJ/545"], "Pratapgarh_RJ/545": ["Chittorgarh_RJ/224", "Ratlam_MP/575", "Neemuch_MP/508", "Udaipur_RJ/683", "Mandsaur_MP/467", "Banswara_RJ/157", "Dungarpur_RJ/265"], "Banswara_RJ/157": ["Ratlam_MP/575", "Jhabua_MP/354", "Dahod_GJ/231", "Pratapgarh_RJ/545", "Dungarpur_RJ/265", "Mahisagar_GJ/458"], "Dungarpur_RJ/265": ["Udaipur_RJ/683", "Aravalli_GJ/128", "Pratapgarh_RJ/545", "Banswara_RJ/157", "Mahisagar_GJ/458"], "Dahod_GJ/231": ["Alirajpur_MP/111", "Jhabua_MP/354", "Chhota Udaipur_GJ/218", "Banswara_RJ/157", "Panchmahal_GJ/525", "Mahisagar_GJ/458"], "Jhabua_MP/354": ["Ratlam_MP/575", "Alirajpur_MP/111", "Dhar_MP/253", "Dahod_GJ/231", "Banswara_RJ/157"], "Mahisagar_GJ/458": ["Kheda_GJ/397", "Aravalli_GJ/128", "Dahod_GJ/231", "Banswara_RJ/157", "Panchmahal_GJ/525", "Dungarpur_RJ/265"], "Aravalli_GJ/128": ["Sabarkantha_GJ/588", "Udaipur_RJ/683", "Kheda_GJ/397", "Gandhinagar_GJ/292", "Dungarpur_RJ/265", "Mahisagar_GJ/458"], "Mehsana_GJ/475": ["Patan_GJ/532", "Sabarkantha_GJ/588", "Gandhinagar_GJ/292", "Banaskantha_GJ/152", "Surendranagar_GJ/659", "Ahmedabad_GJ/103"], "Patan_GJ/532": ["Banaskantha_GJ/152", "Surendranagar_GJ/659", "Mehsana_GJ/475", "Kutch_GJ/431"], "Gandhinagar_GJ/292": ["Sabarkantha_GJ/588", "Aravalli_GJ/128", "Kheda_GJ/397", "Mehsana_GJ/475", "Ahmedabad_GJ/103"], "Surendranagar_GJ/659": ["Patan_GJ/532", "Rajkot_GJ/565", "Morbi_GJ/481", "Kutch_GJ/431", "Botad_GJ/195", "Mehsana_GJ/475", "Ahmedabad_GJ/103"], "Ahmedabad_GJ/103": ["Gandhinagar_GJ/292", "Kheda_GJ/397", "Botad_GJ/195", "Surendranagar_GJ/659", "Bhavnagar_GJ/181", "Mehsana_GJ/475", "Anand_GJ/121"], "Panchmahal_GJ/525": ["Kheda_GJ/397", "Chhota Udaipur_GJ/218", "Vadodara_GJ/699", "Dahod_GJ/231", "Mahisagar_GJ/458"], "Chhota Udaipur_GJ/218": ["Alirajpur_MP/111", "Nandurbar_MH/500", "Vadodara_GJ/699", "Dahod_GJ/231", "Narmada_GJ/502", "Panchmahal_GJ/525"], "Alirajpur_MP/111": ["Jhabua_MP/354", "Nandurbar_MH/500", "Barwani_MP/165", "Chhota Udaipur_GJ/218", "Dahod_GJ/231", "Dhar_MP/253"], "Kheda_GJ/397": ["Aravalli_GJ/128", "Vadodara_GJ/699", "Gandhinagar_GJ/292", "Anand_GJ/121", "Panchmahal_GJ/525", "Mahisagar_GJ/458", "Ahmedabad_GJ/103"], "Vadodara_GJ/699": ["Kheda_GJ/397", "Bharuch_GJ/180", "Chhota Udaipur_GJ/218", "Narmada_GJ/502", "Panchmahal_GJ/525", "Anand_GJ/121"], "Anand_GJ/121": ["Kheda_GJ/397", "Bharuch_GJ/180", "Vadodara_GJ/699", "Ahmedabad_GJ/103"], "Narmada_GJ/502": ["Surat_GJ/658", "Bharuch_GJ/180", "Nandurbar_MH/500", "Chhota Udaipur_GJ/218", "Vadodara_GJ/699", "Tapi_GJ/661"], "Bharuch_GJ/180": ["Narmada_GJ/502", "Vadodara_GJ/699", "Surat_GJ/658", "Anand_GJ/121"], "Surat_GJ/658": ["Narmada_GJ/502", "Bharuch_GJ/180", "Navsari_GJ/505", "Tapi_GJ/661"], "Nandurbar_MH/500": ["Alirajpur_MP/111", "Dhule_MH/258", "Barwani_MP/165", "Chhota Udaipur_GJ/218", "Narmada_GJ/502", "Tapi_GJ/661"], "Tapi_GJ/661": ["Surat_GJ/658", "Dhule_MH/258", "Nandurbar_MH/500", "Dang_GJ/237", "Narmada_GJ/502", "Navsari_GJ/505"], "Navsari_GJ/505": ["Surat_GJ/658", "Nashik_MH/504", "Valsad_GJ/701", "Dang_GJ/237", "Tapi_GJ/661"], "Dang_GJ/237": ["Navsari_GJ/505", "Nashik_MH/504", "Tapi_GJ/661", "Dhule_MH/258"], "Dhule_MH/258": ["Jalgaon_MH/342", "Nashik_MH/504", "Nandurbar_MH/500", "Barwani_MP/165", "Dang_GJ/237", "Tapi_GJ/661"], "Nashik_MH/504": ["Palghar_MH/521", "Jalgaon_MH/342", "Dhule_MH/258", "Aurangabad_MH/135", "Mumbai_MH/483", "Thane_MH/666", "Valsad_GJ/701", "Ahmednagar_MH/104", "Dang_GJ/237", "Navsari_GJ/505"], "Dadra and Nagar Haveli_DN/230": ["Palghar_MH/521", "Valsad_GJ/701", "Mumbai_MH/483"], "Valsad_GJ/701": ["Palghar_MH/521", "Daman_DN/235", "Nashik_MH/504", "Mumbai_MH/483", "Navsari_GJ/505", "Dadra and Nagar Haveli_DN/230"], "Mumbai_MH/483": ["Palghar_MH/521", "Sindhudurg_MH/630", "Raigad_MH/560", "Pune_MH/552", "Belagavi_KA/171", "Nashik_MH/504", "Thane_MH/666", "Valsad_GJ/701", "Ratnagiri_MH/576", "Ahmednagar_MH/104", "Satara_MH/604", "Goa_GA/303", "Sangli_MH/599", "Kolhapur_MH/410", "Dadra and Nagar Haveli_DN/230"], "Palghar_MH/521": ["Nashik_MH/504", "Thane_MH/666", "Valsad_GJ/701", "Mumbai_MH/483", "Dadra and Nagar Haveli_DN/230"], "Daman_DN/235": ["Valsad_GJ/701"], "Rajkot_GJ/565": ["Porbandar_GJ/543", "Jamnagar_GJ/347", "Amreli_GJ/118", "Botad_GJ/195", "Morbi_GJ/481", "Junagadh_GJ/363", "Surendranagar_GJ/659"], "Morbi_GJ/481": ["Rajkot_GJ/565", "Surendranagar_GJ/659", "Jamnagar_GJ/347", "Kutch_GJ/431"], "Botad_GJ/195": ["Rajkot_GJ/565", "Amreli_GJ/118", "Bhavnagar_GJ/181", "Surendranagar_GJ/659", "Ahmedabad_GJ/103"], "Bhavnagar_GJ/181": ["Amreli_GJ/118", "Botad_GJ/195", "Ahmedabad_GJ/103"], "Junagadh_GJ/363": ["Porbandar_GJ/543", "Gir Somnath_GJ/301", "Amreli_GJ/118", "Rajkot_GJ/565"], "Porbandar_GJ/543": ["Junagadh_GJ/363", "Devbhumi Dwarka_GJ/248", "Jamnagar_GJ/347", "Rajkot_GJ/565"], "Amreli_GJ/118": ["Gir Somnath_GJ/301", "Rajkot_GJ/565", "Junagadh_GJ/363", "Botad_GJ/195", "Bhavnagar_GJ/181"], "Jamnagar_GJ/347": ["Porbandar_GJ/543", "Devbhumi Dwarka_GJ/248", "Morbi_GJ/481", "Rajkot_GJ/565"], "Meerut_UP/474": ["Amroha_UP/120", "Hapur_UP/319", "Bijnor_UP/189", "Muzaffarnagar_UP/487", "Baghpat_UP/140", "Ghaziabad_UP/299"], "Amroha_UP/120": ["Hapur_UP/319", "Moradabad_UP/480", "Bijnor_UP/189", "Sambhal_UP/598", "Meerut_UP/474", "Bulandshahr_UP/199"], "Hapur_UP/319": ["Amroha_UP/120", "Meerut_UP/474", "Bulandshahr_UP/199", "Gautam Buddha Nagar_UP/297", "Ghaziabad_UP/299"], "Aligarh_UP/109": ["Budaun_UP/197", "Sambhal_UP/598", "Mathura_UP/471", "Hathras_UP/324", "Palwal_HR/523", "Bulandshahr_UP/199", "Kasganj_UP/387", "Gautam Buddha Nagar_UP/297"], "Bulandshahr_UP/199": ["Amroha_UP/120", "Hapur_UP/319", "Sambhal_UP/598", "Aligarh_UP/109", "Gautam Buddha Nagar_UP/297"], "Sambhal_UP/598": ["Budaun_UP/197", "Amroha_UP/120", "Moradabad_UP/480", "Aligarh_UP/109", "Bulandshahr_UP/199"], "Hathras_UP/324": ["Agra_UP/102", "Mathura_UP/471", "Etah_UP/277", "Aligarh_UP/109", "Kasganj_UP/387"], "Budaun_UP/197": ["Moradabad_UP/480", "Sambhal_UP/598", "Farrukhabad_UP/281", "Bareilly_UP/161", "Aligarh_UP/109", "Shahjahanpur_UP/612", "Kasganj_UP/387", "Rampur_UP/573"], "Kasganj_UP/387": ["Budaun_UP/197", "Farrukhabad_UP/281", "Etah_UP/277", "Aligarh_UP/109", "Hathras_UP/324"], "Etah_UP/277": ["Agra_UP/102", "Farrukhabad_UP/281", "Mainpuri_UP/460", "Kasganj_UP/387", "Hathras_UP/324", "Firozabad_UP/287"], "Shahjahanpur_UP/612": ["Budaun_UP/197", "Farrukhabad_UP/281", "Bareilly_UP/161", "Pilibhit_UP/541", "Hardoi_UP/321"], "Firozabad_UP/287": ["Agra_UP/102", "Etah_UP/277", "Mainpuri_UP/460", "Etawah_UP/278"], "Etawah_UP/278": ["Agra_UP/102", "Auraiya_UP/133", "Jalaun_UP/341", "Mainpuri_UP/460", "Bhind_MP/183", "Kannauj_UP/375", "Firozabad_UP/287"], "Bhind_MP/183": ["Agra_UP/102", "Datia_MP/240", "Etawah_UP/278", "Jalaun_UP/341", "Gwalior_MP/315", "Jhansi_UP/357", "Morena_MP/482"], "Farrukhabad_UP/281": ["Budaun_UP/197", "Etah_UP/277", "Shahjahanpur_UP/612", "Kasganj_UP/387", "Mainpuri_UP/460", "Kannauj_UP/375", "Hardoi_UP/321"], "Mainpuri_UP/460": ["Farrukhabad_UP/281", "Etah_UP/277", "Etawah_UP/278", "Kannauj_UP/375", "Firozabad_UP/287"], "Kannauj_UP/375": ["Auraiya_UP/133", "Kanpur Dehat_UP/377", "Farrukhabad_UP/281", "Etawah_UP/278", "Mainpuri_UP/460", "Kanpur Nagar_UP/378", "Hardoi_UP/321"], "Bahraich_UP/141": ["Sitapur_UP/637", "Shrawasti_UP/623", "Gonda_UP/306", "Barabanki_UP/158", "Hardoi_UP/321"], "Shrawasti_UP/623": ["Balrampur_UP/150", "Bahraich_UP/141", "Gonda_UP/306"], "Sitapur_UP/637": ["Barabanki_UP/158", "Lucknow_UP/448", "Bahraich_UP/141", "Hardoi_UP/321"], "Barabanki_UP/158": ["Sitapur_UP/637", "Ayodhya_UP/136", "Gonda_UP/306", "Rae Bareli_UP/558", "Lucknow_UP/448", "Bahraich_UP/141", "Amethi_UP/116"], "Gonda_UP/306": ["Ayodhya_UP/136", "Basti_UP/167", "Siddharthnagar_UP/625", "Balrampur_UP/150", "Shrawasti_UP/623", "Barabanki_UP/158", "Bahraich_UP/141"], "Balrampur_UP/150": ["Shrawasti_UP/623", "Siddharthnagar_UP/625", "Gonda_UP/306"], "Siddharthnagar_UP/625": ["Gorakhpur_UP/309", "Basti_UP/167", "Maharajganj_UP/454", "Balrampur_UP/150", "Gonda_UP/306", "Sant Kabir Nagar_UP/601"], "Maharajganj_UP/454": ["Kushinagar_UP/430", "Gorakhpur_UP/309", "Siddharthnagar_UP/625", "West Champaran_BR/713"], "Basti_UP/167": ["Ayodhya_UP/136", "Siddharthnagar_UP/625", "Gonda_UP/306", "Sant Kabir Nagar_UP/601", "Ambedkar Nagar_UP/115"], "Gorakhpur_UP/309": ["Maharajganj_UP/454", "Siddharthnagar_UP/625", "Deoria_UP/247", "Sant Kabir Nagar_UP/601", "Kushinagar_UP/430", "Mau_UP/472", "Azamgarh_UP/137", "Ambedkar Nagar_UP/115"], "Sant Kabir Nagar_UP/601": ["Gorakhpur_UP/309", "Siddharthnagar_UP/625", "Basti_UP/167", "Ambedkar Nagar_UP/115"], "Kushinagar_UP/430": ["Gorakhpur_UP/309", "Maharajganj_UP/454", "Deoria_UP/247", "Gopalganj_BR/308", "West Champaran_BR/713"], "Deoria_UP/247": ["Gorakhpur_UP/309", "Ballia_UP/146", "Kushinagar_UP/430", "Gopalganj_BR/308", "Mau_UP/472", "Siwan_BR/639"], "Kanpur Dehat_UP/377": ["Auraiya_UP/133", "Jalaun_UP/341", "Hamirpur_UP/317", "Kanpur Nagar_UP/378", "Kannauj_UP/375"], "Hamirpur_UP/317": ["Kanpur Dehat_UP/377", "Fatehpur_UP/284", "Jalaun_UP/341", "Banda_UP/153", "Kanpur Nagar_UP/378", "Jhansi_UP/357", "Mahoba_UP/459"], "Auraiya_UP/133": ["Jalaun_UP/341", "Kanpur Dehat_UP/377", "Kannauj_UP/375", "Etawah_UP/278"], "Jalaun_UP/341": ["Auraiya_UP/133", "Kanpur Dehat_UP/377", "Etawah_UP/278", "Hamirpur_UP/317", "Bhind_MP/183", "Jhansi_UP/357"], "Jhansi_UP/357": ["Shivpuri_MP/621", "Datia_MP/240", "Jalaun_UP/341", "Hamirpur_UP/317", "Niwari_MP/510", "Chhatarpur_MP/216", "Bhind_MP/183", "Mahoba_UP/459", "Lalitpur_UP/435", "Tikamgarh_MP/674"], "Lalitpur_UP/435": ["Shivpuri_MP/621", "Datia_MP/240", "Sagar_MP/589", "Ashoknagar_MP/131", "Niwari_MP/510", "Chhatarpur_MP/216", "Jhansi_UP/357", "Tikamgarh_MP/674"], "Mahoba_UP/459": ["Jhansi_UP/357", "Hamirpur_UP/317", "Banda_UP/153", "Chhatarpur_MP/216"], "Datia_MP/240": ["Shivpuri_MP/621", "Gwalior_MP/315", "Bhind_MP/183", "Jhansi_UP/357", "Lalitpur_UP/435"], "Chhatarpur_MP/216": ["Sagar_MP/589", "Damoh_MP/236", "Banda_UP/153", "Panna_MP/527", "Jhansi_UP/357", "Mahoba_UP/459", "Lalitpur_UP/435", "Tikamgarh_MP/674"], "Tikamgarh_MP/674": ["Jhansi_UP/357", "Niwari_MP/510", "Lalitpur_UP/435", "Chhatarpur_MP/216"], "Niwari_MP/510": ["Jhansi_UP/357", "Lalitpur_UP/435", "Tikamgarh_MP/674"], "Sagar_MP/589": ["Narsinghpur_MP/503", "Raisen_MP/563", "Lalitpur_UP/435", "Chhatarpur_MP/216", "Ashoknagar_MP/131", "Vidisha_MP/704", "Damoh_MP/236"], "Ashoknagar_MP/131": ["Guna_MP/311", "Shivpuri_MP/621", "Sagar_MP/589", "Vidisha_MP/704", "Lalitpur_UP/435"], "Ayodhya_UP/136": ["Basti_UP/167", "Gonda_UP/306", "Barabanki_UP/158", "Sultanpur_UP/654", "Ambedkar Nagar_UP/115", "Amethi_UP/116"], "Amethi_UP/116": ["Pratapgarh_UP/546", "Ayodhya_UP/136", "Barabanki_UP/158", "Rae Bareli_UP/558", "Sultanpur_UP/654"], "Ambedkar Nagar_UP/115": ["Gorakhpur_UP/309", "Ayodhya_UP/136", "Basti_UP/167", "Sant Kabir Nagar_UP/601", "Azamgarh_UP/137", "Sultanpur_UP/654"], "Sultanpur_UP/654": ["Pratapgarh_UP/546", "Ayodhya_UP/136", "Azamgarh_UP/137", "Jaunpur_UP/352", "Ambedkar Nagar_UP/115", "Amethi_UP/116"], "Banda_UP/153": ["Fatehpur_UP/284", "Chitrakoot_UP/222", "Hamirpur_UP/317", "Chhatarpur_MP/216", "Panna_MP/527", "Mahoba_UP/459", "Satna_MP/605"], "Kaushambi_UP/391": ["Prayagraj_UP/547", "Pratapgarh_UP/546", "Fatehpur_UP/284", "Chitrakoot_UP/222", "Rae Bareli_UP/558"], "Pratapgarh_UP/546": ["Prayagraj_UP/547", "Fatehpur_UP/284", "Kaushambi_UP/391", "Rae Bareli_UP/558", "Sultanpur_UP/654", "Jaunpur_UP/352", "Amethi_UP/116"], "Chitrakoot_UP/222": ["Prayagraj_UP/547", "Fatehpur_UP/284", "Banda_UP/153", "Kaushambi_UP/391", "Rewa_MP/579", "Satna_MP/605"], "Prayagraj_UP/547": ["Bhadohi_UP/175", "Pratapgarh_UP/546", "Chitrakoot_UP/222", "Mirzapur_UP/476", "Kaushambi_UP/391", "Rewa_MP/579", "Jaunpur_UP/352"], "Jaunpur_UP/352": ["Bhadohi_UP/175", "Pratapgarh_UP/546", "Prayagraj_UP/547", "Ghazipur_UP/300", "Azamgarh_UP/137", "Sultanpur_UP/654", "Varanasi_UP/702"], "Mirzapur_UP/476": ["Bhadohi_UP/175", "Prayagraj_UP/547", "Sonbhadra_UP/642", "Chandauli_UP/209", "Singrauli_MP/631", "Rewa_MP/579", "Varanasi_UP/702"], "Bhadohi_UP/175": ["Prayagraj_UP/547", "Jaunpur_UP/352", "Mirzapur_UP/476", "Varanasi_UP/702"], "Rewa_MP/579": ["Prayagraj_UP/547", "Chitrakoot_UP/222", "Mirzapur_UP/476", "Singrauli_MP/631", "Sidhi_MP/626", "Satna_MP/605"], "Panna_MP/527": ["Banda_UP/153", "Chhatarpur_MP/216", "Katni_MP/390", "Satna_MP/605", "Damoh_MP/236"], "Satna_MP/605": ["Chitrakoot_UP/222", "Banda_UP/153", "Panna_MP/527", "Katni_MP/390", "Sidhi_MP/626", "Rewa_MP/579", "Shahdol_MP/610", "Umaria_MP/688"], "Azamgarh_UP/137": ["Gorakhpur_UP/309", "Ghazipur_UP/300", "Mau_UP/472", "Sultanpur_UP/654", "Jaunpur_UP/352", "Ambedkar Nagar_UP/115"], "Ghazipur_UP/300": ["Kaimur_BR/365", "Buxar_BR/203", "Ballia_UP/146", "Chandauli_UP/209", "Mau_UP/472", "Azamgarh_UP/137", "Jaunpur_UP/352", "Varanasi_UP/702"], "Mau_UP/472": ["Gorakhpur_UP/309", "Ballia_UP/146", "Deoria_UP/247", "Ghazipur_UP/300", "Azamgarh_UP/137"], "Ballia_UP/146": ["Saran_BR/603", "Deoria_UP/247", "Buxar_BR/203", "Ghazipur_UP/300", "Bhojpur_BR/185", "Mau_UP/472", "Siwan_BR/639"], "Siwan_BR/639": ["Ballia_UP/146", "Gopalganj_BR/308", "Deoria_UP/247", "Saran_BR/603"], "Saran_BR/603": ["Ballia_UP/146", "Vaishali_BR/700", "Patna_BR/536", "Gopalganj_BR/308", "Bhojpur_BR/185", "Muzaffarpur_BR/488", "Siwan_BR/639"], "Bhojpur_BR/185": ["Ballia_UP/146", "Buxar_BR/203", "Patna_BR/536", "Saran_BR/603", "Rohtas_BR/583", "Arwal_BR/130"], "Buxar_BR/203": ["Kaimur_BR/365", "Ballia_UP/146", "Ghazipur_UP/300", "Bhojpur_BR/185", "Rohtas_BR/583"], "Chandauli_UP/209": ["Kaimur_BR/365", "Sonbhadra_UP/642", "Ghazipur_UP/300", "Mirzapur_UP/476", "Varanasi_UP/702"], "Varanasi_UP/702": ["Bhadohi_UP/175", "Chandauli_UP/209", "Ghazipur_UP/300", "Mirzapur_UP/476", "Jaunpur_UP/352"], "Kaimur_BR/365": ["Sonbhadra_UP/642", "Chandauli_UP/209", "Buxar_BR/203", "Ghazipur_UP/300", "Rohtas_BR/583"], "Sonbhadra_UP/642": ["Kaimur_BR/365", "Chandauli_UP/209", "Mirzapur_UP/476", "Garhwa_JH/295", "Singrauli_MP/631", "Rohtas_BR/583", "Balrampur_CT/149"], "Singrauli_MP/631": ["Surajpur_CT/657", "Sonbhadra_UP/642", "Koriya_CT/417", "Mirzapur_UP/476", "Sidhi_MP/626", "Rewa_MP/579", "Balrampur_CT/149"], "Rohtas_BR/583": ["Kaimur_BR/365", "Sonbhadra_UP/642", "Palamu_JH/520", "Buxar_BR/203", "Bhojpur_BR/185", "Garhwa_JH/295", "Aurangabad_BR/134", "Arwal_BR/130"], "Garhwa_JH/295": ["Sonbhadra_UP/642", "Palamu_JH/520", "Latehar_JH/436", "Rohtas_BR/583", "Balrampur_CT/149"], "Balrampur_CT/149": ["Surajpur_CT/657", "Gumla_JH/310", "Sonbhadra_UP/642", "Jashpur_CT/351", "Latehar_JH/436", "Surguja_CT/660", "Garhwa_JH/295", "Singrauli_MP/631"], "Munger_BR/485": ["Jamui_BR/349", "Khagaria_BR/394", "Banka_BR/155", "Bhagalpur_BR/177", "Begusarai_BR/170", "Lakhisarai_BR/434"], "Godda_JH/304": ["Sahibganj_JH/592", "Banka_BR/155", "Bhagalpur_BR/177", "Pakur_JH/518", "Dumka_JH/264"], "Banka_BR/155": ["Jamui_BR/349", "Godda_JH/304", "Bhagalpur_BR/177", "Munger_BR/485", "Deoghar_JH/246", "Dumka_JH/264"], "Begusarai_BR/170": ["Khagaria_BR/394", "Samastipur_BR/595", "Patna_BR/536", "Munger_BR/485", "Lakhisarai_BR/434"], "Lakhisarai_BR/434": ["Jamui_BR/349", "Patna_BR/536", "Nalanda_BR/496", "Munger_BR/485", "Begusarai_BR/170", "Sheikhpura_BR/615"], "Jamui_BR/349": ["Giridih_JH/302", "Banka_BR/155", "Nawada_BR/506", "Munger_BR/485", "Deoghar_JH/246", "Lakhisarai_BR/434", "Sheikhpura_BR/615"], "Deoghar_JH/246": ["Jamui_BR/349", "Jamtara_JH/348", "Giridih_JH/302", "Banka_BR/155", "Dumka_JH/264"], "Giridih_JH/302": ["Jamui_BR/349", "Hazaribagh_JH/326", "Bokaro_JH/194", "Jamtara_JH/348", "Koderma_JH/406", "Dhanbad_JH/252", "Nawada_BR/506", "Deoghar_JH/246"], "Dumka_JH/264": ["Birbhum_WB/193", "Jamtara_JH/348", "Banka_BR/155", "Godda_JH/304", "Pakur_JH/518", "Deoghar_JH/246"], "Jamtara_JH/348": ["Birbhum_WB/193", "Giridih_JH/302", "Paschim Bardhaman_WB/530", "Dhanbad_JH/252", "Deoghar_JH/246", "Dumka_JH/264"], "Vaishali_BR/700": ["Saran_BR/603", "Muzaffarpur_BR/488", "Patna_BR/536", "Samastipur_BR/595"], "Patna_BR/536": ["Jehanabad_BR/353", "Samastipur_BR/595", "Vaishali_BR/700", "Nalanda_BR/496", "Bhojpur_BR/185", "Saran_BR/603", "Begusarai_BR/170", "Lakhisarai_BR/434", "Arwal_BR/130"], "Arwal_BR/130": ["Jehanabad_BR/353", "Aurangabad_BR/134", "Patna_BR/536", "Bhojpur_BR/185", "Gaya_BR/298", "Rohtas_BR/583"], "Jehanabad_BR/353": ["Gaya_BR/298", "Nalanda_BR/496", "Patna_BR/536", "Arwal_BR/130"], "Nalanda_BR/496": ["Jehanabad_BR/353", "Patna_BR/536", "Nawada_BR/506", "Gaya_BR/298", "Lakhisarai_BR/434", "Sheikhpura_BR/615"], "Aurangabad_BR/134": ["Gaya_BR/298", "Rohtas_BR/583", "Palamu_JH/520", "Arwal_BR/130"], "Palamu_JH/520": ["Aurangabad_BR/134", "Latehar_JH/436", "Garhwa_JH/295", "Gaya_BR/298", "Rohtas_BR/583", "Chatra_JH/214"], "Gaya_BR/298": ["Jehanabad_BR/353", "Hazaribagh_JH/326", "Palamu_JH/520", "Koderma_JH/406", "Nalanda_BR/496", "Nawada_BR/506", "Aurangabad_BR/134", "Chatra_JH/214", "Arwal_BR/130"], "Nawada_BR/506": ["Jamui_BR/349", "Giridih_JH/302", "Koderma_JH/406", "Nalanda_BR/496", "Gaya_BR/298", "Sheikhpura_BR/615"], "Chatra_JH/214": ["Hazaribagh_JH/326", "Ranchi_JH/574", "Palamu_JH/520", "Latehar_JH/436", "Gaya_BR/298"], "Koderma_JH/406": ["Gaya_BR/298", "Hazaribagh_JH/326", "Giridih_JH/302", "Nawada_BR/506"], "Hazaribagh_JH/326": ["Ranchi_JH/574", "Bokaro_JH/194", "Ramgarh_JH/572", "Giridih_JH/302", "Koderma_JH/406", "Gaya_BR/298", "Chatra_JH/214"], "Sheikhpura_BR/615": ["Nalanda_BR/496", "Lakhisarai_BR/434", "Jamui_BR/349", "Nawada_BR/506"], "Birbhum_WB/193": ["Purba Bardhaman_WB/553", "Jamtara_JH/348", "Paschim Bardhaman_WB/530", "Pakur_JH/518", "Dumka_JH/264", "Murshidabad_WB/486"], "Purba Bardhaman_WB/553": ["Bankura_WB/156", "Nadia_WB/491", "Birbhum_WB/193", "Paschim Bardhaman_WB/530", "Hooghly_WB/329", "Murshidabad_WB/486"], "Pakur_JH/518": ["Birbhum_WB/193", "Sahibganj_JH/592", "Godda_JH/304", "Dumka_JH/264", "Murshidabad_WB/486"], "Paschim Bardhaman_WB/530": ["Bankura_WB/156", "Purba Bardhaman_WB/553", "Birbhum_WB/193", "Jamtara_JH/348", "Purulia_WB/557", "Dhanbad_JH/252"], "Nadia_WB/491": ["Hooghly_WB/329", "Purba Bardhaman_WB/553", "North 24 Parganas_WB/511", "Murshidabad_WB/486"], "Hooghly_WB/329": ["Bankura_WB/156", "Nadia_WB/491", "Purba Bardhaman_WB/553", "North 24 Parganas_WB/511", "Paschim Medinipur_WB/531", "Howrah_WB/332"], "North 24 Parganas_WB/511": ["Nadia_WB/491", "South 24 Parganas_WB/644", "Kolkata_WB/411", "Hooghly_WB/329", "Howrah_WB/332"], "Bankura_WB/156": ["Purba Bardhaman_WB/553", "Paschim Bardhaman_WB/530", "Jhargram_WB/358", "Purulia_WB/557", "Paschim Medinipur_WB/531", "Hooghly_WB/329"], "Paschim Medinipur_WB/531": ["Bankura_WB/156", "Jhargram_WB/358", "Hooghly_WB/329", "Balasore_OR/144", "Purba Medinipur_WB/554", "Howrah_WB/332"], "Howrah_WB/332": ["North 24 Parganas_WB/511", "South 24 Parganas_WB/644", "Paschim Medinipur_WB/531", "Kolkata_WB/411", "Hooghly_WB/329", "Purba Medinipur_WB/554"], "Purulia_WB/557": ["Bankura_WB/156", "Ranchi_JH/574", "Bokaro_JH/194", "Ramgarh_JH/572", "Paschim Bardhaman_WB/530", "Saraikela-Kharsawan_JH/602", "Jhargram_WB/358", "Dhanbad_JH/252", "East Singhbhum_JH/274"], "Jhargram_WB/358": ["Bankura_WB/156", "Mayurbhanj_OR/473", "Purulia_WB/557", "East Singhbhum_JH/274", "Paschim Medinipur_WB/531", "Balasore_OR/144"], "Ranchi_JH/574": ["Hazaribagh_JH/326", "Gumla_JH/310", "Ramgarh_JH/572", "Latehar_JH/436", "Saraikela-Kharsawan_JH/602", "Purulia_WB/557", "Lohardaga_JH/441", "Khunti_JH/400", "Chatra_JH/214"], "East Singhbhum_JH/274": ["Saraikela-Kharsawan_JH/602", "Jhargram_WB/358", "Purulia_WB/557", "Mayurbhanj_OR/473"], "Bokaro_JH/194": ["Hazaribagh_JH/326", "Ramgarh_JH/572", "Giridih_JH/302", "Purulia_WB/557", "Dhanbad_JH/252"], "Dhanbad_JH/252": ["Bokaro_JH/194", "Jamtara_JH/348", "Giridih_JH/302", "Paschim Bardhaman_WB/530", "Purulia_WB/557"], "Ramgarh_JH/572": ["Purulia_WB/557", "Hazaribagh_JH/326", "Bokaro_JH/194", "Ranchi_JH/574"], "Saraikela-Kharsawan_JH/602": ["Mayurbhanj_OR/473", "Ranchi_JH/574", "Purulia_WB/557", "West Singhbhum_JH/720", "East Singhbhum_JH/274", "Khunti_JH/400"], "Balasore_OR/144": ["Mayurbhanj_OR/473", "Bhadrak_OR/176", "Jhargram_WB/358", "Paschim Medinipur_WB/531", "Purba Medinipur_WB/554", "Kendujhar_OR/393"], "Purba Medinipur_WB/554": ["South 24 Parganas_WB/644", "Balasore_OR/144", "Paschim Medinipur_WB/531", "Howrah_WB/332"], "Latehar_JH/436": ["Gumla_JH/310", "Ranchi_JH/574", "Palamu_JH/520", "Garhwa_JH/295", "Lohardaga_JH/441", "Balrampur_CT/149", "Chatra_JH/214"], "Gumla_JH/310": ["Simdega_JH/629", "Jashpur_CT/351", "Ranchi_JH/574", "Latehar_JH/436", "Lohardaga_JH/441", "Khunti_JH/400", "Balrampur_CT/149"], "Lohardaga_JH/441": ["Ranchi_JH/574", "Gumla_JH/310", "Latehar_JH/436"], "Jashpur_CT/351": ["Simdega_JH/629", "Gumla_JH/310", "Raigarh_CT/561", "Surguja_CT/660", "Balrampur_CT/149", "Sundargarh_OR/655"], "Khunti_JH/400": ["Gumla_JH/310", "Simdega_JH/629", "Ranchi_JH/574", "West Singhbhum_JH/720", "Saraikela-Kharsawan_JH/602"], "Simdega_JH/629": ["Gumla_JH/310", "Jashpur_CT/351", "West Singhbhum_JH/720", "Khunti_JH/400", "Sundargarh_OR/655"], "West Singhbhum_JH/720": ["Mayurbhanj_OR/473", "Simdega_JH/629", "Saraikela-Kharsawan_JH/602", "Kendujhar_OR/393", "Khunti_JH/400", "Sundargarh_OR/655"], "Sundargarh_OR/655": ["Angul_OR/124", "Simdega_JH/629", "Sambalpur_OR/597", "Jashpur_CT/351", "Raigarh_CT/561", "Jharsuguda_OR/359", "West Singhbhum_JH/720", "Deogarh_OR/245", "Kendujhar_OR/393"], "Kendujhar_OR/393": ["Jajpur_OR/339", "Angul_OR/124", "Mayurbhanj_OR/473", "Bhadrak_OR/176", "Dhenkanal_OR/256", "West Singhbhum_JH/720", "Balasore_OR/144", "Sundargarh_OR/655"], "Mayurbhanj_OR/473": ["Saraikela-Kharsawan_JH/602", "Jhargram_WB/358", "East Singhbhum_JH/274", "West Singhbhum_JH/720", "Balasore_OR/144", "Kendujhar_OR/393"], "Surguja_CT/660": ["Surajpur_CT/657", "Jashpur_CT/351", "Raigarh_CT/561", "Korba_CT/416", "Balrampur_CT/149"], "Raigarh_CT/561": ["Janjgir Champa_CT/350", "Jashpur_CT/351", "Baloda Bazar_CT/148", "Bargarh_OR/162", "Mahasamund_CT/455", "Surguja_CT/660", "Jharsuguda_OR/359", "Korba_CT/416", "Sundargarh_OR/655"], "Korba_CT/416": ["Surajpur_CT/657", "Janjgir Champa_CT/350", "Raigarh_CT/561", "Koriya_CT/417", "Bilaspur_CT/191", "Surguja_CT/660"], "Surajpur_CT/657": ["Koriya_CT/417", "Surguja_CT/660", "Singrauli_MP/631", "Korba_CT/416", "Balrampur_CT/149"], "Bilaspur_CT/191": ["Janjgir Champa_CT/350", "Baloda Bazar_CT/148", "Koriya_CT/417", "Anuppur_MP/126", "Korba_CT/416", "Mungeli_CT/484"], "Koriya_CT/417": ["Surajpur_CT/657", "Bilaspur_CT/191", "Singrauli_MP/631", "Sidhi_MP/626", "Anuppur_MP/126", "Shahdol_MP/610", "Korba_CT/416"], "Baloda Bazar_CT/148": ["Bametara_CT/151", "Janjgir Champa_CT/350", "Raigarh_CT/561", "Mahasamund_CT/455", "Bilaspur_CT/191", "Raipur_CT/562", "Mungeli_CT/484"], "Janjgir Champa_CT/350": ["Korba_CT/416", "Bilaspur_CT/191", "Baloda Bazar_CT/148", "Raigarh_CT/561"], "Mungeli_CT/484": ["Bametara_CT/151", "Kabeerdham_CT/364", "Dindori_MP/261", "Bilaspur_CT/191", "Anuppur_MP/126", "Baloda Bazar_CT/148"], "Anuppur_MP/126": ["Dindori_MP/261", "Koriya_CT/417", "Bilaspur_CT/191", "Shahdol_MP/610", "Mungeli_CT/484", "Umaria_MP/688"], "Sidhi_MP/626": ["Koriya_CT/417", "Singrauli_MP/631", "Rewa_MP/579", "Shahdol_MP/610", "Satna_MP/605"], "Shahdol_MP/610": ["Koriya_CT/417", "Sidhi_MP/626", "Anuppur_MP/126", "Satna_MP/605", "Umaria_MP/688"], "Mahasamund_CT/455": ["Raigarh_CT/561", "Bargarh_OR/162", "Nuapada_OR/514", "Raipur_CT/562", "Baloda Bazar_CT/148", "Gariaband_CT/296"], "Bargarh_OR/162": ["Sambalpur_OR/597", "Raigarh_CT/561", "Nuapada_OR/514", "Mahasamund_CT/455", "Jharsuguda_OR/359", "Subarnapur_OR/652", "Balangir_OR/143"], "Jharsuguda_OR/359": ["Bargarh_OR/162", "Sambalpur_OR/597", "Raigarh_CT/561", "Sundargarh_OR/655"], "Raipur_CT/562": ["Dhamtari_CT/251", "Bametara_CT/151", "Durg_CT/266", "Mahasamund_CT/455", "Baloda Bazar_CT/148", "Gariaband_CT/296"], "Nuapada_OR/514": ["Kalahandi_OR/368", "Bargarh_OR/162", "Mahasamund_CT/455", "Balangir_OR/143", "Gariaband_CT/296"], "Gariaband_CT/296": ["Dhamtari_CT/251", "Kalahandi_OR/368", "Nuapada_OR/514", "Mahasamund_CT/455", "Raipur_CT/562", "Nabarangapur_OR/490"], "Durg_CT/266": ["Bametara_CT/151", "Dhamtari_CT/251", "Balod_CT/147", "Raipur_CT/562", "Rajnandgaon_CT/566"], "Dhamtari_CT/251": ["Uttar Bastar Kanker_CT/695", "Balod_CT/147", "Durg_CT/266", "Kondagaon_CT/413", "Raipur_CT/562", "Nabarangapur_OR/490", "Gariaband_CT/296"], "Bametara_CT/151": ["Kabeerdham_CT/364", "Durg_CT/266", "Raipur_CT/562", "Baloda Bazar_CT/148", "Mungeli_CT/484", "Rajnandgaon_CT/566"], "Rajnandgaon_CT/566": ["Uttar Bastar Kanker_CT/695", "Bametara_CT/151", "Balaghat_MP/142", "Balod_CT/147", "Kabeerdham_CT/364", "Gadchiroli_MH/289", "Durg_CT/266", "Gondia_MH/307"], "Balod_CT/147": ["Uttar Bastar Kanker_CT/695", "Durg_CT/266", "Dhamtari_CT/251", "Rajnandgaon_CT/566"], "Kabeerdham_CT/364": ["Mandla_MP/466", "Bametara_CT/151", "Balaghat_MP/142", "Dindori_MP/261", "Mungeli_CT/484", "Rajnandgaon_CT/566"], "Balaghat_MP/142": ["Mandla_MP/466", "Kabeerdham_CT/364", "Bhandara_MH/178", "Gondia_MH/307", "Nagpur_MH/494", "Seoni_MP/608", "Rajnandgaon_CT/566"], "Dindori_MP/261": ["Mandla_MP/466", "Kabeerdham_CT/364", "Jabalpur_MP/335", "Anuppur_MP/126", "Mungeli_CT/484", "Umaria_MP/688"], "Mandla_MP/466": ["Balaghat_MP/142", "Kabeerdham_CT/364", "Dindori_MP/261", "Seoni_MP/608", "Jabalpur_MP/335"], "Uttar Bastar Kanker_CT/695": ["Dhamtari_CT/251", "Narayanpur_CT/501", "Balod_CT/147", "Gadchiroli_MH/289", "Kondagaon_CT/413", "Rajnandgaon_CT/566"], "Gondia_MH/307": ["Gadchiroli_MH/289", "Bhandara_MH/178", "Balaghat_MP/142", "Rajnandgaon_CT/566"], "Gadchiroli_MH/289": ["Uttar Bastar Kanker_CT/695", "Chandrapur_MH/211", "Narayanpur_CT/501", "Telangana_TG/665", "Bhandara_MH/178", "Bijapur_CT/188", "Gondia_MH/307", "Telangana_TG/665", "Rajnandgaon_CT/566"], "Bastar_CT/166": ["Dakshin Bastar Dantewada_CT/232", "Sukma_CT/653", "Malkangiri_OR/463", "Kondagaon_CT/413", "Koraput_OR/415", "Nabarangapur_OR/490"], "Dakshin Bastar Dantewada_CT/232": ["Narayanpur_CT/501", "Bijapur_CT/188", "Bastar_CT/166", "Sukma_CT/653", "Kondagaon_CT/413"], "Nabarangapur_OR/490": ["Dhamtari_CT/251", "Kalahandi_OR/368", "Bastar_CT/166", "Kondagaon_CT/413", "Koraput_OR/415", "Gariaband_CT/296"], "Koraput_OR/415": ["Visakhapatnam_AP/708", "Vizianagaram_AP/709", "Kalahandi_OR/368", "Rayagada_OR/577", "Bastar_CT/166", "Malkangiri_OR/463", "Nabarangapur_OR/490"], "Malkangiri_OR/463": ["East Godavari_AP/269", "Visakhapatnam_AP/708", "Bastar_CT/166", "Sukma_CT/653", "Koraput_OR/415"], "Sukma_CT/653": ["East Godavari_AP/269", "Dakshin Bastar Dantewada_CT/232", "Telangana_TG/665", "Bijapur_CT/188", "Bastar_CT/166", "Malkangiri_OR/463"], "Kondagaon_CT/413": ["Uttar Bastar Kanker_CT/695", "Dhamtari_CT/251", "Narayanpur_CT/501", "Dakshin Bastar Dantewada_CT/232", "Bastar_CT/166", "Nabarangapur_OR/490"], "Bijapur_CT/188": ["Narayanpur_CT/501", "Dakshin Bastar Dantewada_CT/232", "Gadchiroli_MH/289", "Telangana_TG/665", "Sukma_CT/653"], "Narayanpur_CT/501": ["Uttar Bastar Kanker_CT/695", "Dakshin Bastar Dantewada_CT/232", "Gadchiroli_MH/289", "Bijapur_CT/188", "Kondagaon_CT/413"], "Gwalior_MP/315": ["Morena_MP/482", "Bhind_MP/183", "Shivpuri_MP/621", "Datia_MP/240"], "Bhopal_MP/186": ["Guna_MP/311", "Rajgarh_MP/564", "Raisen_MP/563", "Vidisha_MP/704", "Sehore_MP/607"], "Vidisha_MP/704": ["Guna_MP/311", "Raisen_MP/563", "Sagar_MP/589", "Bhopal_MP/186", "Ashoknagar_MP/131"], "Damoh_MP/236": ["Narsinghpur_MP/503", "Sagar_MP/589", "Chhatarpur_MP/216", "Panna_MP/527", "Jabalpur_MP/335", "Katni_MP/390"], "Katni_MP/390": ["Panna_MP/527", "Jabalpur_MP/335", "Satna_MP/605", "Damoh_MP/236", "Umaria_MP/688"], "Umaria_MP/688": ["Dindori_MP/261", "Jabalpur_MP/335", "Katni_MP/390", "Anuppur_MP/126", "Shahdol_MP/610", "Satna_MP/605"], "Sehore_MP/607": ["Harda_MP/320", "Rajgarh_MP/564", "Shajapur_MP/613", "Raisen_MP/563", "Bhopal_MP/186", "Hoshangabad_MP/330", "Dewas_MP/249"], "Raisen_MP/563": ["Narsinghpur_MP/503", "Bhopal_MP/186", "Sagar_MP/589", "Hoshangabad_MP/330", "Vidisha_MP/704", "Sehore_MP/607"], "Narsinghpur_MP/503": ["Raisen_MP/563", "Sagar_MP/589", "Hoshangabad_MP/330", "Seoni_MP/608", "Jabalpur_MP/335", "Chhindwara_MP/217", "Damoh_MP/236"], "Shajapur_MP/613": ["Rajgarh_MP/564", "Ujjain_MP/687", "Dewas_MP/249", "Sehore_MP/607", "Agar Malwa_MP/101"], "Dhar_MP/253": ["Ratlam_MP/575", "Alirajpur_MP/111", "Jhabua_MP/354", "Ujjain_MP/687", "Indore_MP/334", "Barwani_MP/165", "Khargone_MP/396"], "Ujjain_MP/687": ["Ratlam_MP/575", "Shajapur_MP/613", "Indore_MP/334", "Dewas_MP/249", "Dhar_MP/253", "Agar Malwa_MP/101"], "Dewas_MP/249": ["Harda_MP/320", "Shajapur_MP/613", "Ujjain_MP/687", "Khandwa_MP/395", "Indore_MP/334", "Sehore_MP/607", "Khargone_MP/396"], "Indore_MP/334": ["Dhar_MP/253", "Dewas_MP/249", "Khargone_MP/396", "Ujjain_MP/687"], "Barwani_MP/165": ["Alirajpur_MP/111", "Jalgaon_MH/342", "Dhule_MH/258", "Nandurbar_MH/500", "Dhar_MP/253", "Khargone_MP/396"], "Khargone_MP/396": ["Jalgaon_MH/342", "Khandwa_MP/395", "Indore_MP/334", "Dewas_MP/249", "Barwani_MP/165", "Dhar_MP/253", "Burhanpur_MP/202"], "Jalgaon_MH/342": ["Dhule_MH/258", "Aurangabad_MH/135", "Jalna_MH/343", "Nashik_MH/504", "Barwani_MP/165", "Buldhana_MH/200", "Burhanpur_MP/202", "Khargone_MP/396"], "Khandwa_MP/395": ["Harda_MP/320", "Amravati_MH/117", "Betul_MP/174", "Dewas_MP/249", "Burhanpur_MP/202", "Khargone_MP/396"], "Harda_MP/320": ["Khandwa_MP/395", "Betul_MP/174", "Hoshangabad_MP/330", "Dewas_MP/249", "Sehore_MP/607"], "Betul_MP/174": ["Harda_MP/320", "Amravati_MH/117", "Khandwa_MP/395", "Hoshangabad_MP/330", "Chhindwara_MP/217"], "Amravati_MH/117": ["Akola_MH/107", "Khandwa_MP/395", "Betul_MP/174", "Nagpur_MH/494", "Wardha_MH/710", "Yavatmal_MH/726", "Chhindwara_MP/217", "Buldhana_MH/200", "Washim_MH/711", "Burhanpur_MP/202"], "Burhanpur_MP/202": ["Jalgaon_MH/342", "Amravati_MH/117", "Khandwa_MP/395", "Buldhana_MH/200", "Khargone_MP/396"], "Hoshangabad_MP/330": ["Harda_MP/320", "Narsinghpur_MP/503", "Raisen_MP/563", "Betul_MP/174", "Chhindwara_MP/217", "Sehore_MP/607"], "Chhindwara_MP/217": ["Narsinghpur_MP/503", "Amravati_MH/117", "Betul_MP/174", "Hoshangabad_MP/330", "Nagpur_MH/494", "Seoni_MP/608"], "Jabalpur_MP/335": ["Mandla_MP/466", "Narsinghpur_MP/503", "Dindori_MP/261", "Seoni_MP/608", "Katni_MP/390", "Damoh_MP/236", "Umaria_MP/688"], "Seoni_MP/608": ["Mandla_MP/466", "Balaghat_MP/142", "Narsinghpur_MP/503", "Nagpur_MH/494", "Jabalpur_MP/335", "Chhindwara_MP/217"], "Nagpur_MH/494": ["Chandrapur_MH/211", "Balaghat_MP/142", "Amravati_MH/117", "Bhandara_MH/178", "Seoni_MP/608", "Wardha_MH/710", "Chhindwara_MP/217"], "Bhandara_MH/178": ["Chandrapur_MH/211", "Balaghat_MP/142", "Gadchiroli_MH/289", "Gondia_MH/307", "Nagpur_MH/494"], "Balangir_OR/143": ["Kalahandi_OR/368", "Bargarh_OR/162", "Boudh_OR/196", "Nuapada_OR/514", "Kandhamal_OR/373", "Subarnapur_OR/652"], "Subarnapur_OR/652": ["Angul_OR/124", "Sambalpur_OR/597", "Bargarh_OR/162", "Boudh_OR/196", "Balangir_OR/143"], "Sambalpur_OR/597": ["Angul_OR/124", "Bargarh_OR/162", "Subarnapur_OR/652", "Jharsuguda_OR/359", "Deogarh_OR/245", "Sundargarh_OR/655"], "Kalahandi_OR/368": ["Rayagada_OR/577", "Nuapada_OR/514", "Kandhamal_OR/373", "Koraput_OR/415", "Nabarangapur_OR/490", "Balangir_OR/143", "Gariaband_CT/296"], "Boudh_OR/196": ["Nayagarh_OR/507", "Angul_OR/124", "Kandhamal_OR/373", "Subarnapur_OR/652", "Balangir_OR/143"], "Kandhamal_OR/373": ["Nayagarh_OR/507", "Kalahandi_OR/368", "Rayagada_OR/577", "Boudh_OR/196", "Ganjam_OR/294", "Balangir_OR/143", "Gajapati_OR/290"], "Angul_OR/124": ["Nayagarh_OR/507", "Sambalpur_OR/597", "Sundargarh_OR/655", "Boudh_OR/196", "Subarnapur_OR/652", "Dhenkanal_OR/256", "Cuttack_OR/229", "Deogarh_OR/245", "Kendujhar_OR/393"], "Deogarh_OR/245": ["Sambalpur_OR/597", "Angul_OR/124", "Sundargarh_OR/655"], "Nayagarh_OR/507": ["Angul_OR/124", "Boudh_OR/196", "Ganjam_OR/294", "Kandhamal_OR/373", "Khordha_OR/398", "Cuttack_OR/229"], "Khordha_OR/398": ["Puri_OR/555", "Nayagarh_OR/507", "Cuttack_OR/229", "Ganjam_OR/294"], "Cuttack_OR/229": ["Nayagarh_OR/507", "Jajpur_OR/339", "Angul_OR/124", "Jagatsinghpur_OR/336", "Puri_OR/555", "Khordha_OR/398", "Dhenkanal_OR/256", "Kendrapara_OR/392"], "Ganjam_OR/294": ["Nayagarh_OR/507", "Srikakulam_AP/650", "Puri_OR/555", "Kandhamal_OR/373", "Khordha_OR/398", "Gajapati_OR/290"], "Puri_OR/555": ["Jagatsinghpur_OR/336", "Cuttack_OR/229", "Ganjam_OR/294", "Khordha_OR/398"], "Dhenkanal_OR/256": ["Cuttack_OR/229", "Angul_OR/124", "Jajpur_OR/339", "Kendujhar_OR/393"], "Jajpur_OR/339": ["Bhadrak_OR/176", "Dhenkanal_OR/256", "Kendrapara_OR/392", "Cuttack_OR/229", "Kendujhar_OR/393"], "Jagatsinghpur_OR/336": ["Puri_OR/555", "Kendrapara_OR/392", "Cuttack_OR/229"], "Kendrapara_OR/392": ["Jagatsinghpur_OR/336", "Bhadrak_OR/176", "Cuttack_OR/229", "Jajpur_OR/339"], "Bhadrak_OR/176": ["Kendrapara_OR/392", "Balasore_OR/144", "Jajpur_OR/339", "Kendujhar_OR/393"], "Rayagada_OR/577": ["Vizianagaram_AP/709", "Srikakulam_AP/650", "Kalahandi_OR/368", "Kandhamal_OR/373", "Koraput_OR/415", "Gajapati_OR/290"], "Vizianagaram_AP/709": ["Koraput_OR/415", "Srikakulam_AP/650", "Visakhapatnam_AP/708", "Rayagada_OR/577"], "Visakhapatnam_AP/708": ["Koraput_OR/415", "East Godavari_AP/269", "Malkangiri_OR/463", "Vizianagaram_AP/709"], "East Godavari_AP/269": ["Visakhapatnam_AP/708", "Telangana_TG/665", "West Godavari_AP/715", "Sukma_CT/653", "Malkangiri_OR/463"], "Gajapati_OR/290": ["Srikakulam_AP/650", "Ganjam_OR/294", "Rayagada_OR/577", "Kandhamal_OR/373"], "Srikakulam_AP/650": ["Ganjam_OR/294", "Rayagada_OR/577", "Gajapati_OR/290", "Vizianagaram_AP/709"], "Ahmednagar_MH/104": ["Aurangabad_MH/135", "Pune_MH/552", "Nashik_MH/504", "Osmanabad_MH/516", "Thane_MH/666", "Solapur_MH/641", "Mumbai_MH/483", "Beed_MH/169"], "Aurangabad_MH/135": ["Jalgaon_MH/342", "Nashik_MH/504", "Jalna_MH/343", "Ahmednagar_MH/104", "Beed_MH/169"], "Thane_MH/666": ["Palghar_MH/521", "Raigad_MH/560", "Pune_MH/552", "Nashik_MH/504", "Ahmednagar_MH/104", "Mumbai_MH/483"], "Pune_MH/552": ["Raigad_MH/560", "Solapur_MH/641", "Thane_MH/666", "Satara_MH/604", "Ahmednagar_MH/104", "Mumbai_MH/483"], "Beed_MH/169": ["Parbhani_MH/529", "Aurangabad_MH/135", "Jalna_MH/343", "Osmanabad_MH/516", "Latur_MH/437", "Ahmednagar_MH/104"], "Solapur_MH/641": ["Kalaburagi_KA/367", "Pune_MH/552", "Osmanabad_MH/516", "Satara_MH/604", "Ahmednagar_MH/104", "Sangli_MH/599", "Vijayapura_KA/705"], "Osmanabad_MH/516": ["Kalaburagi_KA/367", "Bidar_KA/187", "Solapur_MH/641", "Latur_MH/437", "Ahmednagar_MH/104", "Beed_MH/169"], "Satara_MH/604": ["Raigad_MH/560", "Pune_MH/552", "Solapur_MH/641", "Ratnagiri_MH/576", "Mumbai_MH/483", "Sangli_MH/599"], "Raigad_MH/560": ["Pune_MH/552", "Thane_MH/666", "Ratnagiri_MH/576", "Satara_MH/604", "Mumbai_MH/483"], "Ratnagiri_MH/576": ["Sindhudurg_MH/630", "Raigad_MH/560", "Satara_MH/604", "Mumbai_MH/483", "Sangli_MH/599", "Kolhapur_MH/410"], "Sangli_MH/599": ["Belagavi_KA/171", "Solapur_MH/641", "Ratnagiri_MH/576", "Satara_MH/604", "Mumbai_MH/483", "Kolhapur_MH/410", "Vijayapura_KA/705"], "Kolhapur_MH/410": ["Sindhudurg_MH/630", "Belagavi_KA/171", "Ratnagiri_MH/576", "Mumbai_MH/483", "Sangli_MH/599"], "Sindhudurg_MH/630": ["Belagavi_KA/171", "Ratnagiri_MH/576", "Goa_GA/303", "Mumbai_MH/483", "Kolhapur_MH/410"], "Chandrapur_MH/211": ["Gadchiroli_MH/289", "Telangana_TG/665", "Bhandara_MH/178", "Nagpur_MH/494", "Wardha_MH/710", "Yavatmal_MH/726"], "Telangana_TG/665": ["Krishna_AP/422", "Kalaburagi_KA/367", "Chandrapur_MH/211", "Nanded_MH/499", "East Godavari_AP/269", "Bidar_KA/187", "Gadchiroli_MH/289", "Yadgir_KA/724", "West Godavari_AP/715", "Guntur_AP/312", "Bijapur_CT/188", "Prakasam_AP/544", "Sukma_CT/653", "Yavatmal_MH/726", "Raichur_KA/559", "Kurnool_AP/427"], "Wardha_MH/710": ["Yavatmal_MH/726", "Chandrapur_MH/211", "Amravati_MH/117", "Nagpur_MH/494"], "Yavatmal_MH/726": ["Chandrapur_MH/211", "Nanded_MH/499", "Amravati_MH/117", "Telangana_TG/665", "Hingoli_MH/327", "Wardha_MH/710", "Washim_MH/711"], "Washim_MH/711": ["Akola_MH/107", "Parbhani_MH/529", "Amravati_MH/117", "Hingoli_MH/327", "Buldhana_MH/200", "Yavatmal_MH/726"], "Nanded_MH/499": ["Parbhani_MH/529", "Bidar_KA/187", "Telangana_TG/665", "Latur_MH/437", "Hingoli_MH/327", "Yavatmal_MH/726"], "Hingoli_MH/327": ["Nanded_MH/499", "Parbhani_MH/529", "Yavatmal_MH/726", "Washim_MH/711"], "Akola_MH/107": ["Buldhana_MH/200", "Washim_MH/711", "Amravati_MH/117"], "Parbhani_MH/529": ["Nanded_MH/499", "Jalna_MH/343", "Latur_MH/437", "Hingoli_MH/327", "Washim_MH/711", "Buldhana_MH/200", "Beed_MH/169"], "Buldhana_MH/200": ["Akola_MH/107", "Parbhani_MH/529", "Jalgaon_MH/342", "Amravati_MH/117", "Jalna_MH/343", "Washim_MH/711", "Burhanpur_MP/202"], "Latur_MH/437": ["Nanded_MH/499", "Parbhani_MH/529", "Bidar_KA/187", "Osmanabad_MH/516", "Beed_MH/169"], "Bidar_KA/187": ["Kalaburagi_KA/367", "Nanded_MH/499", "Telangana_TG/665", "Osmanabad_MH/516", "Latur_MH/437"], "Jalna_MH/343": ["Parbhani_MH/529", "Jalgaon_MH/342", "Aurangabad_MH/135", "Buldhana_MH/200", "Beed_MH/169"], "Belagavi_KA/171": ["Sindhudurg_MH/630", "Gadag_KA/288", "Uttara Kannada_KA/697", "Bagalkote_KA/138", "Goa_GA/303", "Mumbai_MH/483", "Sangli_MH/599", "Kolhapur_MH/410", "Dharwad_KA/255", "Vijayapura_KA/705"], "Vijayapura_KA/705": ["Kalaburagi_KA/367", "Belagavi_KA/171", "Yadgir_KA/724", "Solapur_MH/641", "Bagalkote_KA/138", "Raichur_KA/559", "Sangli_MH/599"], "Goa_GA/303": ["Sindhudurg_MH/630", "Belagavi_KA/171", "Uttara Kannada_KA/697", "Goa_GA/303", "Mumbai_MH/483"], "Kalaburagi_KA/367": ["Bidar_KA/187", "Telangana_TG/665", "Yadgir_KA/724", "Osmanabad_MH/516", "Solapur_MH/641", "Vijayapura_KA/705"], "Uttara Kannada_KA/697": ["Shivamogga_KA/620", "Belagavi_KA/171", "Goa_GA/303", "Haveri_KA/325", "Dharwad_KA/255", "Udupi_KA/686"], "Alappuzha_KL/108": ["Kottayam_KL/419", "Kollam_KL/412", "Pathanamthitta_KL/533", "Ernakulam_KL/275"], "Kozhikode_KL/420": ["Mahe_PY/456", "Malappuram_KL/461", "Wayanad_KL/712", "Kannur_KL/376"], "Kannur_KL/376": ["Kodagu_KA/405", "Kasaragod_KL/386", "Mahe_PY/456", "Wayanad_KL/712", "Kozhikode_KL/420"], "Mysuru_KA/489": ["Kodagu_KA/405", "Chamarajanagara_KA/204", "Mandya_KA/468", "Wayanad_KL/712", "Hassan_KA/323"], "Kodagu_KA/405": ["Kasaragod_KL/386", "Mysuru_KA/489", "Dakshina Kannada_KA/234", "Wayanad_KL/712", "Kannur_KL/376", "Hassan_KA/323"], "Kasaragod_KL/386": ["Kodagu_KA/405", "Kannur_KL/376", "Dakshina Kannada_KA/234"], "Mahe_PY/456": ["Kannur_KL/376", "Kozhikode_KL/420"], "Dakshina Kannada_KA/234": ["Kodagu_KA/405", "Udupi_KA/686", "Kasaragod_KL/386", "Chikkamagaluru_KA/220", "Hassan_KA/323"], "Mandya_KA/468": ["Chamarajanagara_KA/204", "Ramanagara_KA/569", "Mysuru_KA/489", "Tumakuru_KA/682", "Hassan_KA/323"], "Ramanagara_KA/569": ["Bengaluru Rural_KA/172", "Chamarajanagara_KA/204", "Krishnagiri_TN/423", "Bengaluru Urban_KA/173", "Tumakuru_KA/682", "Mandya_KA/468"], "Hassan_KA/323": ["Kodagu_KA/405", "Chikkamagaluru_KA/220", "Mysuru_KA/489", "Dakshina Kannada_KA/234", "Tumakuru_KA/682", "Mandya_KA/468"], "Udupi_KA/686": ["Chikkamagaluru_KA/220", "Shivamogga_KA/620", "Dakshina Kannada_KA/234", "Uttara Kannada_KA/697"], "Chikkamagaluru_KA/220": ["Udupi_KA/686", "Shivamogga_KA/620", "Dakshina Kannada_KA/234", "Tumakuru_KA/682", "Chitradurga_KA/221", "Hassan_KA/323", "Davanagere_KA/242"], "Shivamogga_KA/620": ["Udupi_KA/686", "Chikkamagaluru_KA/220", "Uttara Kannada_KA/697", "Haveri_KA/325", "Davanagere_KA/242"], "Bengaluru Rural_KA/172": ["Ramanagara_KA/569", "Krishnagiri_TN/423", "Chikkaballapura_KA/219", "Bengaluru Urban_KA/173", "Tumakuru_KA/682", "Kolar_KA/408"], "Bengaluru Urban_KA/173": ["Krishnagiri_TN/423", "Ramanagara_KA/569", "Bengaluru Rural_KA/172"], "Kolar_KA/408": ["Chittoor_AP/223", "Chikkaballapura_KA/219", "Bengaluru Rural_KA/172", "Krishnagiri_TN/423"], "Tumakuru_KA/682": ["Bengaluru Rural_KA/172", "Anantapur_AP/122", "Chikkamagaluru_KA/220", "Ramanagara_KA/569", "Chikkaballapura_KA/219", "Mandya_KA/468", "Chitradurga_KA/221", "Hassan_KA/323"], "Chikkaballapura_KA/219": ["Chittoor_AP/223", "Bengaluru Rural_KA/172", "Anantapur_AP/122", "Tumakuru_KA/682", "Kolar_KA/408"], "Chitradurga_KA/221": ["Anantapur_AP/122", "Chikkamagaluru_KA/220", "Tumakuru_KA/682", "Ballari_KA/145", "Davanagere_KA/242"], "Davanagere_KA/242": ["Ballari_KA/145", "Shivamogga_KA/620", "Chikkamagaluru_KA/220", "Chitradurga_KA/221", "Haveri_KA/325"], "Ballari_KA/145": ["Anantapur_AP/122", "Kurnool_AP/427", "Davanagere_KA/242", "Chitradurga_KA/221", "Koppal_KA/414", "Raichur_KA/559", "Haveri_KA/325", "Gadag_KA/288"], "Anantapur_AP/122": ["Chittoor_AP/223", "Ballari_KA/145", "Chikkaballapura_KA/219", "Tumakuru_KA/682", "Y.S.R. Kadapa_AP/723", "Chitradurga_KA/221", "Kurnool_AP/427"], "Bagalkote_KA/138": ["Belagavi_KA/171", "Koppal_KA/414", "Raichur_KA/559", "Vijayapura_KA/705", "Gadag_KA/288"], "Dharwad_KA/255": ["Belagavi_KA/171", "Gadag_KA/288", "Uttara Kannada_KA/697", "Haveri_KA/325"], "Gadag_KA/288": ["Belagavi_KA/171", "Bagalkote_KA/138", "Koppal_KA/414", "Haveri_KA/325", "Ballari_KA/145", "Dharwad_KA/255"], "Haveri_KA/325": ["Shivamogga_KA/620", "Uttara Kannada_KA/697", "Davanagere_KA/242", "Ballari_KA/145", "Dharwad_KA/255", "Gadag_KA/288"], "Koppal_KA/414": ["Bagalkote_KA/138", "Ballari_KA/145", "Raichur_KA/559", "Gadag_KA/288"], "Raichur_KA/559": ["Yadgir_KA/724", "Telangana_TG/665", "Bagalkote_KA/138", "Koppal_KA/414", "Kurnool_AP/427", "Ballari_KA/145", "Vijayapura_KA/705"], "Yadgir_KA/724": ["Kalaburagi_KA/367", "Telangana_TG/665", "Raichur_KA/559", "Vijayapura_KA/705"], "Kurnool_AP/427": ["Telangana_TG/665", "Prakasam_AP/544", "Y.S.R. Kadapa_AP/723", "Raichur_KA/559", "Ballari_KA/145", "Anantapur_AP/122"], "West Godavari_AP/715": ["Krishna_AP/422", "Telangana_TG/665", "East Godavari_AP/269"], "Krishna_AP/422": ["Telangana_TG/665", "Guntur_AP/312", "West Godavari_AP/715"], "Guntur_AP/312": ["Krishna_AP/422", "Telangana_TG/665", "Prakasam_AP/544"], "Prakasam_AP/544": ["Telangana_TG/665", "Guntur_AP/312", "S.P.S. Nellore_AP/587", "Y.S.R. Kadapa_AP/723", "Kurnool_AP/427"], "Y.S.R. Kadapa_AP/723": ["Chittoor_AP/223", "Anantapur_AP/122", "Prakasam_AP/544", "S.P.S. Nellore_AP/587", "Kurnool_AP/427"], "West Garo Hills_ML/714": ["Assam_AS/132", "East Garo Hills_ML/268", "South West Garo Hills_ML/647", "North Garo Hills_ML/512", "South Garo Hills_ML/645"], "Dimapur_NL/259": ["Peren_NL/539", "Kohima_NL/407", "Assam_AS/132"], "Peren_NL/539": ["Kohima_NL/407", "Manipur_MN/469", "Dimapur_NL/259", "Assam_AS/132"], "West Jaintia Hills_ML/716": ["East Jaintia Hills_ML/270", "East Khasi Hills_ML/272", "Ribhoi_ML/581", "Assam_AS/132"], "Manipur_MN/469": ["Peren_NL/539", "Phek_NL/540", "Assam_AS/132", "Aizawl_MZ/105", "Manipur_MN/469", "Kohima_NL/407", "Champhai_MZ/208"], "East Jaintia Hills_ML/270": ["West Jaintia Hills_ML/716", "Assam_AS/132"], "Aizawl_MZ/105": ["Mamit_MZ/464", "Assam_AS/132", "Manipur_MN/469", "Lunglei_MZ/450", "Serchhip_MZ/609", "Kolasib_MZ/409", "Champhai_MZ/208"], "Kolasib_MZ/409": ["Aizawl_MZ/105", "Mamit_MZ/464", "Assam_AS/132"], "Mamit_MZ/464": ["Assam_AS/132", "Aizawl_MZ/105", "Lunglei_MZ/450", "North Tripura_TR/513", "Kolasib_MZ/409"], "North Tripura_TR/513": ["Unokoti_TR/691", "Mamit_MZ/464", "Dhalai_TR/250", "Assam_AS/132"], "West Kameng_AR/717": ["Pakke Kessang_AR/517", "Tawang_AR/663", "East Kameng_AR/271", "Assam_AS/132"], "Pakke Kessang_AR/517": ["East Kameng_AR/271", "Papum Pare_AR/528", "West Kameng_AR/717", "Assam_AS/132"], "Lakhimpur Kheri_UP/433": ["Kamle_AR/371", "Papum Pare_AR/528", "Assam_AS/132"], "Kohima_NL/407": ["Wokha_NL/722", "Phek_NL/540", "Assam_AS/132", "Manipur_MN/469", "Zunheboto_NL/727", "Dimapur_NL/259", "Peren_NL/539"], "Wokha_NL/722": ["Mokokchung_NL/478", "Kohima_NL/407", "Zunheboto_NL/727", "Assam_AS/132"], "Mokokchung_NL/478": ["Wokha_NL/722", "Longleng_NL/444", "Assam_AS/132", "Zunheboto_NL/727", "Tuensang_NL/681"], "Papum Pare_AR/528": ["Kra Daadi_AR/421", "Assam_AS/132", "Pakke Kessang_AR/517", "Kamle_AR/371", "Kurung Kumey_AR/429", "Lower Subansiri_AR/447", "East Kameng_AR/271", "Lakhimpur Kheri_UP/433"], "Kamle_AR/371": ["Assam_AS/132", "Kra Daadi_AR/421", "Lower Subansiri_AR/447", "Papum Pare_AR/528", "Lakhimpur Kheri_UP/433", "Lower Siang_AR/446", "Upper Subansiri_AR/694"], "East Siang_AR/273": ["Siang_AR/624", "Assam_AS/132", "Assam_AS/132", "Upper Siang_AR/693", "Lower Dibang Valley_AR/445", "Lower Siang_AR/446"], "Lower Dibang Valley_AR/445": ["East Siang_AR/273", "Assam_AS/132", "Lohit_AR/442", "Upper Dibang Valley_AR/692", "Upper Siang_AR/693"], "Lower Siang_AR/446": ["Siang_AR/624", "East Siang_AR/273", "Assam_AS/132", "Kamle_AR/371", "Lepa Rada_AR/440", "West Siang_AR/719", "Upper Subansiri_AR/694"], "Changlang_AR/212": ["Assam_AS/132", "Tirap_AR/675", "Namsai_AR/498", "Anjaw_AR/125", "Lohit_AR/442"], "Lohit_AR/442": ["Assam_AS/132", "Anjaw_AR/125", "Namsai_AR/498", "Lower Dibang Valley_AR/445", "Changlang_AR/212"], "Tirap_AR/675": ["Longding_AR/443", "Assam_AS/132", "Changlang_AR/212"], "Namsai_AR/498": ["Changlang_AR/212", "Lohit_AR/442", "Assam_AS/132"], "Longding_AR/443": ["Tirap_AR/675", "Mon_NL/479", "Assam_AS/132"], "Mon_NL/479": ["Longding_AR/443", "Tuensang_NL/681", "Longleng_NL/444", "Assam_AS/132"], "Longleng_NL/444": ["Mokokchung_NL/478", "Mon_NL/479", "Tuensang_NL/681", "Assam_AS/132"], "Dhalai_TR/250": ["Unokoti_TR/691", "North Tripura_TR/513", "Khowai_TR/399", "Gomati_TR/305"], "Gomati_TR/305": ["Sipahijala_TR/632", "Dhalai_TR/250", "Khowai_TR/399", "South Tripura_TR/646"], "Khowai_TR/399": ["Gomati_TR/305", "Sipahijala_TR/632", "Dhalai_TR/250", "West Tripura_TR/721"], "Unokoti_TR/691": ["North Tripura_TR/513", "Dhalai_TR/250"], "West Tripura_TR/721": ["Sipahijala_TR/632", "Khowai_TR/399"], "Sipahijala_TR/632": ["Gomati_TR/305", "South Tripura_TR/646", "Khowai_TR/399", "West Tripura_TR/721"], "South Tripura_TR/646": ["Gomati_TR/305", "Sipahijala_TR/632"], "East Kameng_AR/271": ["Pakke Kessang_AR/517", "Tawang_AR/663", "Kurung Kumey_AR/429", "West Kameng_AR/717", "Papum Pare_AR/528"], "Kurung Kumey_AR/429": ["Papum Pare_AR/528", "East Kameng_AR/271", "Upper Subansiri_AR/694", "Kra Daadi_AR/421"], "Tawang_AR/663": ["West Kameng_AR/717", "East Kameng_AR/271"], "Lower Subansiri_AR/447": ["Kamle_AR/371", "Papum Pare_AR/528", "Kra Daadi_AR/421"], "Kra Daadi_AR/421": ["Papum Pare_AR/528", "Kamle_AR/371", "Kurung Kumey_AR/429", "Lower Subansiri_AR/447", "Upper Subansiri_AR/694"], "Upper Subansiri_AR/694": ["Kra Daadi_AR/421", "Shi Yomi_AR/618", "Kamle_AR/371", "Kurung Kumey_AR/429", "Lepa Rada_AR/440", "Lower Siang_AR/446", "West Siang_AR/719"], "West Siang_AR/719": ["Siang_AR/624", "Shi Yomi_AR/618", "Lepa Rada_AR/440", "Lower Siang_AR/446", "Upper Subansiri_AR/694"], "Shi Yomi_AR/618": ["Siang_AR/624", "West Siang_AR/719", "Upper Siang_AR/693", "Upper Subansiri_AR/694"], "Lepa Rada_AR/440": ["Lower Siang_AR/446", "West Siang_AR/719", "Upper Subansiri_AR/694"], "Siang_AR/624": ["East Siang_AR/273", "Shi Yomi_AR/618", "Upper Siang_AR/693", "Lower Siang_AR/446", "West Siang_AR/719"], "Upper Siang_AR/693": ["Siang_AR/624", "East Siang_AR/273", "Shi Yomi_AR/618", "Upper Dibang Valley_AR/692", "Lower Dibang Valley_AR/445"], "Upper Dibang Valley_AR/692": ["Upper Siang_AR/693", "Lower Dibang Valley_AR/445"], "Anjaw_AR/125": ["Lohit_AR/442", "Changlang_AR/212"], "East Garo Hills_ML/268": ["West Garo Hills_ML/714", "South Garo Hills_ML/645", "North Garo Hills_ML/512", "West Khasi Hills_ML/718"], "South Garo Hills_ML/645": ["West Garo Hills_ML/714", "East Garo Hills_ML/268", "West Khasi Hills_ML/718", "South West Khasi Hills_ML/648"], "South West Khasi Hills_ML/648": ["South Garo Hills_ML/645", "East Khasi Hills_ML/272", "West Khasi Hills_ML/718"], "South West Garo Hills_ML/647": ["West Garo Hills_ML/714", "Assam_AS/132"], "East Khasi Hills_ML/272": ["Ribhoi_ML/581", "West Jaintia Hills_ML/716", "South West Khasi Hills_ML/648", "West Khasi Hills_ML/718"], "Phek_NL/540": ["Kohima_NL/407", "Manipur_MN/469", "Zunheboto_NL/727", "Kiphire_NL/402"], "Zunheboto_NL/727": ["Wokha_NL/722", "Phek_NL/540", "Kiphire_NL/402", "Kohima_NL/407", "Tuensang_NL/681", "Mokokchung_NL/478"], "Kiphire_NL/402": ["Tuensang_NL/681", "Zunheboto_NL/727", "Phek_NL/540"], "Tuensang_NL/681": ["Longleng_NL/444", "Kiphire_NL/402", "Zunheboto_NL/727", "Tuensang_NL/681", "Mon_NL/479", "Mokokchung_NL/478"], "Lawngtlai_MZ/438": ["Lunglei_MZ/450", "Saiha_MZ/593"], "Lunglei_MZ/450": ["Mamit_MZ/464", "Aizawl_MZ/105", "Serchhip_MZ/609", "Lawngtlai_MZ/438"], "Saiha_MZ/593": ["Lawngtlai_MZ/438"], "Serchhip_MZ/609": ["Lunglei_MZ/450", "Aizawl_MZ/105", "Champhai_MZ/208"], "Champhai_MZ/208": ["Aizawl_MZ/105", "Serchhip_MZ/609", "Manipur_MN/469"], "South 24 Parganas_WB/644": ["Kolkata_WB/411", "Purba Medinipur_WB/554", "North 24 Parganas_WB/511", "Howrah_WB/332"], "Gir Somnath_GJ/301": ["Junagadh_GJ/363", "Diu_DN/262", "Amreli_GJ/118"], "Diu_DN/262": ["Gir Somnath_GJ/301"], "Devbhumi Dwarka_GJ/248": ["Porbandar_GJ/543", "Jamnagar_GJ/347"], "Kolkata_WB/411": ["South 24 Parganas_WB/644", "North 24 Parganas_WB/511", "Howrah_WB/332"]}