districtid,timeid,cases
101,1,0
101,2,1
101,3,2
101,4,4
101,5,70
101,6,115
101,7,52
102,1,0
102,2,96
102,3,443
102,4,348
102,5,574
102,6,1129
102,7,467
103,1,0
103,2,845
103,3,9421
103,4,9047
103,5,5819
103,6,5148
103,7,991
104,1,0
104,2,6
104,3,79
104,4,332
104,5,4310
104,6,16118
104,7,4368
105,1,0
105,2,0
105,3,0
105,4,37
105,5,191
105,6,365
105,7,44
106,1,0
106,2,27
106,3,203
106,4,181
106,5,1438
106,6,2255
106,7,449
107,1,0
107,2,10
107,3,555
107,4,971
107,5,1065
107,6,1323
107,7,601
108,1,0
108,2,0
108,3,42
108,4,255
108,5,1432
108,6,4113
108,7,547
109,1,0
109,2,22
109,3,125
109,4,352
109,5,910
109,6,2960
109,7,884
110,1,0
110,2,0
110,3,4
110,4,179
110,5,167
110,6,1744
110,7,731
111,1,0
111,2,0
111,3,0
111,4,1
111,5,166
111,6,423
111,7,115
112,1,0
112,2,0
112,3,62
112,4,114
112,5,131
112,6,266
112,7,206
113,1,0
113,2,2
113,3,46
113,4,478
113,5,3419
113,6,3985
113,7,668
114,1,0
114,2,1
114,3,63
114,4,272
114,5,1233
114,6,2382
114,7,631
115,1,0
115,2,0
115,3,62
115,4,59
115,5,135
115,6,606
115,7,132
116,1,0
116,2,0
116,3,146
116,4,138
116,5,181
116,6,764
116,7,280
117,1,0
117,2,8
117,3,201
117,4,346
117,5,1489
117,6,3227
117,7,629
118,1,0
118,2,0
118,3,10
118,4,79
118,5,373
118,6,843
118,7,171
119,1,0
119,2,28
119,3,383
119,4,543
119,5,969
119,6,2223
119,7,713
120,1,0
120,2,1
120,3,39
120,4,86
120,5,466
120,6,1083
120,7,227
121,1,0
121,2,25
121,3,26
121,4,124
121,5,259
121,6,330
121,7,53
122,1,0
122,2,8
122,3,161
122,4,1359
122,5,13246
122,6,27557
122,7,3875
123,1,0
123,2,35
123,3,267
123,4,340
123,5,641
123,6,1045
123,7,193
124,1,0
124,2,0
124,3,25
124,4,45
124,5,262
124,6,536
124,7,351
125,1,0
125,2,0
125,3,0
125,4,0
125,5,4
125,6,45
125,7,10
126,1,0
126,2,0
126,3,17
126,4,13
126,5,45
126,6,340
126,7,77
127,1,0
127,2,1
127,3,41
127,4,92
127,5,496
127,6,2422
127,7,703
128,1,0
128,2,1
128,3,92
128,4,100
128,5,102
128,6,120
128,7,45
129,1,0
129,2,1
129,3,360
129,4,102
129,5,457
129,6,1860
129,7,360
130,1,0
130,2,0
130,3,44
130,4,61
130,5,433
130,6,826
130,7,115
131,1,0
131,2,1
131,3,12
131,4,33
131,5,45
131,6,131
131,7,53
132,1,1
132,2,57
132,3,1299
132,4,7214
132,5,32410
132,6,70228
132,7,17566
133,1,0
133,2,0
133,3,19
133,4,79
133,5,264
133,6,816
133,7,302
134,1,0
134,2,6
134,3,71
134,4,157
134,5,712
134,6,1830
134,7,288
135,1,0
135,2,81
135,3,1400
135,4,3869
135,5,8891
135,6,9328
135,7,1684
136,1,0
136,2,0
136,3,112
136,4,166
136,5,931
136,6,2187
136,7,635
137,1,0
137,2,0
137,3,87
137,4,151
137,5,737
137,6,2252
137,7,314
138,1,0
138,2,5
138,3,50
138,4,111
138,5,1511
138,6,4669
138,7,803
139,1,0
139,2,0
139,3,16
139,4,72
139,5,22
139,6,203
139,7,37
140,1,0
140,2,0
140,3,27
140,4,225
140,5,366
140,6,273
140,7,76
141,1,0
141,2,0
141,3,76
141,4,41
141,5,387
141,6,1587
141,7,219
142,1,0
142,2,0
142,3,7
142,4,23
142,5,107
142,6,159
142,7,68
143,1,0
143,2,0
143,3,80
143,4,105
143,5,246
143,6,1441
143,7,177
144,1,0
144,2,10
144,3,133
144,4,201
144,5,622
144,6,2758
144,7,550
145,1,0
145,2,0
145,3,35
145,4,789
145,5,5654
145,6,15207
145,7,2456
146,1,0
146,2,0
146,3,50
146,4,83
146,5,1605
146,6,2352
146,7,292
147,1,0
147,2,0
147,3,27
147,4,20
147,5,50
147,6,300
147,7,314
148,1,0
148,2,0
148,3,20
148,4,229
148,5,145
148,6,456
148,7,271
149,1,0
149,2,0
149,3,16
149,4,117
149,5,70
149,6,107
149,7,92
150,1,0
150,2,0
150,3,39
150,4,39
150,5,195
150,6,705
150,7,161
151,1,0
151,2,0
151,3,15
151,4,39
151,5,91
151,6,259
151,7,127
152,1,0
152,2,0
152,3,83
152,4,70
152,5,552
152,6,436
152,7,134
153,1,0
153,2,1
153,3,23
153,4,20
153,5,278
153,6,583
153,7,182
154,1,0
154,2,3
154,3,21
154,4,152
154,5,441
154,6,1469
154,7,178
155,1,0
155,2,1
155,3,110
155,4,127
155,5,388
155,6,1105
155,7,164
156,1,0
156,2,0
156,3,36
156,4,219
156,5,490
156,6,1850
156,7,596
157,1,0
157,2,4
157,3,21
157,4,15
157,5,109
157,6,357
157,7,167
158,1,0
158,2,0
158,3,155
158,4,177
158,5,816
158,6,2547
158,7,584
159,1,0
159,2,22
159,3,149
159,4,634
159,5,1090
159,6,948
159,7,176
160,1,0
160,2,1
160,3,16
160,4,77
160,5,75
160,6,420
160,7,254
161,1,0
161,2,2
161,3,50
161,4,194
161,5,2107
161,6,4310
161,7,805
162,1,0
162,2,0
162,3,8
162,4,92
162,5,327
162,6,1750
162,7,939
163,1,0
163,2,0
163,3,97
163,4,257
163,5,1024
163,6,915
163,7,120
164,1,0
164,2,0
164,3,22
164,4,36
164,5,168
164,6,952
164,7,162
165,1,0
165,2,2
165,3,30
165,4,62
165,5,548
165,6,519
165,7,90
166,1,0
166,2,0
166,3,2
166,4,6
166,5,200
166,6,660
166,7,206
167,1,0
167,2,0
167,3,151
167,4,197
167,5,558
167,6,1527
167,7,265
168,1,0
168,2,2
168,3,78
168,4,47
168,5,258
168,6,2124
168,7,520
169,1,0
169,2,0
169,3,46
169,4,73
169,5,642
169,6,4102
169,7,692
170,1,0
170,2,2
170,3,237
170,4,205
170,5,1265
170,6,3775
170,7,315
171,1,0
171,2,15
171,3,95
171,4,220
171,5,2910
171,6,9219
171,7,2307
172,1,0
172,2,0
172,3,9
172,4,117
172,5,2156
172,6,2630
172,7,924
173,1,0
173,2,12
173,3,222
173,4,4220
173,5,51724
173,6,75433
173,7,18599
174,1,0
174,2,0
174,3,25
174,4,32
174,5,172
174,6,470
174,7,146
175,1,0
175,2,0
175,3,42
175,4,92
175,5,466
175,6,514
175,7,88
176,1,0
176,2,3
176,3,96
176,4,126
176,5,375
176,6,2046
176,7,649
177,1,0
177,2,0
177,3,170
177,4,330
177,5,2065
177,6,3071
177,7,477
178,1,0
178,2,1
178,3,33
178,4,53
178,5,172
178,6,845
178,7,553
179,1,0
179,2,1
179,3,143
179,4,1421
179,5,944
179,6,1169
179,7,104
180,1,0
180,2,2
180,3,5
180,4,192
180,5,664
180,6,702
180,7,143
181,1,0
181,2,7
181,3,80
181,4,141
181,5,1125
181,6,1485
181,7,307
182,1,0
182,2,4
182,3,108
182,4,115
182,5,389
182,6,1563
182,7,142
183,1,0
183,2,0
183,3,56
183,4,168
183,5,254
183,6,169
183,7,37
184,1,0
184,2,0
184,3,30
184,4,387
184,5,391
184,6,616
184,7,265
185,1,0
185,2,9
185,3,73
185,4,152
185,5,1346
185,6,2035
185,7,159
186,1,0
186,2,93
186,3,977
186,4,1366
186,5,3565
186,6,4339
186,7,1140
187,1,0
187,2,0
187,3,150
187,4,444
187,5,1612
187,6,2381
187,7,399
188,1,0
188,2,0
188,3,0
188,4,1
188,5,75
188,6,429
188,7,134
189,1,0
189,2,3
189,3,70
189,4,188
189,5,418
189,6,1064
189,7,339
190,1,0
190,2,0
190,3,69
190,4,230
190,5,1662
190,6,2507
190,7,345
191,1,0
191,2,0
191,3,49
191,4,143
191,5,475
191,6,1155
191,7,932
192,1,0
192,2,0
192,3,18
192,4,27
192,5,46
192,6,246
192,7,93
193,1,0
193,2,0
193,3,130
193,4,205
193,5,286
193,6,1520
193,7,272
194,1,0
194,2,0
194,3,12
194,4,25
194,5,224
194,6,1282
194,7,832
195,1,0
195,2,8
195,3,40
195,4,32
195,5,145
195,6,279
195,7,56
196,1,0
196,2,0
196,3,33
196,4,10
196,5,98
196,6,481
196,7,192
197,1,0
197,2,2
197,3,25
197,4,99
197,5,295
197,6,1109
197,7,283
198,1,0
198,2,6
198,3,91
198,4,314
198,5,867
198,6,1244
198,7,307
199,1,0
199,2,13
199,3,73
199,4,497
199,5,750
199,6,960
199,7,269
200,1,0
200,2,0
200,3,41
200,4,184
200,5,1044
200,6,2175
200,7,730
201,1,0
201,2,0
201,3,2
201,4,14
201,5,123
201,6,416
201,7,201
202,1,0
202,2,1
202,3,318
202,4,98
202,5,83
202,6,86
202,7,17
203,1,0
203,2,15
203,3,89
203,4,108
203,5,796
203,6,1983
203,7,143
204,1,0
204,2,0
204,3,0
204,4,33
204,5,657
204,6,1740
204,7,295
205,1,0
205,2,0
205,3,14
205,4,36
205,5,55
205,6,330
205,7,54
206,1,0
206,2,0
206,3,13
206,4,67
206,5,20
206,6,267
206,7,47
207,1,0
207,2,0
207,3,12
207,4,64
207,5,66
207,6,188
207,7,120
208,1,0
208,2,0
208,3,0
208,4,9
208,5,5
208,6,5
208,7,0
209,1,0
209,2,0
209,3,22
209,4,137
209,5,763
209,6,1116
209,7,229
210,1,15
210,2,61
210,3,233
210,4,151
210,5,617
210,6,3323
210,7,1360
211,1,0
211,2,0
211,3,23
211,4,70
211,5,337
211,6,1989
211,7,1476
212,1,0
212,2,0
212,3,2
212,4,93
212,5,156
212,6,233
212,7,68
213,1,0
213,2,0
213,3,12
213,4,87
213,5,80
213,6,138
213,7,66
214,1,0
214,2,0
214,3,1
214,4,63
214,5,319
214,6,466
214,7,76
215,1,0
215,2,382
215,3,14065
215,4,44495
215,5,43673
215,6,36886
215,7,6188
216,1,0
216,2,0
216,3,20
216,4,45
216,5,284
216,6,268
216,7,116
217,1,0
217,2,0
217,3,5
217,4,53
217,5,114
217,6,293
217,7,52
218,1,0
218,2,0
218,3,20
218,4,23
218,5,100
218,6,170
218,7,53
219,1,0
219,2,0
219,3,118
219,4,83
219,5,1569
219,6,2471
219,7,755
220,1,0
220,2,0
220,3,18
220,4,63
220,5,914
220,6,3119
220,7,1121
221,1,0
221,2,0
221,3,38
221,4,24
221,5,602
221,6,2245
221,7,985
222,1,0
222,2,0
222,3,38
222,4,60
222,5,146
222,6,410
222,7,165
223,1,0
223,2,7
223,3,178
223,4,802
223,5,9359
223,6,27220
223,7,6053
224,1,0
224,2,18
224,3,164
224,4,38
224,5,64
224,6,589
224,7,174
225,1,0
225,2,0
225,3,92
225,4,221
225,5,357
225,6,291
225,7,172
226,1,0
226,2,0
226,3,4
226,4,398
226,5,4306
226,6,10907
226,7,3505
227,1,0
227,2,0
227,3,68
227,4,254
227,5,407
227,6,2251
227,7,882
228,1,0
228,2,1
228,3,436
228,4,612
228,5,2023
228,6,8544
228,7,2508
229,1,0
229,2,0
229,3,99
229,4,494
229,5,1529
229,6,6265
229,7,2073
230,1,0
230,2,0
230,3,2
230,4,106
230,5,411
230,6,624
230,7,95
231,1,0
231,2,1
231,3,32
231,4,27
231,5,511
231,6,658
231,7,94
232,1,0
232,2,0
232,3,0
232,4,6
232,5,136
232,6,235
232,7,157
233,1,0
233,2,0
233,3,15
233,4,209
233,5,945
233,6,2676
233,7,282
234,1,0
234,2,3
234,3,116
234,4,610
234,5,5051
234,6,7144
234,7,2239
235,1,0
235,2,0
235,3,0
235,4,93
235,5,473
235,6,488
235,7,77
236,1,0
236,2,0
236,3,24
236,4,17
236,5,155
236,6,444
236,7,155
237,1,0
237,2,1
237,3,0
237,4,4
237,5,17
237,6,43
237,7,16
238,1,0
238,2,5
238,3,87
238,4,234
238,5,536
238,6,1500
238,7,225
239,1,0
239,2,0
239,3,17
239,4,473
239,5,1685
239,6,2959
239,7,478
240,1,0
240,2,0
240,3,8
240,4,20
240,5,193
240,6,467
240,7,124
241,1,0
241,2,0
241,3,29
241,4,93
241,5,169
241,6,302
241,7,74
242,1,0
242,2,2
242,3,156
242,4,157
242,5,1808
242,6,7494
242,7,1779
243,1,0
243,2,3
243,3,205
243,4,467
243,5,987
243,6,2453
243,7,1225
244,1,113
244,2,3427
244,3,16552
244,4,68506
244,5,50680
244,6,40268
244,7,15757
245,1,0
245,2,1
245,3,32
245,4,26
245,5,41
245,6,115
245,7,40
246,1,0
246,2,0
246,3,3
246,4,44
246,5,281
246,6,1124
246,7,176
247,1,0
247,2,0
247,3,92
247,4,129
247,5,915
247,6,2843
247,7,508
248,1,0
248,2,0
248,3,13
248,4,11
248,5,25
248,6,221
248,7,88
249,1,0
249,2,1
249,3,70
249,4,131
249,5,213
249,6,291
249,7,85
250,1,0
250,2,0
250,3,175
250,4,57
250,5,414
250,6,504
250,7,350
251,1,0
251,2,0
251,3,3
251,4,8
251,5,33
251,6,284
251,7,306
252,1,0
252,2,0
252,3,51
252,4,122
252,5,367
252,6,2630
252,7,292
253,1,0
253,2,12
253,3,76
253,4,58
253,5,219
253,6,494
253,7,159
254,1,0
254,2,0
254,3,7
254,4,74
254,5,685
254,6,497
254,7,177
255,1,0
255,2,0
255,3,37
255,4,301
255,5,3781
255,6,7420
255,7,1591
256,1,0
256,2,0
256,3,18
256,4,63
256,5,219
256,6,1380
256,7,444
257,1,0
257,2,7
257,3,51
257,4,623
257,5,556
257,6,1045
257,7,179
258,1,0
258,2,0
258,3,115
258,4,959
258,5,1969
258,6,4831
258,7,1386
259,1,0
259,2,0
259,3,25
259,4,66
259,5,518
259,6,1306
259,7,80
260,1,0
260,2,0
260,3,59
260,4,338
260,5,2375
260,6,3827
260,7,707
261,1,0
261,2,0
261,3,19
261,4,11
261,5,9
261,6,117
261,7,51
262,1,0
262,2,0
262,3,0
262,4,13
262,5,68
262,6,166
262,7,22
263,1,0
263,2,0
263,3,5
263,4,93
263,5,195
263,6,174
263,7,82
264,1,0
264,2,0
264,3,2
264,4,8
264,5,104
264,6,551
264,7,92
265,1,0
265,2,0
265,3,359
265,4,80
265,5,157
265,6,458
265,7,132
266,1,0
266,2,0
266,3,10
266,4,159
266,5,537
266,6,2544
266,7,1512
267,1,0
267,2,0
267,3,92
267,4,129
267,5,1008
267,6,3902
267,7,439
268,1,0
268,2,0
268,3,0
268,4,0
268,5,1
268,6,81
268,7,25
269,1,0
269,2,3
269,3,167
269,4,941
269,5,19346
269,6,39884
269,7,7509
270,1,0
270,2,0
270,3,0
270,4,1
270,5,17
270,6,27
270,7,22
271,1,0
271,2,0
271,3,0
271,4,0
271,5,37
271,6,179
271,7,20
272,1,0
272,2,0
272,3,7
272,4,12
272,5,621
272,6,932
272,7,391
273,1,0
273,2,0
273,3,0
273,4,10
273,5,73
273,6,237
273,7,28
274,1,0
274,2,0
274,3,106
274,4,296
274,5,1533
274,6,5226
274,7,1648
275,1,0
275,2,0
275,3,25
275,4,207
275,5,1624
275,6,4355
275,7,1082
276,1,0
276,2,0
276,3,2
276,4,87
276,5,586
276,6,2461
276,7,638
277,1,0
277,2,1
277,3,33
277,4,108
277,5,200
277,6,583
277,7,177
278,1,0
278,2,0
278,3,49
278,4,248
278,5,413
278,6,1435
278,7,326
279,1,0
279,2,8
279,3,322
279,4,3391
279,5,5087
279,6,4204
279,7,1070
280,1,0
280,2,3
280,3,68
280,4,45
280,5,188
280,6,860
280,7,389
281,1,0
281,2,0
281,3,36
281,4,128
281,5,308
281,6,860
281,7,212
282,1,0
282,2,0
282,3,14
282,4,104
282,5,211
282,6,641
282,7,201
283,1,0
283,2,0
283,3,56
283,4,67
283,5,229
283,6,790
283,7,91
284,1,0
284,2,0
284,3,51
284,4,86
284,5,364
284,6,853
284,7,176
285,1,0
285,2,0
285,3,46
285,4,43
285,5,179
285,6,659
285,7,215
286,1,0
286,2,1
286,3,57
286,4,54
286,5,318
286,6,1487
286,7,185
287,1,0
287,2,28
287,3,175
287,4,257
287,5,209
287,6,754
287,7,331
288,1,0
288,2,1
288,3,33
288,4,143
288,5,1207
288,6,4068
288,7,1147
289,1,0
289,2,0
289,3,35
289,4,32
289,5,205
289,6,523
289,7,171
290,1,0
290,2,0
290,3,36
290,4,403
290,5,973
290,6,1554
290,7,141
291,1,0
291,2,0
291,3,18
291,4,62
291,5,330
291,6,1032
291,7,272
292,1,0
292,2,23
292,3,227
292,4,391
292,5,845
292,6,983
292,7,222
293,1,0
293,2,0
293,3,6
293,4,49
293,5,180
293,6,462
293,7,55
294,1,0
294,2,0
294,3,414
294,4,973
294,5,9096
294,6,7806
294,7,889
295,1,0
295,2,0
295,3,56
295,4,46
295,5,345
295,6,791
295,7,92
296,1,0
296,2,0
296,3,5
296,4,37
296,5,61
296,6,192
296,7,181
297,1,0
297,2,24
297,3,329
297,4,1874
297,5,2957
297,6,2882
297,7,824
298,1,0
298,2,0
298,3,73
298,4,133
298,5,1878
298,6,2677
298,7,274
299,1,0
299,2,4
299,3,269
299,4,1304
299,5,3375
299,6,3584
299,7,832
300,1,0
300,2,0
300,3,117
300,4,209
300,5,816
300,6,1758
300,7,276
301,1,0
301,2,0
301,3,42
301,4,33
301,5,295
301,6,644
301,7,86
302,1,0
302,2,0
302,3,16
302,4,76
302,5,497
302,6,1331
302,7,602
303,1,5
303,2,3
303,3,72
303,4,1246
303,5,4670
303,6,11785
303,7,3625
304,1,0
304,2,0
304,3,1
304,4,15
304,5,126
304,6,732
304,7,70
305,1,0
305,2,1
305,3,39
305,4,128
305,5,662
305,6,755
305,7,252
306,1,0
306,2,1
306,3,62
306,4,104
306,5,527
306,6,1916
306,7,286
307,1,0
307,2,0
307,3,65
307,4,59
307,5,173
307,6,1207
307,7,766
308,1,0
308,2,6
308,3,93
308,4,150
308,5,695
308,6,1865
308,7,298
309,1,0
309,2,2
309,3,79
309,4,288
309,5,1779
309,6,7240
309,7,1633
310,1,0
310,2,0
310,3,21
310,4,97
310,5,225
310,6,599
310,7,115
311,1,0
311,2,0
311,3,3
311,4,13
311,5,60
311,6,267
311,7,41
312,1,0
312,2,73
312,3,221
312,4,867
312,5,13396
312,6,22094
312,7,4288
313,1,0
313,2,3
313,3,134
313,4,84
313,5,289
313,6,2006
313,7,353
314,1,0
314,2,3
314,3,723
314,4,4702
314,5,3836
314,6,2963
314,7,1294
315,1,0
315,2,0
315,3,117
315,4,256
315,5,1907
315,6,3107
315,7,1115
316,1,0
316,2,0
316,3,109
316,4,135
316,5,66
316,6,262
316,7,81
317,1,0
317,2,0
317,3,6
317,4,71
317,5,229
317,6,366
317,7,55
318,1,0
318,2,0
318,3,19
318,4,37
318,5,154
318,6,234
318,7,19
319,1,0
319,2,1
319,3,129
319,4,492
319,5,613
319,6,501
319,7,149
320,1,0
320,2,1
320,3,4
320,4,28
320,5,169
320,6,235
320,7,78
321,1,0
321,2,0
321,3,48
321,4,183
321,5,854
321,6,1505
321,7,342
322,1,0
322,2,0
322,3,61
322,4,253
322,5,1105
322,6,3344
322,7,777
323,1,0
323,2,0
323,3,158
323,4,253
323,5,1766
323,6,6063
323,7,2151
324,1,0
324,2,0
324,3,24
324,4,148
324,5,97
324,6,370
324,7,88
325,1,0
325,2,0
325,3,14
325,4,106
325,5,876
325,6,3360
325,7,931
326,1,0
326,2,0
326,3,69
326,4,123
326,5,428
326,6,1278
326,7,292
327,1,0
327,2,7
327,3,141
327,4,162
327,5,298
327,6,963
327,7,210
328,1,0
328,2,0
328,3,36
328,4,205
328,5,725
328,6,1412
328,7,588
329,1,0
329,2,0
329,3,287
329,4,723
329,5,2412
329,6,4342
329,7,811
330,1,0
330,2,3
330,3,3
330,4,8
330,5,161
330,6,355
330,7,88
331,1,0
331,2,4
331,3,140
331,4,66
331,5,359
331,6,1055
331,7,336
332,1,0
332,2,0
332,3,950
332,4,1741
332,5,5136
332,6,5954
332,7,760
333,1,0
333,2,4
333,3,10
333,4,77
333,5,696
333,6,956
333,7,128
334,1,0
334,2,310
334,3,2029
334,4,1276
334,5,2644
334,6,5784
334,7,1581
335,1,0
335,2,26
335,3,155
335,4,166
335,5,795
335,6,3038
335,7,762
336,1,0
336,2,0
336,3,68
336,4,244
336,5,413
336,6,1160
336,7,446
337,1,0
337,2,99
337,3,1105
337,4,1363
337,5,2142
337,6,5502
337,7,1923
338,1,0
338,2,1
338,3,41
338,4,37
338,5,82
338,6,213
338,7,103
339,1,0
339,2,18
339,3,242
339,4,256
339,5,731
339,6,2593
339,7,643
340,1,0
340,2,11
340,3,172
340,4,494
340,5,1516
340,6,4362
340,7,1497
341,1,0
341,2,2
341,3,41
341,4,145
341,5,231
341,6,930
341,7,204
342,1,0
342,2,21
342,3,580
342,4,2879
342,5,7503
342,6,16881
342,7,3960
343,1,0
343,2,0
343,3,123
343,4,431
343,5,1419
343,6,2428
343,7,672
344,1,0
344,2,0
344,3,162
344,4,143
344,5,818
344,6,289
344,7,20
345,1,0
345,2,0
345,3,8
345,4,342
345,5,962
345,6,2319
345,7,608
346,1,0
346,2,0
346,3,110
346,4,220
346,5,733
346,6,2270
346,7,1735
347,1,0
347,2,0
347,3,53
347,4,163
347,5,525
347,6,1996
347,7,713
348,1,0
348,2,2
348,3,0
348,4,34
348,5,58
348,6,355
348,7,94
349,1,0
349,2,0
349,3,39
349,4,42
349,5,761
349,6,765
349,7,166
350,1,0
350,2,0
350,3,15
350,4,220
350,5,219
350,6,678
350,7,527
351,1,0
351,2,0
351,3,32
351,4,166
351,5,37
351,6,249
351,7,121
352,1,0
352,2,3
352,3,175
352,4,354
352,5,1394
352,6,1801
352,7,289
353,1,0
353,2,3
353,3,154
353,4,99
353,5,633
353,6,1495
353,7,175
354,1,0
354,2,0
354,3,13
354,4,4
354,5,120
354,6,516
354,7,103
355,1,0
355,2,24
355,3,77
355,4,168
355,5,558
355,6,423
355,7,204
356,1,0
356,2,10
356,3,225
356,4,116
356,5,181
356,6,918
356,7,436
357,1,0
357,2,4
357,3,38
357,4,161
357,5,2083
357,6,2200
357,7,401
358,1,0
358,2,0
358,3,6
358,4,18
358,5,10
358,6,236
358,7,30
359,1,0
359,2,1
359,3,7
359,4,97
359,5,212
359,6,958
359,7,382
360,1,0
360,2,0
360,3,89
360,4,237
360,5,259
360,6,423
360,7,141
361,1,0
361,2,0
361,3,25
361,4,84
361,5,178
361,6,367
361,7,229
362,1,0
362,2,146
362,3,1055
362,4,1295
362,5,4084
362,6,5434
362,7,1100
363,1,0
363,2,0
363,3,30
363,4,72
363,5,775
363,6,938
363,7,166
364,1,0
364,2,0
364,3,19
364,4,90
364,5,102
364,6,200
364,7,166
365,1,0
365,2,4
365,3,68
365,4,99
365,5,322
365,6,813
365,7,106
366,1,0
366,2,0
366,3,16
366,4,98
366,5,149
366,6,835
366,7,358
367,1,0
367,2,15
367,3,231
367,4,1177
367,5,3888
367,6,6621
367,7,1253
368,1,0
368,2,0
368,3,18
368,4,52
368,5,141
368,6,1156
368,7,302
369,1,0
369,2,0
369,3,0
369,4,45
369,5,38
369,6,385
369,7,73
370,1,0
370,2,3
370,3,248
370,4,603
370,5,2923
370,6,2400
370,7,901
371,1,0
371,2,0
371,3,0
371,4,0
371,5,1
371,6,3
371,7,0
372,1,0
372,2,7
372,3,375
372,4,1588
372,5,7207
372,6,8547
372,7,949
373,1,0
373,2,0
373,3,13
373,4,174
373,5,357
373,6,1721
373,7,185
374,1,0
374,2,0
374,3,82
374,4,188
374,5,194
374,6,408
374,7,196
375,1,0
375,2,0
375,3,52
375,4,179
375,5,619
375,6,849
375,7,123
376,1,0
376,2,4
376,3,121
376,4,245
376,5,937
376,6,2214
376,7,707
377,1,0
377,2,1
377,3,20
377,4,44
377,5,199
377,6,831
377,7,257
378,1,0
378,2,40
378,3,171
378,4,792
378,5,3883
378,6,10084
378,7,2230
379,1,0
379,2,0
379,3,55
379,4,299
379,5,4358
379,6,5063
379,7,693
380,1,0
380,2,9
380,3,25
380,4,62
380,5,168
380,6,1055
380,7,233
381,1,0
381,2,0
381,3,2
381,4,38
381,5,149
381,6,711
381,7,90
382,1,0
382,2,0
382,3,14
382,4,82
382,5,255
382,6,251
382,7,49
383,1,0
383,2,2
383,3,30
383,4,669
383,5,103
383,6,490
383,7,67
384,1,0
384,2,0
384,3,46
384,4,263
384,5,760
384,6,1840
384,7,985
385,1,0
385,2,0
385,3,40
385,4,60
385,5,361
385,6,1125
385,7,250
386,1,0
386,2,4
386,3,102
386,4,189
386,5,1201
386,6,3651
386,7,763
387,1,0
387,2,0
387,3,15
387,4,60
387,5,337
387,6,468
387,7,143
388,1,0
388,2,0
388,3,73
388,4,163
388,5,300
388,6,390
388,7,163
389,1,0
389,2,0
389,3,136
389,4,218
389,5,750
389,6,3594
389,7,282
390,1,0
390,2,0
390,3,1
390,4,20
390,5,135
390,6,345
390,7,60
391,1,0
391,2,0
391,3,46
391,4,38
391,5,252
391,6,611
391,7,139
392,1,0
392,2,0
392,3,87
392,4,208
392,5,234
392,6,1292
392,7,497
393,1,0
393,2,1
393,3,25
393,4,121
393,5,613
393,6,1193
393,7,433
394,1,0
394,2,0
394,3,157
394,4,159
394,5,791
394,6,1272
394,7,117
395,1,0
395,2,10
395,3,195
395,4,83
395,5,318
395,6,318
395,7,83
396,1,0
396,2,9
396,3,73
396,4,164
396,5,460
396,6,856
396,7,275
397,1,0
397,2,0
397,3,73
397,4,82
397,5,436
397,6,410
397,7,53
398,1,0
398,2,1
398,3,94
398,4,686
398,5,3405
398,6,12847
398,7,4522
399,1,0
399,2,0
399,3,14
399,4,55
399,5,326
399,6,579
399,7,236
400,1,0
400,2,0
400,3,5
400,4,26
400,5,55
400,6,663
400,7,213
401,1,0
401,2,0
401,3,0
401,4,8
401,5,42
401,6,37
401,7,37
402,1,0
402,2,0
402,3,0
402,4,4
402,5,0
402,6,12
402,7,0
403,1,0
403,2,0
403,3,65
403,4,110
403,5,567
403,6,1413
403,7,280
404,1,0
404,2,0
404,3,6
404,4,24
404,5,112
404,6,121
404,7,97
405,1,0
405,2,0
405,3,2
405,4,46
405,5,376
405,6,1050
405,7,287
406,1,0
406,2,0
406,3,40
406,4,141
406,5,397
406,6,977
406,7,297
407,1,0
407,2,0
407,3,16
407,4,31
407,5,358
407,6,781
407,7,116
408,1,0
408,2,0
408,3,23
408,4,101
408,5,1208
408,6,2176
408,7,512
409,1,0
409,2,0
409,3,0
409,4,11
409,5,3
409,6,162
409,7,8
410,1,0
410,2,4
410,3,444
410,4,441
410,5,4226
410,6,18025
410,7,3046
411,1,0
411,2,0
411,3,1941
411,4,3913
411,5,15893
411,6,19232
411,7,2937
412,1,0
412,2,6
412,3,41
412,4,289
412,5,1405
412,6,2633
412,7,614
413,1,0
413,2,0
413,3,0
413,4,3
413,5,100
413,6,242
413,7,98
414,1,0
414,2,0
414,3,4
414,4,81
414,5,1007
414,6,5482
414,7,1295
415,1,0
415,2,1
415,3,13
415,4,45
415,5,725
415,6,2761
415,7,634
416,1,0
416,2,0
416,3,19
416,4,266
416,5,98
416,6,324
416,7,301
417,1,0
417,2,0
417,3,29
417,4,27
417,5,66
417,6,281
417,7,206
418,1,0
418,2,39
418,3,276
418,4,213
418,5,1026
418,6,3807
418,7,925
419,1,0
419,2,6
419,3,25
419,4,182
419,5,981
419,6,2867
419,7,726
420,1,0
420,2,0
420,3,42
420,4,201
420,5,1208
420,6,4208
420,7,1056
421,1,0
421,2,0
421,3,0
421,4,0
421,5,0
421,6,2
421,7,3
422,1,0
422,2,69
422,3,236
422,4,1004
422,5,5428
422,6,9798
422,7,2052
423,1,0
423,2,0
423,3,28
423,4,113
423,5,834
423,6,1234
423,7,409
424,1,0
424,2,5
424,3,285
424,4,542
424,5,688
424,6,425
424,7,70
425,1,0
425,2,0
425,3,2
425,4,4
425,5,32
425,6,250
425,7,10
426,1,0
426,2,2
426,3,226
426,4,279
426,5,573
426,6,1004
426,7,218
427,1,0
427,2,107
427,3,362
427,4,1233
427,5,14982
427,6,29132
427,7,4074
428,1,0
428,2,0
428,3,29
428,4,98
428,5,302
428,6,1375
428,7,547
429,1,0
429,2,0
429,3,0
429,4,0
429,5,0
429,6,0
429,7,7
430,1,0
430,2,0
430,3,17
430,4,120
430,5,560
430,6,2451
430,7,568
431,1,0
431,2,0
431,3,63
431,4,95
431,5,367
431,6,801
431,7,116
432,1,0
432,2,0
432,3,0
432,4,2
432,5,3
432,6,6
432,7,0
433,1,0
433,2,0
433,3,64
433,4,48
433,5,332
433,6,1992
433,7,229
434,1,0
434,2,3
434,3,34
434,4,91
434,5,643
434,6,1042
434,7,122
435,1,0
435,2,0
435,3,3
435,4,6
435,5,346
435,6,1004
435,7,343
436,1,0
436,2,0
436,3,10
436,4,47
436,5,217
436,6,739
436,7,87
437,1,0
437,2,3
437,3,120
437,4,212
437,5,1755
437,6,6109
437,7,1909
438,1,0
438,2,0
438,3,0
438,4,8
438,5,18
438,6,10
438,7,0
439,1,0
439,2,0
439,3,26
439,4,231
439,5,345
439,6,845
439,7,300
440,1,0
440,2,0
440,3,0
440,4,1
440,5,13
440,6,19
440,7,49
441,1,0
441,2,0
441,3,4
441,4,55
441,5,194
441,6,398
441,7,80
442,1,0
442,2,0
442,3,0
442,4,3
442,5,22
442,6,119
442,7,16
443,1,0
443,2,0
443,3,0
443,4,4
443,5,9
443,6,11
443,7,25
444,1,0
444,2,0
444,3,0
444,4,2
444,5,5
444,6,3
444,7,0
445,1,0
445,2,0
445,3,0
445,4,3
445,5,20
445,6,28
445,7,27
446,1,0
446,2,0
446,3,0
446,4,1
446,5,22
446,6,105
446,7,4
447,1,0
447,2,0
447,3,0
447,4,0
447,5,36
447,6,19
447,7,9
448,1,0
448,2,12
448,3,188
448,4,765
448,5,7094
448,6,19412
448,7,4696
449,1,0
449,2,45
449,3,139
449,4,659
449,5,2411
449,6,7839
449,7,884
450,1,0
450,2,0
450,3,0
450,4,47
450,5,27
450,6,48
450,7,2
451,1,0
451,2,1
451,3,85
451,4,126
451,5,495
451,6,1453
451,7,275
452,1,0
452,2,5
452,3,198
452,4,271
452,5,657
452,6,3547
452,7,591
453,1,0
453,2,9
453,3,197
453,4,2280
453,5,8753
453,6,3309
453,7,649
454,1,0
454,2,1
454,3,55
454,4,110
454,5,536
454,6,2216
454,7,481
455,1,0
455,2,0
455,3,19
455,4,70
455,5,47
455,6,441
455,7,274
456,1,0
456,2,0
456,3,3
456,4,10
456,5,15
456,6,31
456,7,20
457,1,0
457,2,0
457,3,41
457,4,221
457,5,566
457,6,928
457,7,338
458,1,0
458,2,1
458,3,110
458,4,23
458,5,205
458,6,272
458,7,52
459,1,0
459,2,0
459,3,12
459,4,49
459,5,215
459,6,220
459,7,82
460,1,0
460,2,0
460,3,37
460,4,223
460,5,444
460,6,844
460,7,198
461,1,0
461,2,2
461,3,78
461,4,415
461,5,1592
461,6,7484
461,7,1046
462,1,0
462,2,0
462,3,139
462,4,510
462,5,1671
462,6,2803
462,7,186
463,1,0
463,2,0
463,3,20
463,4,77
463,5,450
463,6,1867
463,7,174
464,1,0
464,2,0
464,3,0
464,4,20
464,5,2
464,6,12
464,7,6
465,1,0
465,2,0
465,3,12
465,4,19
465,5,137
465,6,242
465,7,49
466,1,0
466,2,0
466,3,4
466,4,3
466,5,18
466,6,159
466,7,125
467,1,0
467,2,0
467,3,83
467,4,24
467,5,295
467,6,399
467,7,134
468,1,0
468,2,2
468,3,260
468,4,161
468,5,1154
468,6,3981
468,7,1292
469,1,1
469,2,2
469,3,70
469,4,1175
469,5,1413
469,6,3766
469,7,761
470,1,0
470,2,0
470,3,19
470,4,18
470,5,65
470,6,505
470,7,193
471,1,0
471,2,3
471,3,73
471,4,276
471,5,546
471,6,1406
471,7,382
472,1,0
472,2,0
472,3,27
472,4,105
472,5,390
472,6,1004
472,7,246
473,1,0
473,2,0
473,3,23
473,4,188
473,5,449
473,6,2829
473,7,1392
474,1,0
474,2,13
474,3,338
474,4,582
474,5,1288
474,6,1996
474,7,854
475,1,0
475,2,4
475,3,124
475,4,168
475,5,588
475,6,782
475,7,151
476,1,0
476,2,0
476,3,31
476,4,58
476,5,643
476,6,943
476,7,128
477,1,0
477,2,1
477,3,58
477,4,42
477,5,230
477,6,1136
477,7,205
478,1,0
478,2,0
478,3,0
478,4,1
478,5,18
478,6,10
478,7,3
479,1,0
479,2,0
479,3,0
479,4,63
479,5,113
479,6,128
479,7,31
480,1,0
480,2,9
480,3,120
480,4,233
480,5,1358
480,6,3466
480,7,721
481,1,0
481,2,0
481,3,3
481,4,20
481,5,261
481,6,664
481,7,143
482,1,0
482,2,0
482,3,80
482,4,317
482,5,1238
482,6,522
482,7,94
483,1,0
483,2,1654
483,3,33376
483,4,39385
483,5,38113
483,6,32568
483,7,9049
484,1,0
484,2,0
484,3,82
484,4,41
484,5,52
484,6,166
484,7,112
485,1,0
485,2,27
485,3,69
485,4,208
485,5,703
485,6,1365
485,7,115
486,1,0
486,2,0
486,3,92
486,4,146
486,5,585
486,6,2640
486,7,333
487,1,0
487,2,5
487,3,53
487,4,213
487,5,541
487,6,1328
487,7,496
488,1,0
488,2,0
488,3,66
488,4,248
488,5,1811
488,6,4165
488,7,617
489,1,0
489,2,1
489,3,7
489,4,176
489,5,4017
489,6,14097
489,7,4182
490,1,0
490,2,0
490,3,2
490,4,47
490,5,238
490,6,825
490,7,311
491,1,0
491,2,0
491,3,85
491,4,229
491,5,700
491,6,2915
491,7,563
492,1,0
492,2,0
492,3,16
492,4,197
492,5,490
492,6,1989
492,7,579
493,1,0
493,2,5
493,3,339
493,4,202
493,5,795
493,6,988
493,7,128
494,1,0
494,2,32
494,3,442
494,4,912
494,5,3405
494,6,23559
494,7,9692
495,1,0
495,2,0
495,3,250
495,4,217
495,5,652
495,6,1687
495,7,658
496,1,0
496,2,1
496,3,75
496,4,127
496,5,1917
496,6,2579
496,7,219
497,1,0
497,2,2
497,3,32
497,4,25
497,5,593
497,6,1484
497,7,445
498,1,0
498,2,0
498,3,0
498,4,11
498,5,77
498,6,111
498,7,7
499,1,0
499,2,2
499,3,109
499,4,245
499,5,1371
499,6,5558
499,7,2075
500,1,0
500,2,0
500,3,24
500,4,142
500,5,457
500,6,2138
500,7,457
501,1,0
501,2,0
501,3,0
501,4,11
501,5,160
501,6,307
501,7,106
502,1,0
502,2,0
502,3,6
502,4,73
502,5,234
502,6,320
502,7,66
503,1,0
503,2,0
503,3,10
503,4,22
503,5,135
503,6,253
503,7,142
504,1,0
504,2,66
504,3,983
504,4,3138
504,5,10674
504,6,25562
504,7,4943
505,1,0
505,2,3
505,3,21
505,4,73
505,5,478
505,6,349
505,7,80
506,1,0
506,2,1
506,3,84
506,4,225
506,5,1031
506,6,882
506,7,176
507,1,0
507,2,0
507,3,65
507,4,82
507,5,493
507,6,2396
507,7,400
508,1,0
508,2,0
508,3,205
508,4,239
508,5,266
508,6,539
508,7,116
509,1,0
509,2,0
509,3,5
509,4,76
509,5,695
509,6,884
509,7,282
510,1,0
510,2,0
510,3,0
510,4,10
510,5,38
510,6,131
510,7,34
511,1,0
511,2,0
511,3,688
511,4,2216
511,5,12351
511,6,19345
511,7,3916
512,1,0
512,2,0
512,3,1
512,4,0
512,5,2
512,6,19
512,7,6
513,1,0
513,2,0
513,3,8
513,4,19
513,5,386
513,6,677
513,7,231
514,1,0
514,2,0
514,3,30
514,4,55
514,5,60
514,6,297
514,7,394
515,1,0
515,2,1
515,3,13
515,4,124
515,5,359
515,6,199
515,7,95
516,1,0
516,2,0
516,3,70
516,4,145
516,5,764
516,6,4974
516,7,1451
517,1,0
517,2,0
517,3,0
517,4,1
517,5,0
517,6,28
517,7,2
518,1,0
518,2,0
518,3,5
518,4,38
518,5,209
518,6,278
518,7,43
519,1,0
519,2,1
519,3,143
519,4,376
519,5,1199
519,6,3015
519,7,314
520,1,0
520,2,0
520,3,15
520,4,36
520,5,380
520,6,1246
520,7,219
521,1,0
521,2,28
521,3,859
521,4,4893
521,5,9967
521,6,10181
521,7,2561
522,1,0
522,2,10
522,3,454
522,4,680
522,5,1581
522,6,1474
522,7,263
523,1,0
523,2,0
523,3,25
523,4,270
523,5,609
523,6,602
523,7,131
524,1,0
524,2,0
524,3,8
524,4,87
524,5,456
524,6,1707
524,7,809
525,1,0
525,2,17
525,3,57
525,4,91
525,5,310
525,6,973
525,7,202
526,1,0
526,2,1
526,3,60
526,4,134
526,5,865
526,6,2675
526,7,956
527,1,0
527,2,0
527,3,16
527,4,21
527,5,60
527,6,177
527,7,32
528,1,0
528,2,0
528,3,1
528,4,49
528,5,786
528,6,594
528,7,338
529,1,0
529,2,1
529,3,62
529,4,44
529,5,550
529,6,2018
529,7,674
530,1,0
530,2,0
530,3,47
530,4,89
530,5,670
530,6,3020
530,7,645
531,1,0
531,2,0
531,3,35
531,4,346
531,5,810
531,6,3592
531,7,914
532,1,0
532,2,0
532,3,62
532,4,128
532,5,393
532,6,430
532,7,134
533,1,0
533,2,0
533,3,31
533,4,245
533,5,1159
533,6,2088
533,7,448
534,1,0
534,2,0
534,3,35
534,4,158
534,5,188
534,6,902
534,7,196
535,1,0
535,2,3
535,3,55
535,4,215
535,5,1393
535,6,4561
535,7,1060
536,1,0
536,2,11
536,3,209
536,4,487
536,5,8052
536,6,12875
536,7,1573
537,1,0
537,2,0
537,3,33
537,4,111
537,5,69
537,6,291
537,7,263
538,1,0
538,2,2
538,3,134
538,4,18
538,5,325
538,6,846
538,7,131
539,1,0
539,2,0
539,3,0
539,4,165
539,5,197
539,6,24
539,7,0
540,1,0
540,2,0
540,3,0
540,4,2
540,5,35
540,6,5
540,7,2
541,1,0
541,2,1
541,3,44
541,4,90
541,5,566
541,6,1643
541,7,324
542,1,0
542,2,0
542,3,21
542,4,50
542,5,79
542,6,203
542,7,105
543,1,0
543,2,0
543,3,7
543,4,11
543,5,55
543,6,258
543,7,22
544,1,0
544,2,4
544,3,20
544,4,292
544,5,4825
544,6,18065
544,7,6090
545,1,0
545,2,0
545,3,12
545,4,3
545,5,186
545,6,316
545,7,42
546,1,0
546,2,1
546,3,73
546,4,36
546,5,299
546,6,1409
546,7,389
547,1,0
547,2,0
547,3,88
547,4,196
547,5,2113
547,6,7410
547,7,2024
548,1,0
548,2,0
548,3,57
548,4,605
548,5,2479
548,6,9552
548,7,2191
549,1,0
549,2,0
549,3,25
549,4,149
549,5,2023
549,6,3995
549,7,603
550,1,0
550,2,4
550,3,67
550,4,415
550,5,1020
550,6,1221
550,7,205
551,1,0
551,2,0
551,3,38
551,4,87
551,5,88
551,6,214
551,7,84
552,1,0
552,2,196
552,3,6739
552,4,14534
552,5,67894
552,6,88573
552,7,22947
553,1,0
553,2,0
553,3,90
553,4,84
553,5,692
553,6,1997
553,7,366
554,1,0
554,2,0
554,3,78
554,4,241
554,5,1202
554,6,4800
554,7,921
555,1,0
555,2,0
555,3,90
555,4,170
555,5,509
555,6,2797
555,7,942
556,1,0
556,2,1
556,3,85
556,4,213
556,5,892
556,6,2948
556,7,489
557,1,0
557,2,0
557,3,7
557,4,85
557,5,154
557,6,1143
557,7,326
558,1,0
558,2,1
558,3,30
558,4,64
558,5,427
558,6,935
558,7,260
559,1,0
559,2,0
559,3,217
559,4,287
559,5,1797
559,6,5000
559,7,1238
560,1,0
560,2,14
560,3,1040
560,4,3186
560,5,12593
560,6,14161
560,7,4278
561,1,0
561,2,0
561,3,13
561,4,115
561,5,100
561,6,1481
561,7,800
562,1,0
562,2,0
562,3,9
562,4,312
562,5,2654
562,6,8485
562,7,4833
563,1,0
563,2,27
563,3,15
563,4,43
563,5,226
563,6,335
563,7,91
564,1,0
564,2,0
564,3,10
564,4,87
564,5,209
564,6,559
564,7,85
565,1,0
565,2,13
565,3,57
565,4,160
565,5,1550
565,6,3086
565,7,835
566,1,0
566,2,0
566,3,35
566,4,239
566,5,456
566,6,1399
566,7,1161
567,1,0
567,2,0
567,3,26
567,4,86
567,5,559
567,6,252
567,7,107
568,1,0
568,2,0
568,3,140
568,4,105
568,5,400
568,6,527
568,7,142
569,1,0
569,2,0
569,3,1
569,4,162
569,5,900
569,6,2288
569,7,501
570,1,0
570,2,3
570,3,68
570,4,757
570,5,2529
570,6,1501
570,7,253
571,1,0
571,2,0
571,3,90
571,4,184
571,5,314
571,6,121
571,7,45
572,1,0
572,2,0
572,3,25
572,4,116
572,5,273
572,6,1276
572,7,587
573,1,0
573,2,4
573,3,155
573,4,185
573,5,659
573,6,2350
573,7,512
574,1,0
574,2,26
574,3,51
574,4,94
574,5,1902
574,6,5820
574,7,3600
575,1,0
575,2,1
575,3,22
575,4,126
575,5,263
575,6,597
575,7,218
576,1,0
576,2,0
576,3,256
576,4,371
576,5,1124
576,6,2511
576,7,779
577,1,0
577,2,0
577,3,0
577,4,39
577,5,770
577,6,4254
577,7,398
578,1,0
578,2,1
578,3,15
578,4,34
578,5,104
578,6,259
578,7,56
579,1,0
579,2,2
579,3,34
579,4,24
579,5,274
579,6,404
579,7,164
580,1,0
580,2,0
580,3,23
580,4,284
580,5,1431
580,6,1898
580,7,445
581,1,0
581,2,0
581,3,0
581,4,1
581,5,91
581,6,106
581,7,97
582,1,0
582,2,0
582,3,27
582,4,556
582,5,943
582,6,1526
582,7,405
583,1,0
583,2,30
583,3,168
583,4,138
583,5,1743
583,6,2397
583,7,202
584,1,0
584,2,0
584,3,6
584,4,62
584,5,11
584,6,143
584,7,98
585,1,0
585,2,2
585,3,66
585,4,39
585,5,150
585,6,646
585,7,140
586,1,0
586,2,23
586,3,31
586,4,156
586,5,582
586,6,2915
586,7,952
587,1,0
587,2,12
587,3,161
587,4,385
587,5,6741
587,6,23923
587,7,6358
588,1,0
588,2,0
588,3,100
588,4,74
588,5,262
588,6,293
588,7,69
589,1,0
589,2,0
589,3,167
589,4,201
589,5,313
589,6,479
589,7,121
590,1,0
590,2,6
590,3,76
590,4,140
590,5,645
590,6,2910
590,7,912
591,1,0
591,2,0
591,3,65
591,4,112
591,5,519
591,6,2639
591,7,379
592,1,0
592,2,0
592,3,3
592,4,10
592,5,169
592,6,713
592,7,78
593,1,0
593,2,0
593,3,0
593,4,18
593,5,12
593,6,2
593,7,6
594,1,0
594,2,1
594,3,164
594,4,601
594,5,3008
594,6,7500
594,7,1799
595,1,0
595,2,0
595,3,71
595,4,295
595,5,862
595,6,2227
595,7,252
596,1,0
596,2,0
596,3,38
596,4,104
596,5,282
596,6,292
596,7,100
597,1,0
597,2,0
597,3,9
597,4,47
597,5,346
597,6,2464
597,7,475
598,1,0
598,2,5
598,3,84
598,4,250
598,5,643
598,6,608
598,7,129
599,1,0
599,2,2
599,3,84
599,4,276
599,5,1989
599,6,11201
599,7,5534
600,1,0
600,2,3
600,3,91
600,4,400
600,5,568
600,6,1211
600,7,135
601,1,0
601,2,2
601,3,62
601,4,176
601,5,724
601,6,1021
601,7,143
602,1,0
602,2,0
602,3,4
602,4,75
602,5,157
602,6,956
602,7,323
603,1,0
603,2,3
603,3,71
603,4,139
603,5,1399
603,6,2749
603,7,310
604,1,0
604,2,3
604,3,495
604,4,557
604,5,2837
604,6,10294
604,7,4548
605,1,0
605,2,0
605,3,21
605,4,14
605,5,154
605,6,348
605,7,110
606,1,0
606,2,0
606,3,12
606,4,87
606,5,93
606,6,316
606,7,90
607,1,0
607,2,0
607,3,11
607,4,5
607,5,250
607,6,411
607,7,156
608,1,0
608,2,0
608,3,2
608,4,13
608,5,29
608,6,208
608,7,43
609,1,0
609,2,0
609,3,0
609,4,3
609,5,6
609,6,9
609,7,0
610,1,0
610,2,3
610,3,8
610,4,13
610,5,57
610,6,490
610,7,198
611,1,0
611,2,3
611,3,145
611,4,32
611,5,178
611,6,412
611,7,94
612,1,0
612,2,0
612,3,22
612,4,109
612,5,862
612,6,2283
612,7,643
613,1,0
613,2,0
613,3,3
613,4,55
613,5,231
613,6,173
613,7,30
614,1,0
614,2,0
614,3,19
614,4,106
614,5,290
614,6,609
614,7,241
615,1,0
615,2,1
615,3,96
615,4,59
615,5,407
615,6,1204
615,7,134
616,1,0
616,2,0
616,3,9
616,4,83
616,5,209
616,6,476
616,7,110
617,1,0
617,2,0
617,3,10
617,4,67
617,5,174
617,6,261
617,7,64
618,1,0
618,2,0
618,3,0
618,4,0
618,5,2
618,6,14
618,7,6
619,1,0
619,2,0
619,3,9
619,4,32
619,5,126
619,6,176
619,7,65
620,1,0
620,2,0
620,3,44
620,4,136
620,5,1553
620,6,6704
620,7,1755
621,1,0
621,2,0
621,3,8
621,4,27
621,5,253
621,6,673
621,7,295
622,1,0
622,2,9
622,3,98
622,4,605
622,5,694
622,6,290
622,7,32
623,1,0
623,2,0
623,3,24
623,4,33
623,5,111
623,6,505
623,7,113
624,1,0
624,2,0
624,3,0
624,4,0
624,5,3
624,6,40
624,7,0
625,1,0
625,2,0
625,3,114
625,4,151
625,5,564
625,6,1444
625,7,174
626,1,0
626,2,0
626,3,14
626,4,9
626,5,68
626,6,235
626,7,30
627,1,0
627,2,1
627,3,202
627,4,361
627,5,517
627,6,1572
627,7,200
628,1,0
628,2,0
628,3,1
628,4,88
628,5,552
628,6,1024
628,7,267
629,1,0
629,2,0
629,3,12
629,4,341
629,5,168
629,6,574
629,7,52
630,1,0
630,2,1
630,3,32
630,4,205
630,5,151
630,6,923
630,7,393
631,1,0
631,2,0
631,3,11
631,4,6
631,5,74
631,6,299
631,7,64
632,1,0
632,2,0
632,3,50
632,4,563
632,5,567
632,6,593
632,7,247
633,1,0
633,2,0
633,3,2
633,4,41
633,5,293
633,6,572
633,7,171
634,1,0
634,2,0
634,3,159
634,4,337
634,5,404
634,6,453
634,7,82
635,1,0
635,2,0
635,3,11
635,4,121
635,5,264
635,6,1038
635,7,401
636,1,0
636,2,6
636,3,49
636,4,83
636,5,338
636,6,2332
636,7,252
637,1,0
637,2,0
637,3,21
637,4,23
637,5,451
637,6,1546
637,7,357
638,1,0
638,2,0
638,3,21
638,4,209
638,5,2151
638,6,1749
638,7,208
639,1,0
639,2,0
639,3,50
639,4,348
639,5,1098
639,6,1556
639,7,153
640,1,0
640,2,0
640,3,21
640,4,81
640,5,546
640,6,806
640,7,193
641,1,0
641,2,52
641,3,807
641,4,1790
641,5,6479
641,6,10662
641,7,3079
642,1,0
642,2,0
642,3,9
642,4,38
642,5,506
642,6,1092
642,7,218
643,1,0
643,2,5
643,3,175
643,4,1022
643,5,1821
643,6,1503
643,7,700
644,1,0
644,2,0
644,3,178
644,4,909
644,5,4130
644,6,6320
644,7,1038
645,1,0
645,2,0
645,3,0
645,4,0
645,5,5
645,6,16
645,7,10
646,1,0
646,2,0
646,3,8
646,4,131
646,5,209
646,6,430
646,7,264
647,1,0
647,2,0
647,3,3
647,4,5
647,5,2
647,6,9
647,7,0
648,1,0
648,2,0
648,3,0
648,4,0
648,5,0
648,6,1
648,7,2
649,1,0
649,2,3
649,3,65
649,4,63
649,5,114
649,6,700
649,7,296
650,1,0
650,2,2
650,3,20
650,4,45
650,5,6537
650,6,17963
650,7,3717
651,1,0
651,2,4
651,3,193
651,4,668
651,5,3881
651,6,4792
651,7,807
652,1,0
652,2,0
652,3,5
652,4,34
652,5,56
652,6,613
652,7,285
653,1,0
653,2,0
653,3,0
653,4,5
653,5,73
653,6,458
653,7,57
654,1,0
654,2,0
654,3,85
654,4,113
654,5,513
654,6,1399
654,7,223
655,1,0
655,2,4
655,3,45
655,4,142
655,5,1187
655,6,3108
655,7,450
656,1,0
656,2,0
656,3,73
656,4,185
656,5,690
656,6,1576
656,7,347
657,1,0
657,2,3
657,3,8
657,4,18
657,5,44
657,6,248
657,7,195
658,1,0
658,2,88
658,3,1036
658,4,3248
658,5,8441
658,6,7861
658,7,1663
659,1,0
659,2,0
659,3,37
659,4,105
659,5,646
659,6,431
659,7,103
660,1,0
660,2,0
660,3,9
660,4,49
660,5,177
660,6,479
660,7,219
661,1,0
661,2,0
661,3,5
661,4,6
661,5,145
661,6,157
661,7,70
662,1,0
662,2,14
662,3,169
662,4,39
662,5,167
662,6,417
662,7,202
663,1,0
663,2,0
663,3,0
663,4,2
663,5,37
663,6,123
663,7,48
664,1,0
664,2,0
664,3,77
664,4,353
664,5,105
664,6,634
664,7,294
665,1,95
665,2,971
665,3,1666
665,4,13735
665,5,47382
665,6,64343
665,7,16166
666,1,0
666,2,205
666,3,8715
666,4,28401
666,5,57398
666,6,40520
666,7,9553
667,1,0
667,2,0
667,3,35
667,4,363
667,5,2307
667,6,4029
667,7,822
668,1,0
668,2,0
668,3,65
668,4,598
668,5,4360
668,6,7975
668,7,452
669,1,0
669,2,2
669,3,897
669,4,2916
669,5,10154
669,6,11223
669,7,1588
670,1,0
670,2,2
670,3,47
670,4,153
670,5,4285
670,6,11314
670,7,2066
671,1,0
671,2,0
671,3,17
671,4,410
671,5,1251
671,6,1938
671,7,621
672,1,0
672,2,0
672,3,199
672,4,718
672,5,6179
672,6,4545
672,7,337
673,1,0
673,2,0
673,3,51
673,4,348
673,5,1070
673,6,3085
673,7,853
674,1,0
674,2,0
674,3,7
674,4,35
674,5,267
674,6,120
674,7,52
675,1,0
675,2,0
675,3,0
675,4,3
675,5,49
675,6,90
675,7,80
676,1,0
676,2,0
676,3,39
676,4,599
676,5,3483
676,6,3468
676,7,630
677,1,0
677,2,0
677,3,292
677,4,442
677,5,4450
677,6,4506
677,7,808
678,1,0
678,2,0
678,3,2
678,4,67
678,5,701
678,6,1882
678,7,679
679,1,0
679,2,0
679,3,405
679,4,1418
679,5,4263
679,6,4657
679,7,1129
680,1,0
680,2,19
680,3,32
680,4,38
680,5,74
680,6,383
680,7,132
681,1,0
681,2,0
681,3,2
681,4,31
681,5,23
681,6,22
681,7,2
682,1,0
682,2,2
682,3,28
682,4,61
682,5,1533
682,6,4163
682,7,1759
683,1,0
683,2,3
683,3,545
683,4,161
683,5,611
683,6,1144
683,7,153
684,1,0
684,2,3
684,3,76
684,4,178
684,5,995
684,6,2539
684,7,702
685,1,0
685,2,0
685,3,45
685,4,216
685,5,182
685,6,389
685,7,148
686,1,0
686,2,0
686,3,184
686,4,1092
686,5,3171
686,6,7379
686,7,1081
687,1,0
687,2,32
687,3,541
687,4,207
687,5,318
687,6,614
687,7,165
688,1,0
688,2,0
688,3,7
688,4,5
688,5,36
688,6,84
688,7,26
689,1,0
689,2,0
689,3,22
689,4,71
689,5,101
689,6,290
689,7,111
690,1,0
690,2,0
690,3,34
690,4,137
690,5,615
690,6,1361
690,7,266
691,1,0
691,2,0
691,3,4
691,4,108
691,5,62
691,6,511
691,7,237
692,1,0
692,2,0
692,3,0
692,4,0
692,5,0
692,6,1
692,7,0
693,1,0
693,2,0
693,3,0
693,4,1
693,5,30
693,6,44
693,7,13
694,1,0
694,2,0
694,3,0
694,4,0
694,5,4
694,6,140
694,7,22
695,1,0
695,2,0
695,3,20
695,4,32
695,5,178
695,6,467
695,7,90
696,1,0
696,2,0
696,3,154
696,4,151
696,5,861
696,6,1136
696,7,198
697,1,0
697,2,0
697,3,73
697,4,170
697,5,1882
697,6,2878
697,7,921
698,1,0
698,2,0
698,3,21
698,4,46
698,5,134
698,6,695
698,7,201
699,1,0
699,2,55
699,3,773
699,4,1255
699,5,2442
699,6,3640
699,7,734
700,1,0
700,2,1
700,3,64
700,4,125
700,5,1136
700,6,2264
700,7,128
701,1,0
701,2,0
701,3,34
701,4,112
701,5,509
701,6,357
701,7,50
702,1,0
702,2,24
702,3,131
702,4,314
702,5,2302
702,6,5655
702,7,1143
703,1,0
703,2,0
703,3,20
703,4,1269
703,5,4643
703,6,5104
703,7,866
704,1,0
704,2,0
704,3,14
704,4,20
704,5,261
704,6,625
704,7,145
705,1,0
705,2,4
705,3,80
705,4,278
705,5,2519
705,6,3912
705,7,575
706,1,0
706,2,3
706,3,314
706,4,556
706,5,2878
706,6,3824
706,7,1001
707,1,0
707,2,0
707,3,91
707,4,371
707,5,7417
707,6,5133
707,7,536
708,1,0
708,2,1
708,3,80
708,4,445
708,5,10244
708,6,27084
708,7,4345
709,1,0
709,2,0
709,3,24
709,4,137
709,5,4047
709,6,16314
709,7,3471
710,1,0
710,2,0
710,3,12
710,4,4
710,5,174
710,6,703
710,7,676
711,1,0
711,2,1
711,3,5
711,4,95
711,5,493
711,6,1123
711,7,477
712,1,0
712,2,0
712,3,28
712,4,70
712,5,533
712,6,918
712,7,176
713,1,0
713,2,5
713,3,45
713,4,161
713,5,1206
713,6,2252
713,7,282
714,1,0
714,2,0
714,3,3
714,4,5
714,5,25
714,6,329
714,7,71
715,1,0
715,2,5
715,3,45
715,4,904
715,5,11330
715,6,25290
715,7,5644
716,1,0
716,2,0
716,3,0
716,4,5
716,5,15
716,6,9
716,7,8
717,1,0
717,2,0
717,3,0
717,4,19
717,5,31
717,6,332
717,7,41
718,1,0
718,2,0
718,3,1
718,4,0
718,5,6
718,6,55
718,7,2
719,1,0
719,2,0
719,3,0
719,4,2
719,5,33
719,6,111
719,7,111
720,1,0
720,2,0
720,3,15
720,4,44
720,5,274
720,6,1176
720,7,358
721,1,0
721,2,0
721,3,19
721,4,143
721,5,998
721,6,2851
721,7,1572
722,1,0
722,2,0
722,3,0
722,4,10
722,5,9
722,6,21
722,7,0
723,1,0
723,2,15
723,3,49
723,4,827
723,5,6996
723,6,18790
723,7,5452
724,1,0
724,2,0
724,3,284
724,4,658
724,5,1414
724,6,3086
724,7,734
725,1,0
725,2,0
725,3,6
725,4,102
725,5,166
725,6,1406
725,7,516
726,1,0
726,2,31
726,3,63
726,4,156
726,5,669
726,6,2371
726,7,951
727,1,0
727,2,0
727,3,0
727,4,5
727,5,10
727,6,120
727,7,0
