districtid,timeid,neighbormean,neighborstddev
101,1,0,0.0
101,2,8.6,13.74
101,3,160.2,232.15
101,4,118.2,56.83
101,5,240.4,52.76
101,6,572.2,265.27
101,7,186.8,156.92
102,1,0,0.0
102,2,4.44,9.13
102,3,76,50.77
102,4,396.22,412.38
102,5,495.22,379.47
102,6,828.11,456.77
102,7,190.89,125.47
103,1,0,0.0
103,2,9.57,10.34
103,3,86.71,70.29
103,4,149,115.27
103,5,577.71,337.8
103,6,671.43,441.2
103,7,135,98.42
104,1,0,0.0
104,2,281.75,559.94
104,3,6517,11333.5
104,4,11416.88,14901.19
104,5,23856.88,26831.43
104,6,27036.12,28273.61
104,7,6674.75,7393.28
105,1,0.29,0.49
105,2,8.43,21.43
105,3,195.57,487.27
105,4,1211.29,2681.88
105,5,4838,12169.37
105,6,10604.29,26328.15
105,7,2620.43,6596.43
106,1,0,0.0
106,2,22.83,37.88
106,3,363,395.91
106,4,417.17,518.17
106,5,896.83,801.33
106,6,1739.5,1904.37
106,7,455,720.98
107,1,0,0.0
107,2,3,4.36
107,3,82.33,104.33
107,4,208.33,127.26
107,5,1008.67,498.94
107,6,2175,1052.0
107,7,612,127.35
108,1,0,0.0
108,2,3,3.46
108,3,30.5,7.55
108,4,230.75,46.68
108,5,1292.25,281.31
108,6,2985.75,969.42
108,7,717.5,268.5
109,1,0,0.0
109,2,5.88,8.51
109,3,81,103.87
109,4,434.25,597.28
109,5,779.25,905.61
109,6,1050.62,818.69
109,7,281.12,241.16
110,1,0.33,0.58
110,2,19,32.91
110,3,458.33,728.66
110,4,2603.33,3993.2
110,5,11259.67,18318.83
110,6,24932.67,39226.92
110,7,6352,9712.58
111,1,0,0.0
111,2,2.5,4.72
111,3,32.5,22.39
111,4,52.67,49.0
111,5,325.83,202.8
111,6,749.17,699.29
111,7,159.33,149.77
112,1,0,0.0
112,2,0,0.0
112,3,57.5,94.62
112,4,96.83,62.32
112,5,151.33,246.55
112,6,473.17,596.05
112,7,205,236.21
113,1,0,0.0
113,2,16.83,40.26
113,3,225.67,433.39
113,4,584.33,629.58
113,5,935.17,742.65
113,6,1666.33,1978.53
113,7,496.5,715.04
114,1,0,0.0
114,2,4.33,9.22
114,3,21.83,20.35
114,4,116.5,60.64
114,5,532,445.77
114,6,2089.33,1429.44
114,7,675.83,328.2
115,1,0,0.0
115,2,0.67,1.03
115,3,96,31.39
115,4,181.83,59.12
115,5,873.67,467.7
115,6,2604.33,2319.83
115,7,535.5,563.62
116,1,0,0.0
116,2,0.4,0.55
116,3,91,46.42
116,4,111.2,61.68
116,5,597.2,266.59
116,6,1695.4,654.79
116,7,418.2,186.06
117,1,0,0.0
117,2,8.5,12.76
117,3,166.1,203.61
117,4,258.8,363.99
117,5,753.7,1000.5
117,6,3242.1,7181.67
117,7,1342.5,2951.95
118,1,0,0.0
118,2,5.6,5.59
118,3,49.8,19.45
118,4,87.6,60.02
118,5,778,581.03
118,6,1286.4,1098.51
118,7,290,319.79
119,1,0,0.0
119,2,8.67,5.51
119,3,109.33,75.1
119,4,61.67,22.5
119,5,208,70.15
119,6,1159.33,799.62
119,7,262.67,79.75
120,1,0,0.0
120,2,7.33,5.13
120,3,135.67,102.11
120,4,373.67,168.62
120,5,845,386.11
120,6,1432.5,1127.76
120,7,410.17,305.24
121,1,0,0.0
121,2,225.5,413.78
121,3,2568,4581.83
121,4,2644,4301.31
121,5,2340.25,2486.5
121,6,2475,2302.89
121,7,480.25,455.17
122,1,0,0.0
122,2,18.71,39.32
122,3,115.43,121.96
122,4,545.57,482.63
122,5,5813.57,5188.99
122,6,14175.43,11516.62
122,7,3076.29,2136.28
123,1,0,0.0
123,2,2.67,3.12
123,3,88,95.04
123,4,362.44,271.67
123,5,815.22,1190.85
123,6,962.89,1489.09
123,7,186.33,245.8
124,1,0,0.0
124,2,0.67,1.32
124,3,36.78,29.68
124,4,113.22,149.29
124,5,509.11,526.19
124,6,2001.67,1891.1
124,7,532.44,595.64
125,1,0,0.0
125,2,0,0.0
125,3,1,1.41
125,4,48,63.64
125,5,89,94.75
125,6,176,80.61
125,7,42,36.77
126,1,0,0.0
126,2,0.5,1.22
126,3,32.33,28.87
126,4,40,52.1
126,5,115.83,177.09
126,6,382.17,406.22
126,7,254.17,340.14
127,1,0,0.0
127,2,0.5,0.58
127,3,77,9.8
127,4,158.5,48.58
127,5,661,173.78
127,6,1847.5,736.94
127,7,347.75,99.72
128,1,0,0.0
128,2,4.5,9.14
128,3,235.67,185.27
128,4,135.17,132.9
128,5,419.33,267.48
128,6,593.33,374.29
128,7,113.5,67.97
129,1,0,0.0
129,2,0.75,0.96
129,3,161,188.96
129,4,398,277.98
129,5,2034.5,1303.19
129,6,4221.75,3198.06
129,7,1022.75,1032.11
130,1,0,0.0
130,2,9.83,10.65
130,3,124.67,60.12
130,4,194.33,144.82
130,5,2394,2818.92
130,6,3884.83,4423.82
130,7,445.17,554.98
131,1,0,0.0
131,2,0,0.0
131,3,39,71.7
131,4,53.4,82.88
131,5,246.6,111.08
131,6,609.6,271.22
131,7,189,125.91
132,1,0.03,0.17
132,2,0.06,0.34
132,3,7.82,19.48
132,4,67.5,204.14
132,5,162.44,286.29
132,6,461.38,829.7
132,7,116.59,227.13
133,1,0,0.0
133,2,0.75,0.96
133,3,40.5,14.43
133,4,154,84.94
133,5,365.5,193.5
133,6,1011.25,285.76
133,7,227.5,85.72
134,1,0,0.0
134,2,7.5,15.0
134,3,75,66.37
134,4,92,51.3
134,5,1108.5,812.76
134,6,1786.5,890.77
134,7,202.5,65.93
135,1,0,0.0
135,2,18.6,27.85
135,3,362.2,409.34
135,4,1370.6,1503.69
135,5,4909.6,4204.47
135,6,13018.2,9663.43
135,7,2927,2078.95
136,1,0,0.0
136,2,0.17,0.41
136,3,110.17,45.24
136,4,131.33,50.51
136,5,455,255.72
136,6,1459.83,722.7
136,7,295,152.63
137,1,0,0.0
137,2,0.83,1.33
137,3,90.83,50.69
137,4,188,115.89
137,5,837.83,631.77
137,6,2301.33,2462.01
137,7,466.5,574.16
138,1,0,0.0
138,2,4,6.36
138,3,85.8,81.87
138,4,201.8,88.67
138,5,1888,820.19
138,6,5536.2,2159.11
138,7,1312.4,625.74
139,1,0,0.0
139,2,0,0.0
139,3,32,26.29
139,4,77,33.15
139,5,76.67,55.54
139,6,245.33,36.67
139,7,119.33,80.46
140,1,16.14,42.71
140,2,493.57,1293.53
140,3,2495.14,6199.63
140,4,10266.71,25685.25
140,5,8408.57,18668.26
140,6,7423.29,14515.24
140,7,2833.71,5703.84
141,1,0,0.0
141,2,0.2,0.45
141,3,62,54.7
141,4,104,76.11
141,5,551.8,302.58
141,6,1603.8,742.89
141,7,336.4,168.97
142,1,0,0.0
142,2,4.71,12.04
142,3,85.71,158.56
142,4,195.57,325.5
142,5,622.14,1235.83
142,6,3939.57,8666.23
142,7,1786.57,3508.98
143,1,0,0.0
143,2,0,0.0
143,3,17.83,11.51
143,4,69.5,57.87
143,5,173.17,134.67
143,6,1003,635.6
143,7,382.83,283.23
144,1,0,0.0
144,2,0.67,1.21
144,3,43.83,35.18
144,4,173.33,112.89
144,5,576.5,406.17
144,6,2449.33,1650.17
144,7,723.17,467.56
145,1,0,0.0
145,2,14.75,37.37
145,3,123.12,125.28
145,4,423.75,544.65
145,5,4440.62,6003.12
145,6,10542.25,11103.67
145,7,1915.5,1297.64
146,1,0,0.0
146,2,3.86,5.93
146,3,74.14,29.42
146,4,170,85.87
146,5,965.71,350.02
146,6,1989.71,648.09
146,7,256.43,128.91
147,1,0,0.0
147,2,0,0.0
147,3,17,13.88
147,4,109.5,108.83
147,5,301,235.71
147,6,1173.5,1035.93
147,7,767.25,678.51
148,1,0,0.0
148,2,0,0.0
148,3,28.86,26.95
148,4,134.29,101.07
148,5,519.71,953.05
148,6,1809.29,2982.08
148,7,1086.43,1682.54
149,1,0,0.0
149,2,0.38,1.06
149,3,19.5,16.93
149,4,58.38,51.04
149,5,203.12,161.6
149,6,562,302.06
149,7,138.88,62.35
150,1,0,0.0
150,2,0.33,0.58
150,3,66.67,45.18
150,4,96,59.41
150,5,400.67,251.54
150,6,1288.33,718.26
150,7,191,87.74
151,1,0,0.0
151,2,0,0.0
151,3,29.17,27.52
151,4,178.33,101.14
151,5,657.67,997.9
151,6,2208.33,3207.47
151,7,1342.5,1805.08
152,1,0,0.0
152,2,0.67,1.63
152,3,111.67,44.49
152,4,157.5,94.12
152,5,472,199.58
152,6,508,229.88
152,7,95.33,48.1
153,1,0,0.0
153,2,0,0.0
153,3,23.43,15.7
153,4,49.43,25.81
153,5,207.43,99.38
153,6,377.43,225.52
153,7,105.14,53.46
154,1,0,0.0
154,2,6,9.06
154,3,123.2,94.68
154,4,462.4,277.65
154,5,1195.4,1545.41
154,6,1653.2,1768.46
154,7,308,288.92
155,1,0,0.0
155,2,4.5,11.02
155,3,47.33,65.96
155,4,107.83,131.44
155,5,673.33,737.96
155,6,1268,931.17
155,7,182.67,149.96
156,1,0,0.0
156,2,0,0.0
156,3,78.67,106.64
156,4,224.17,269.62
156,5,791.33,856.52
156,6,2388.33,1549.27
156,7,515.33,333.73
157,1,0,0.0
157,2,0.5,0.55
157,3,91.33,136.2
157,4,43.83,49.05
157,5,240.33,141.0
157,6,469.5,152.74
157,7,106.83,63.84
158,1,0,0.0
158,2,2,4.43
158,3,90.71,61.32
158,4,185.86,260.5
158,5,1428.29,2508.57
158,6,4049.57,6792.8
158,7,961.86,1652.41
159,1,0,0.0
159,2,3,2.24
159,3,113.8,91.84
159,4,300,225.46
159,5,1170,1541.1
159,6,1744.6,1768.08
159,7,318.8,284.43
160,1,0,0.0
160,2,9.8,16.89
160,3,104.4,134.61
160,4,87.2,80.92
160,5,338.8,390.32
160,6,1185.2,1492.05
160,7,352.2,359.96
161,1,0,0.0
161,2,2,1.58
161,3,64.4,55.02
161,4,132.2,45.57
161,5,675.4,271.07
161,6,1984.8,594.41
161,7,492.8,186.55
162,1,0,0.0
162,2,0.14,0.38
162,3,23.29,26.42
162,4,74.71,31.29
162,5,152.43,116.53
162,6,1099.29,759.21
162,7,398.14,201.99
163,1,0,0.0
163,2,31.4,64.2
163,3,355,424.53
163,4,450,538.0
163,5,1386.4,1610.79
163,6,1642.2,2178.73
163,7,320.4,444.51
164,1,0,0.0
164,2,10.2,19.49
164,3,77,44.06
164,4,233.2,285.77
164,5,706.4,970.08
164,6,2563,3005.35
164,7,387.4,315.82
165,1,0,0.0
165,2,7,8.63
165,3,144.67,217.13
165,4,700.5,1123.79
165,5,1795.67,2874.77
165,6,4270.5,6397.04
165,7,1058.67,1496.72
166,1,0,0.0
166,2,0.17,0.41
166,3,5.83,8.59
166,4,30.5,30.5
166,5,287,254.71
166,6,1064.67,1030.72
166,7,238.5,212.21
167,1,0,0.0
167,2,0.6,0.89
167,3,82.4,27.94
167,4,131.2,48.89
167,5,576.2,293.66
167,6,1434.8,643.35
167,7,274,210.83
168,1,0,0.0
168,2,1.17,1.47
168,3,40.5,25.84
168,4,54.17,35.82
168,5,171.5,73.36
168,6,865.17,231.43
168,7,274.33,103.64
169,1,0,0.0
169,2,15.17,32.33
169,3,309,535.09
169,4,838.83,1490.72
169,5,2948.17,3207.98
169,6,6829.17,5272.66
169,7,1793,1362.48
170,1,0,0.0
170,2,8.2,11.43
170,3,108,72.4
170,4,248,152.89
170,5,2210.2,3266.73
170,6,3756.2,5117.3
170,7,435.8,638.36
171,1,0.5,1.58
171,2,167.4,522.34
171,3,3428.1,10523.34
171,4,4255.6,12347.61
171,5,6004.9,11370.44
171,6,9744.9,9534.36
171,7,2668.4,2779.88
172,1,0,0.0
172,2,2.33,4.8
172,3,70,84.74
172,4,790,1680.69
172,5,9628,20625.03
172,6,14627.5,29803.64
172,7,3755.83,7288.75
173,1,0,0.0
173,2,0,0.0
173,3,12.67,13.87
173,4,130.67,27.21
173,5,1296.67,744.94
173,6,2050.67,727.63
173,7,611.33,274.66
174,1,0,0.0
174,2,4.4,4.39
174,3,81.6,106.28
174,4,103.6,138.38
174,5,450.2,585.73
174,6,885.6,1309.61
174,7,186,248.03
175,1,0,0.0
175,2,6.75,11.59
175,3,106.25,61.47
175,4,230.5,133.13
175,5,1613,755.77
175,6,3952.25,3084.31
175,7,896,874.01
176,1,0,0.0
176,2,7.25,8.46
176,3,121.75,91.57
176,4,196.5,55.96
176,5,550,217.39
176,6,1959,831.06
176,7,530.75,88.82
177,1,0,0.0
177,2,3.75,9.41
177,3,80.75,56.44
177,4,134.5,83.71
177,5,539.25,290.75
177,6,1647.75,1051.84
177,7,198.75,142.95
178,1,0,0.0
178,2,6.4,14.31
178,3,114.4,184.36
178,4,219.2,387.76
178,5,845.4,1433.31
178,6,5487.4,10126.46
178,7,2434.6,4095.66
179,1,0,0.0
179,2,15.57,35.55
179,3,95.57,154.68
179,4,289.14,207.93
179,5,839.71,1148.4
179,6,1188.14,1325.13
179,7,273.43,236.59
180,1,0,0.0
180,2,42,38.03
180,3,460.25,524.16
180,4,1175,1485.79
180,5,2844,3872.22
180,6,3037.75,3575.12
180,7,629,759.15
181,1,0,0.0
181,2,284.33,485.57
181,3,3157,5424.8
181,4,3052.67,5191.3
181,5,2112.33,3212.09
181,6,2090,2663.28
181,7,406,509.88
182,1,0,0.0
182,2,10.67,12.09
182,3,124.33,87.18
182,4,102.5,90.5
182,5,394.17,527.47
182,6,784.83,724.45
182,7,202.33,124.65
183,1,0,0.0
183,2,14.57,35.94
183,3,110.86,150.5
183,4,213.57,113.06
183,5,948.43,796.05
183,6,1398.57,956.62
183,7,390.14,348.51
184,1,0,0.0
184,2,0,0.0
184,3,45.14,32.48
184,4,223.43,165.58
184,5,440.57,316.53
184,6,707.43,579.92
184,7,247,204.59
185,1,0,0.0
185,2,9.83,11.62
185,3,105.17,67.74
185,4,169.33,158.6
185,5,2338,2843.58
185,6,3863.67,4464.24
185,7,439.17,560.89
186,1,0,0.0
186,2,5.4,12.07
186,3,10.6,4.72
186,4,33.6,33.04
186,5,201.2,81.5
186,6,439.4,150.15
186,7,103.6,47.13
187,1,19,42.49
187,2,198.2,432.05
187,3,439.2,688.41
187,4,3102.8,5958.71
187,5,11032,20354.29
187,6,17521,26181.5
187,7,4570.8,6490.45
188,1,19,42.49
188,2,194.2,434.24
188,3,340.2,741.3
188,4,2757.8,6136.45
188,5,9591.2,21125.75
188,6,13173.2,28605.02
188,7,3331.4,7174.9
189,1,0,0.0
189,2,3.88,4.85
189,3,121.25,112.41
189,4,234.12,152.3
189,5,809.25,449.57
189,6,1966.75,1105.07
189,7,587.25,234.97
190,1,0,0.0
190,2,25.33,59.15
190,3,258.67,409.15
190,4,306.83,491.31
190,5,942,1560.59
190,6,1270.33,2060.11
190,7,262.83,413.64
191,1,0,0.0
191,2,0,0.0
191,3,30.33,25.77
191,4,132.67,117.11
191,5,104.17,67.19
191,6,374.17,175.9
191,7,249,161.66
192,1,0,0.0
192,2,0.4,0.89
192,3,46,41.01
192,4,69,44.45
192,5,200,196.18
192,6,449.2,259.5
192,7,114.8,55.31
193,1,0,0.0
193,2,0.33,0.82
193,3,39.33,43.63
193,4,66.5,49.85
193,5,386.33,294.05
193,6,1473.5,1229.45
193,7,262.17,231.36
194,1,0,0.0
194,2,0,0.0
194,3,33.6,25.73
194,4,104.4,22.21
194,5,343.8,134.29
194,6,1531.6,617.94
194,7,419.8,160.17
195,1,0,0.0
195,2,173,375.7
195,3,1921,4192.71
195,4,1906.4,3991.84
195,5,1902.6,2235.28
195,6,2198.6,1933.76
195,7,481.4,404.56
196,1,0,0.0
196,2,0,0.0
196,3,37.6,33.07
196,4,88,55.87
196,5,282.8,160.4
196,6,1341.4,781.89
196,7,279.6,98.87
197,1,0,0.0
197,2,5.25,7.46
197,3,75.88,52.85
197,4,188.88,91.83
197,5,898,592.78
197,6,2163.12,1413.25
197,7,506.12,306.51
198,1,0,0.0
198,2,7.33,7.74
198,3,138.33,90.99
198,4,491.83,217.42
198,5,1243.5,1339.82
198,6,1315,1748.6
198,7,229,290.72
199,1,0,0.0
199,2,10.6,11.46
199,3,141.2,111.13
199,4,610.8,721.52
199,5,1117.8,1040.55
199,6,1606.8,1219.84
199,7,442.6,377.93
200,1,0,0.0
200,2,6,7.7
200,3,263.43,230.65
200,4,694.86,1014.7
200,5,1800.29,2566.62
200,6,3869.43,5824.67
200,7,1004.29,1323.63
201,1,0,0.0
201,2,16,15.35
201,3,118.4,107.02
201,4,98.2,72.17
201,5,329.2,412.42
201,6,1331.6,1471.72
201,7,292.6,354.79
202,1,0,0.0
202,2,9.6,7.5
202,3,218,214.6
202,4,731.2,1204.44
202,5,2162.8,3021.85
202,6,4691.4,6908.33
202,7,1135.4,1600.55
203,1,0,0.0
203,2,8.6,12.52
203,3,95.2,47.57
203,4,136.2,49.41
203,5,1166.4,590.1
203,6,1871,645.57
203,7,207,78.29
204,1,0,0.0
204,2,0.44,0.73
204,3,55.78,92.33
204,4,168.89,167.38
204,5,1379.11,1249.19
204,6,3762.22,4445.79
204,7,1050.67,1295.51
205,1,0,0.0
205,2,0,0.0
205,3,33.5,36.35
205,4,104.67,77.94
205,5,165.33,99.55
205,6,333.5,319.31
205,7,122.33,77.13
206,1,0,0.0
206,2,0,0.0
206,3,26.5,19.46
206,4,75.83,29.86
206,5,74.33,52.1
206,6,300.17,200.36
206,7,151.67,84.84
207,1,0,0.0
207,2,0.75,1.5
207,3,102.25,101.23
207,4,139.75,73.37
207,5,464.25,438.34
207,6,1173.75,1139.25
207,7,417.75,306.14
208,1,0.33,0.58
208,2,0.67,1.15
208,3,23.33,40.41
208,4,405,667.06
208,5,536.67,764.54
208,6,1380,2073.99
208,7,268.33,427.23
209,1,0,0.0
209,2,5.6,10.43
209,3,71.2,52.84
209,4,143.6,115.95
209,5,917.8,794.74
209,6,2052.2,2046.62
209,7,374.2,435.21
210,1,0,0.0
210,2,11.5,16.26
210,3,19.5,16.26
210,4,121.5,48.79
210,5,519,89.1
210,6,2311,854.18
210,7,880.5,101.12
211,1,15.83,38.78
211,2,172.5,391.48
211,3,375.17,653.12
211,4,2482,5523.55
211,5,8667.83,19007.42
211,6,15390.67,25616.07
211,7,4701.5,6698.45
212,1,0.2,0.45
212,2,11.4,25.49
212,3,259.8,580.93
212,4,1446.2,3224.3
212,5,6512.4,14477.22
212,6,14118.6,31366.12
212,7,3535.8,7843.18
213,1,0,0.0
213,2,6,12.0
213,3,43.75,22.97
213,4,333,175.51
213,5,614.5,233.39
213,6,873.25,482.35
213,7,303,87.32
214,1,0,0.0
214,2,5.2,11.63
214,3,43.6,29.63
214,4,86.6,43.76
214,5,961,851.7
214,6,2352,2068.28
214,7,894.4,1514.6
215,1,0,0.0
215,2,4.5,3.54
215,3,636,369.11
215,4,2252,939.04
215,5,8680.5,2083.84
215,6,9885,1892.22
215,7,1268.5,451.84
216,1,0,0.0
216,2,0.62,1.41
216,3,36.25,53.96
216,4,63.75,74.26
216,5,464.62,660.3
216,6,653.38,685.92
216,7,171,134.57
217,1,0,0.0
217,2,7.17,12.56
217,3,113.83,178.19
217,4,222.17,362.51
217,5,898.5,1344.76
217,6,4678.67,9322.6
217,7,1790,3877.03
218,1,0,0.0
218,2,12.17,22.03
218,3,148.67,306.53
218,4,264.83,487.59
218,5,686.67,869.79
218,6,1358.67,1296.6
218,7,278,265.0
219,1,0,0.0
219,2,3.4,3.85
219,3,79.8,82.4
219,4,488,575.97
219,5,5500.4,5482.54
219,6,12749.2,13384.59
219,7,2624.6,2314.19
220,1,0,0.0
220,2,1,1.29
220,3,103.43,65.69
220,4,333.29,386.97
220,5,2212,1462.26
220,6,5884.57,1971.6
220,7,1678.43,482.67
221,1,0,0.0
221,2,2.4,3.29
221,3,79.6,72.3
221,4,485.8,574.83
221,5,4631,5163.52
221,6,11508,10145.07
221,7,2198,1049.66
222,1,0,0.0
222,2,0.5,0.84
222,3,43.83,24.73
222,4,63,70.16
222,5,572.5,757.67
222,6,1701.5,2802.24
222,7,465.83,763.8
223,1,0,0.0
223,2,4.62,6.16
223,3,182.12,294.99
223,4,881.62,971.32
223,5,5673.88,4497.25
223,6,11559.75,10556.72
223,7,2476.88,2401.07
224,1,0,0.0
224,2,5.75,13.53
224,3,171.38,176.7
224,4,109.25,90.99
224,5,412,289.55
224,6,1088.88,1180.81
224,7,231.88,283.55
225,1,0,0.0
225,2,1,2.0
225,3,124.67,123.63
225,4,242.33,125.68
225,5,629.67,552.51
225,6,1056.67,853.96
225,7,183,113.97
226,1,0,0.0
226,2,0.71,1.5
226,3,34,51.18
226,4,176.86,135.49
226,5,938.71,377.23
226,6,2376.86,1246.41
226,7,568,342.19
227,1,0.33,0.58
227,2,19,32.91
227,3,437,746.52
227,4,2578.33,4015.43
227,5,11179.67,18390.3
227,6,24763.67,39374.32
227,7,6301.67,9755.39
228,1,0,0.0
228,2,1.29,1.38
228,3,166.29,140.73
228,4,349.14,247.24
228,5,1694.14,1208.18
228,6,3500,2893.61
228,7,855,665.18
229,1,0,0.0
229,2,2.38,6.32
229,3,86.12,69.21
229,4,219.25,205.63
229,5,783.25,1073.35
229,6,3125.12,4007.29
229,7,1030.62,1423.18
230,1,0,0.0
230,2,560.67,946.96
230,3,11423,19016.33
230,4,14796.67,21427.88
230,5,16196.33,19560.64
230,6,14368.67,16508.77
230,7,3886.67,4643.66
231,1,0,0.0
231,2,3.67,6.71
231,3,36.83,40.54
231,4,26.17,33.08
231,5,168.33,79.93
231,6,451.83,281.9
231,7,115.33,60.38
232,1,0,0.0
232,2,0,0.0
232,3,0.4,0.89
232,4,5.2,3.77
232,5,121.6,56.17
232,6,419.2,160.92
232,7,120.2,55.32
233,1,0,0.0
233,2,0,0.0
233,3,146.5,10.61
233,4,330.5,253.85
233,5,1266,572.76
233,6,1969.5,1178.75
233,7,192,8.49
234,1,0,0.0
234,2,0.8,1.79
234,3,92.8,81.38
234,4,328.6,435.43
234,5,1485.6,1067.49
234,6,4252.4,2497.78
234,7,1080.6,685.21
235,1,0,0
235,2,0,0
235,3,34,0
235,4,112,0
235,5,509,0
235,6,357,0
235,7,50,0
236,1,0,0.0
236,2,4.33,10.61
236,3,61.5,77.43
236,4,79.17,82.1
236,5,287,267.02
236,6,760,1120.67
236,7,205.5,275.73
237,1,0,0.0
237,2,17.25,32.53
237,3,281,470.51
237,4,1044,1462.0
237,5,3316.5,4968.7
237,6,7724.75,12085.99
237,7,1619.75,2300.09
238,1,0,0.0
238,2,2.2,3.03
238,3,89.8,61.05
238,4,201.8,97.19
238,5,837.4,577.02
238,6,2982,840.96
238,7,418.2,177.6
239,1,0,0.0
239,2,0,0.0
239,3,45.6,66.35
239,4,147.2,115.43
239,5,596,359.97
239,6,1255.4,703.83
239,7,285.2,198.24
240,1,0,0.0
240,2,0.8,1.79
240,3,44.4,46.06
240,4,123.6,104.95
240,5,968.6,939.79
240,6,1430.6,1198.94
240,7,438.2,403.1
241,1,0,0.0
241,2,20.17,39.31
241,3,225.33,433.66
241,4,578.17,650.47
241,5,1154.5,1360.21
241,6,1934.33,2252.93
241,7,494.33,737.12
242,1,0,0.0
242,2,0,0.0
242,3,29.8,13.08
242,4,223.6,318.91
242,5,1919.8,2116.4
242,6,6127,5351.49
242,7,1449.6,651.71
243,1,0,0.0
243,2,0.86,2.27
243,3,39.86,31.41
243,4,139.43,121.98
243,5,353.86,386.44
243,6,1231.71,1313.93
243,7,383.29,325.73
244,1,0,0.0
244,2,9.71,10.05
244,3,274.57,229.7
244,4,1812.29,1680.91
244,5,2571.43,1741.77
244,6,2261.71,1544.29
244,7,714.29,439.03
245,1,0,0.0
245,2,1.33,2.31
245,3,26.33,18.04
245,4,78,55.43
245,5,598.33,511.53
245,6,2036,1338.35
245,7,425.33,65.58
246,1,0,0.0
246,2,0.6,0.89
246,3,33.4,45.56
246,4,57.4,45.87
246,5,361.6,290.29
246,6,821.4,398.1
246,7,223.6,214.58
247,1,0,0.0
247,2,1.33,2.42
247,3,52.67,29.21
247,4,182.33,108.99
247,5,1021.17,572.45
247,6,2744.67,2265.62
247,7,531.67,557.01
248,1,0,0.0
248,2,0,0.0
248,3,30,32.53
248,4,87,107.48
248,5,290,332.34
248,6,1127,1228.95
248,7,367.5,488.61
249,1,0,0.0
249,2,51.71,114.44
249,3,408,740.24
249,4,259.71,453.96
249,5,627.14,894.04
249,6,1198.71,2035.57
249,7,338.29,553.71
250,1,0,0.0
250,2,0.25,0.5
250,3,16.25,15.71
250,4,77.5,49.7
250,5,359,246.2
250,6,630.5,107.39
250,7,239,9.06
251,1,0,0.0
251,2,0,0.0
251,3,10.43,9.81
251,4,87.14,111.41
251,5,545.43,944.65
251,6,1865,3033.25
251,7,1048.43,1741.43
252,1,0,0.0
252,2,0.4,0.89
252,3,16.4,18.12
252,4,61.8,30.03
252,5,320.6,254.58
252,6,1426.2,974.39
252,7,499.8,290.16
253,1,0,0.0
253,2,50.57,114.97
253,3,386.86,749.31
253,4,262.86,453.51
253,5,645.57,894.2
253,6,1329.86,1968.74
253,7,363.86,540.85
254,1,0,0.0
254,2,0.67,1.21
254,3,141.17,163.49
254,4,475.83,528.86
254,5,2045.17,1558.17
254,6,3332,2353.35
254,7,861.83,552.75
255,1,0,0.0
255,2,4,7.35
255,3,53.75,36.89
255,4,159.75,47.97
255,5,1718.75,897.75
255,6,4881.25,2932.84
255,7,1326.5,661.93
256,1,0,0.0
256,2,4.75,8.85
256,3,97.75,102.3
256,4,229,197.04
256,5,783.75,535.28
256,6,2646.75,2560.16
256,7,875,808.08
257,1,0,0.0
257,2,24.25,47.84
257,3,170,189.47
257,4,542,597.91
257,5,752.75,428.86
257,6,767.75,454.21
257,7,178.5,193.82
258,1,0,0.0
258,2,15,26.28
258,3,270.33,416.1
258,4,1038.5,1528.98
258,5,3224,4656.06
258,6,7550,10965.73
258,7,1589.33,2244.15
259,1,0.33,0.58
259,2,19,32.91
259,3,438.33,745.4
259,4,2470,4108.97
259,5,10988.33,18551.88
259,6,23677.67,40315.55
259,7,5894,10108.41
260,1,0,0.0
260,2,2.17,3.71
260,3,58.83,71.4
260,4,613.5,856.8
260,5,3059,3247.06
260,6,3119.17,2604.74
260,7,464.67,231.01
261,1,0,0.0
261,2,4.33,10.61
261,3,47.33,60.04
261,4,53,64.32
261,5,174.67,305.2
261,6,664.5,1165.81
261,7,211.33,273.86
262,1,0,0
262,2,0,0
262,3,42,0
262,4,33,0
262,5,295,0
262,6,644,0
262,7,86,0
263,1,0,0.0
263,2,5.83,14.29
263,3,82.5,96.06
263,4,160.5,118.31
263,5,267.33,209.46
263,6,399.33,339.65
263,7,116.67,60.67
264,1,0,0.0
264,2,0.5,0.84
264,3,41.5,61.16
264,4,77.17,73.74
264,5,224.67,119.47
264,6,852.33,484.79
264,7,136.5,84.44
265,1,0,0.0
265,2,1.8,1.64
265,3,156,221.64
265,4,60.4,67.9
265,5,242.6,210.92
265,6,441.8,402.64
265,7,91.8,62.56
266,1,0,0.0
266,2,0,0.0
266,3,17.8,13.08
266,4,123.6,141.48
266,5,656.8,1129.89
266,6,2145.4,3576.89
266,7,1348.2,1989.09
267,1,0,0.0
267,2,3.4,3.13
267,3,52.4,30.75
267,4,145,68.15
267,5,851.8,660.93
267,6,2218,1319.48
267,7,311.8,186.09
268,1,0,0.0
268,2,0,0.0
268,3,1.25,1.26
268,4,1.25,2.5
268,5,9.5,10.47
268,6,104.75,150.55
268,7,22.25,32.66
269,1,19,42.49
269,2,195.4,433.58
269,3,362.2,729.46
269,4,3033.2,5993.12
269,5,13895.8,19449.32
269,6,23808.4,25897.13
269,7,5277.2,6573.86
270,1,0.5,0.71
270,2,28.5,40.31
270,3,649.5,918.53
270,4,3609.5,5097.53
270,5,16212.5,22906.72
270,6,35118.5,49652.33
270,7,8787,12415.38
271,1,0,0.0
271,2,0,0.0
271,3,0.2,0.45
271,4,14.2,20.97
271,5,170.8,344.33
271,6,215.4,248.49
271,7,87.2,141.65
272,1,0,0.0
272,2,0,0.0
272,3,0.25,0.5
272,4,1.5,2.38
272,5,28,42.45
272,6,42.75,48.42
272,7,27.25,46.59
273,1,0.33,0.52
273,2,19,29.43
273,3,433,670.8
273,4,2405.5,3724.65
273,5,10815.83,16726.77
273,6,23445.5,36237.58
273,7,5862.67,9065.37
274,1,0,0.0
274,2,0,0.0
274,3,10,8.76
274,4,91.5,70.78
274,5,192.5,184.25
274,6,1291,1097.36
274,7,517.75,599.14
275,1,0,0.0
275,2,2,2.83
275,3,26.4,20.13
275,4,252,128.52
275,5,1697,1481.97
275,6,4385.6,3819.78
275,7,1151.8,1343.7
276,1,0,0.0
276,2,0.38,0.74
276,3,31.75,55.48
276,4,166.75,213.21
276,5,1375.75,1454.33
276,6,3252.38,3810.79
276,7,929,1167.2
277,1,0,0.0
277,2,20.67,38.57
277,3,121.67,168.24
277,4,194,102.91
277,5,328.17,168.51
277,6,737.5,278.42
277,7,239.83,137.75
278,1,0,0.0
278,2,18,35.91
278,3,117.57,152.41
278,4,199.86,86.42
278,5,370.71,172.73
278,6,784.43,296.74
278,7,237.43,142.34
279,1,28.25,56.5
279,2,863.5,1709.03
279,3,4407.25,8101.54
279,4,18838,33162.65
279,5,14520.5,24144.79
279,6,11678.75,19090.89
279,7,4501.5,7518.86
280,1,0,0.0
280,2,1.75,0.96
280,3,64.5,9.68
280,4,51.5,9.11
280,5,230,85.6
280,6,1361.75,601.55
280,7,301.5,153.47
281,1,0,0.0
281,2,0.43,0.79
281,3,33.14,13.61
281,4,137.29,58.13
281,5,515.86,267.86
281,6,1091.57,626.94
281,7,272.71,180.74
282,1,0,0.0
282,2,0.5,1.22
282,3,33.5,29.36
282,4,144.17,141.92
282,5,325.67,261.23
282,6,794.5,488.83
282,7,260.83,203.28
283,1,0,0.0
283,2,15.2,18.85
283,3,76.4,41.11
283,4,293.8,242.27
283,5,1020.8,898.2
283,6,3434.4,2900.78
283,7,634.2,457.75
284,1,0,0.0
284,2,5.38,14.0
284,3,52.62,51.54
284,4,152.25,260.9
284,5,766.12,1267.54
284,6,1969.88,3303.05
284,7,460.75,721.8
285,1,0,0.0
285,2,1,1.41
285,3,36.75,28.69
285,4,50.75,10.84
285,5,191.5,88.59
285,6,720.75,545.11
285,7,138.75,126.78
286,1,0,0.0
286,2,5.86,5.43
286,3,86.14,59.38
286,4,112.57,168.47
286,5,366,508.26
286,6,1312.71,1366.61
286,7,433.86,473.58
287,1,0,0.0
287,2,24.25,47.84
287,3,140.5,201.78
287,4,231.75,98.6
287,5,407.75,155.07
287,6,997.75,367.0
287,7,292,133.97
288,1,0,0.0
288,2,3.33,6.06
288,3,39.17,32.02
288,4,268,268.59
288,5,2623.17,1871.38
288,6,7559.5,4279.36
288,7,1563.83,692.91
289,1,21.11,41.89
289,2,215.89,428.11
289,3,389.78,723.81
289,4,3103.89,6027.67
289,5,10701.67,20796.1
289,6,15036.56,27959.22
289,7,4068.67,6875.22
290,1,0,0.0
290,2,0.5,1.0
290,3,111.75,201.67
290,4,307.75,447.85
290,5,4190,4319.16
290,6,7936,7135.38
290,7,1297.25,1639.88
291,1,0,0.0
291,2,11,16.02
291,3,127.75,121.93
291,4,457.25,255.72
291,5,1266.5,1757.08
291,6,1949,1937.26
291,7,311.25,335.24
292,1,0,0.0
292,2,170,377.34
292,3,1962,4169.75
292,4,1894.2,3998.71
292,5,1441.4,2453.95
292,6,1350.6,2136.65
292,7,261.8,409.81
293,1,0,0.0
293,2,0,0.0
293,3,44.67,25.03
293,4,103.33,109.74
293,5,665,863.52
293,6,1133.33,1208.46
293,7,193,164.11
294,1,0,0.0
294,2,0.5,0.84
294,3,53,35.13
294,4,260,243.03
294,5,2045.67,2481.7
294,6,6546.33,7064.4
294,7,1651.17,1949.77
295,1,0,0.0
295,2,6,13.42
295,3,43.6,69.61
295,4,75.2,48.49
295,5,583.2,668.93
295,6,1116.2,839.44
295,7,163.6,68.0
296,1,0,0.0
296,2,0,0.0
296,3,13.5,10.82
296,4,90.67,110.38
296,5,528.83,1043.95
296,6,1914.67,3236.66
296,7,1070,1843.93
297,1,16.14,42.71
297,2,496.43,1292.28
297,3,2499.29,6197.55
297,4,10687.43,25519.3
297,5,8860.57,18521.61
297,6,7582.71,14490.48
297,7,2727.43,5758.2
298,1,0,0.0
298,2,1.22,2.05
298,3,61.44,44.7
298,4,114.67,57.95
298,5,694.44,509.86
298,6,1286.56,628.07
298,7,206.33,78.88
299,1,37.67,58.35
299,2,1148.67,1764.81
299,3,5654.5,8442.0
299,4,23364.17,34971.36
299,5,17764,25512.66
299,6,14364.67,20087.69
299,7,5569.5,7897.93
300,1,0,0.0
300,2,5.75,8.96
300,3,81.12,52.05
300,4,168.88,104.68
300,5,1038.62,676.47
300,6,2122,1542.25
300,7,345.25,330.56
301,1,0,0.0
301,2,0,0.0
301,3,13.33,15.28
301,4,54.67,36.25
301,5,405.33,354.61
301,6,649,420.98
301,7,119.67,84.62
302,1,0,0.0
302,2,0.38,0.74
302,3,37.25,30.69
302,4,94.5,70.26
302,5,443.38,311.08
302,6,1161.62,666.1
302,7,290.62,231.02
303,1,1,2.24
303,2,334.6,737.59
303,3,6729.6,14895.81
303,4,8245.2,17413.6
303,5,9545.2,16053.72
303,6,11474.6,12603.11
303,7,3259,3472.92
304,1,0,0.0
304,2,0.2,0.45
304,3,58,77.81
304,4,102.6,136.02
304,5,587,832.91
304,6,1143.6,1118.28
304,7,170.8,176.75
305,1,0,0.0
305,2,0,0.0
305,3,61.75,77.74
305,4,201.5,243.58
305,5,379,150.86
305,6,526.5,75.27
305,7,274.25,51.8
306,1,0,0.0
306,2,0,0.0
306,3,95.86,51.51
306,4,114.86,73.53
306,5,508.86,302.67
306,6,1500.29,730.49
306,7,307.29,212.31
307,1,0,0.0
307,2,0.25,0.5
307,3,27.5,13.7
307,4,86.75,102.28
307,5,235,152.86
307,6,731.5,525.89
307,7,488.25,494.65
308,1,0,0.0
308,2,1.14,2.04
308,3,61.86,26.94
308,4,182,85.31
308,5,1142.43,393.24
308,6,2845.43,916.27
308,7,411,168.66
309,1,0,0.0
309,2,0.38,0.74
309,3,64.5,32.68
309,4,125.12,35.81
309,5,570.12,237.11
309,6,1729.62,814.35
309,7,320.75,175.77
310,1,0,0.0
310,2,3.71,9.83
310,3,18.57,17.09
310,4,120.86,108.03
310,5,377.57,676.01
310,6,1221.43,2040.27
310,7,606.43,1321.04
311,1,0,0.0
311,2,15,34.58
311,3,180.29,360.18
311,4,246.57,494.9
311,5,655.57,1285.63
311,6,1095,1450.64
311,7,344,375.04
312,1,31.67,54.85
312,2,348,540.51
312,3,640.67,894.51
312,4,5010.33,7564.17
312,5,19211.67,24398.09
312,6,30735.33,29397.15
312,7,8102.67,7269.07
313,1,0,0.0
313,2,8.2,11.67
313,3,133,146.98
313,4,203.4,197.8
313,5,375.6,340.47
313,6,1128.6,666.93
313,7,334.8,219.05
314,1,32.29,55.14
314,2,983.86,1669.01
314,3,4794.86,8032.37
314,4,20178.43,33034.47
314,5,15629.14,23999.2
314,6,12551.71,18982.72
314,7,4779.86,7506.08
315,1,0,0.0
315,2,0,0.0
315,3,38,36.0
315,4,133,140.34
315,5,484.5,503.14
315,6,457.75,211.28
315,7,137.5,111.03
316,1,0,0.0
316,2,0,0.0
316,3,33.5,32.59
316,4,76.25,77.93
316,5,119.5,62.19
316,6,296.5,77.45
316,7,112.25,61.61
317,1,0,0.0
317,2,6.86,14.68
317,3,50.86,54.67
317,4,185.29,272.65
317,5,1036.14,1428.89
317,6,2243,3511.44
317,7,504.57,767.03
318,1,0,0.0
318,2,0.33,1.0
318,3,41,29.55
318,4,158.11,113.04
318,5,453.67,488.3
318,6,925.11,676.99
318,7,282,152.86
319,1,0,0.0
319,2,11,9.03
319,3,209.6,143.21
319,4,868.6,712.93
319,5,1767.2,1318.91
319,6,2101,1135.61
319,7,601.2,322.95
320,1,0,0.0
320,2,2.8,4.21
320,3,60.8,79.37
320,4,51.8,54.19
320,5,222.8,63.83
320,6,369,72.19
320,7,111.6,36.18
321,1,0,0.0
321,2,5.3,12.75
321,3,69.2,60.37
321,4,244.7,286.08
321,5,1563.9,2209.75
321,6,4113,6034.56
321,7,941.2,1457.1
322,1,0,0.0
322,2,3.4,2.3
322,3,87.4,67.83
322,4,223.8,141.68
322,5,532,334.38
322,6,1609.2,1062.78
322,7,647,409.09
323,1,0,0.0
323,2,1.33,1.21
323,3,71.83,101.25
323,4,186.17,214.87
323,5,2174.17,1894.49
323,6,5592.33,4607.09
323,7,1813.33,1332.33
324,1,0,0.0
324,2,24.4,41.03
324,3,137.8,175.76
324,4,228.8,136.66
324,5,513.4,269.89
324,6,1309.2,1000.25
324,7,410.6,297.61
325,1,0,0.0
325,2,0.5,0.84
325,3,63,47.9
325,4,282.67,255.43
325,5,2647.5,1725.55
325,6,7295.17,4311.09
325,7,1608.17,539.39
326,1,0,0.0
326,2,3.71,9.83
326,3,31.14,25.06
326,4,92.57,41.32
326,5,784.29,760.47
326,6,1975.57,1822.7
326,7,895.43,1219.0
327,1,0,0.0
327,2,8.75,14.84
327,3,59.75,42.58
327,4,135,86.45
327,5,770.75,406.83
327,6,2767.5,1933.07
327,7,1044.25,714.14
328,1,0,0.0
328,2,0,0.0
328,3,23,6.44
328,4,233.6,226.55
328,5,375.4,330.69
328,6,676.8,504.52
328,7,223.8,138.76
329,1,0,0.0
329,2,0,0.0
329,3,314,400.53
329,4,805.83,924.41
329,5,3363.17,4752.38
329,6,5942.17,6732.51
329,7,1185.83,1350.33
330,1,0,0.0
330,2,4.67,10.95
330,3,11.67,7.69
330,4,30.5,16.69
330,5,177.67,52.06
330,6,332.83,92.15
330,7,110.83,42.85
331,1,0,0.0
331,2,4,4.32
331,3,92.29,59.35
331,4,138.57,165.05
331,5,370.86,508.15
331,6,1311.29,1470.0
331,7,374.86,502.57
332,1,0,0.0
332,2,0,0.0
332,3,534.5,727.74
332,4,1391.33,1423.67
332,5,6133,6394.19
332,6,9605.17,7553.56
332,7,1756.17,1332.3
333,1,0,0.0
333,2,0.67,2.0
333,3,66,89.64
333,4,316.44,159.1
333,5,3041.44,2241.29
333,6,4837.78,2922.15
333,7,993.67,961.93
334,1,0,0.0
334,2,13.5,13.18
334,3,190,234.01
334,4,140,62.9
334,5,302.5,115.51
334,6,563.75,236.07
334,7,171,78.3
335,1,0,0.0
335,2,0,0.0
335,3,9.57,8.81
335,4,13,7.23
335,5,73.86,64.33
335,6,230,128.56
335,7,86,52.86
336,1,0,0.0
336,2,0,0.0
336,3,92,6.24
336,4,290.67,177.11
336,5,757.33,682.28
336,6,3451.33,2550.25
336,7,1170.67,812.5
337,1,0,0.0
337,2,7.71,10.83
337,3,127.43,121.74
337,4,224.86,151.32
337,5,996.86,1158.67
337,6,1487.57,1292.39
337,7,284.14,214.55
338,1,0,0.0
338,2,48.67,84.29
338,3,407,561.36
338,4,594,607.23
338,5,2256.67,1614.35
338,6,2952,2292.13
338,7,521.67,513.33
339,1,0,0.0
339,2,0.8,1.3
339,3,65,40.03
339,4,202.4,171.0
339,5,594,546.07
339,6,2435.2,2166.93
339,7,819.2,706.17
340,1,0,0.0
340,2,10.5,17.16
340,3,94,53.23
340,4,152.5,248.45
340,5,610.67,885.24
340,6,2164,2801.79
340,7,322.83,285.8
341,1,0,0.0
341,2,0.83,1.6
341,3,31.33,19.43
341,4,128.5,77.19
341,5,573.67,743.12
341,6,969.5,745.46
341,7,229.67,149.83
342,1,0,0.0
342,2,19.88,33.47
342,3,385.38,517.63
342,4,1113.12,1515.8
342,5,3136,4171.46
342,6,5723.12,8563.78
342,7,1224.62,1615.15
343,1,0,0.0
343,2,20.6,34.93
343,3,425.8,591.08
343,4,1409.8,1827.65
343,5,3726,4115.04
343,6,6900.8,6314.74
343,7,1548,1414.39
344,1,0,0.0
344,2,2,4.47
344,3,171.2,162.11
344,4,287.8,245.87
344,5,785.6,515.97
344,6,815.8,424.02
344,7,143,69.75
345,1,0,0.0
345,2,0,0.0
345,3,22.25,31.35
345,4,237.75,179.08
345,5,574.25,756.12
345,6,1834.75,1087.38
345,7,541,353.73
346,1,0,0.0
346,2,0.25,0.5
346,3,31,13.24
346,4,110,76.65
346,5,281.75,198.67
346,6,298,63.12
346,7,102.75,37.68
347,1,0,0.0
347,2,3.25,6.5
347,3,20,25.01
347,4,50.5,73.12
347,5,472.75,725.79
347,6,1057.25,1367.31
347,7,272,378.58
348,1,0,0.0
348,2,0,0.0
348,3,41.5,48.26
348,4,90.67,68.24
348,5,367.5,195.87
348,6,1696,941.04
348,7,346.5,226.6
349,1,0,0.0
349,2,4.71,9.88
349,3,58.86,41.44
349,4,118.57,71.97
349,5,564.29,252.93
349,6,1150.43,167.38
349,7,212.71,173.49
350,1,0,0.0
350,2,0,0.0
350,3,25.25,16.13
350,4,188.25,70.99
350,5,204.5,181.63
350,6,854,554.69
350,7,576,339.39
351,1,0,0.0
351,2,0.67,1.63
351,3,19.33,13.22
351,4,143.5,101.6
351,5,321.17,427.82
351,6,1058,1101.45
351,7,288,288.86
352,1,0,0.0
352,2,3.57,9.02
352,3,89,28.97
352,4,158.71,91.0
352,5,1035.14,820.78
352,6,2913.86,2576.24
352,7,636.71,701.04
353,1,0,0.0
353,2,3,5.35
353,3,100.25,73.87
353,4,202,192.78
353,5,3070,3392.36
353,6,4739.25,5490.1
353,7,545.25,688.33
354,1,0,0.0
354,2,3.6,4.93
354,3,30.2,28.13
354,4,45.4,49.72
354,5,253.6,155.02
354,6,505.8,123.1
354,7,150.6,48.36
355,1,16.14,42.71
355,2,490.71,1294.78
355,3,2507.57,6198.25
355,4,10768.29,25511.37
355,5,8479.57,18647.77
355,6,7032,14681.16
355,7,2715,5763.82
356,1,0,0.0
356,2,6,14.56
356,3,58.86,99.72
356,4,77.71,74.42
356,5,285.43,340.68
356,6,880.57,1300.92
356,7,244.14,310.91
357,1,0,0.0
357,2,0.2,0.63
357,3,16.1,18.23
357,4,57.6,55.81
357,5,231,79.79
357,6,434.8,327.91
357,7,134.2,110.56
358,1,0,0.0
358,2,1.67,4.08
358,3,56.67,50.51
358,4,222.5,90.8
358,5,676.33,472.0
358,6,2899.67,1421.54
358,7,904.33,518.85
359,1,0,0.0
359,2,1,2.0
359,3,18.75,17.63
359,4,99,40.24
359,5,490,477.92
359,6,2200.75,733.4
359,7,666,241.95
360,1,0,0.0
360,2,0.25,0.5
360,3,91.25,78.62
360,4,297.5,88.97
360,5,457.75,99.72
360,6,851.75,546.07
360,7,243.75,73.93
361,1,0,0.0
361,2,1.33,1.87
361,3,57.78,50.1
361,4,333,298.21
361,5,826.11,529.67
361,6,1800.44,1189.83
361,7,598.67,347.98
362,1,0,0.0
362,2,3.2,4.32
362,3,200,184.99
362,4,281.2,238.83
362,5,1028.8,643.62
362,6,1219.4,848.79
362,7,191.8,106.83
363,1,0,0.0
363,2,3.25,6.5
363,3,29,24.48
363,4,70.75,65.9
363,5,568.25,668.34
363,6,1207.75,1275.5
363,7,278.5,375.99
364,1,0,0.0
364,2,0,0.0
364,3,27,29.07
364,4,59.33,89.29
364,5,122.17,168.06
364,6,376.5,503.11
364,7,274,435.66
365,1,0,0.0
365,2,9,13.42
365,3,81,66.32
365,4,126,61.69
365,5,924.8,474.2
365,6,1669.2,564.63
365,7,213.6,48.14
366,1,0,0.0
366,2,0.75,1.5
366,3,38.75,14.15
366,4,165,87.85
366,5,658.25,550.08
366,6,2035.75,1792.25
366,7,705.25,389.86
367,1,15.83,38.78
367,2,171.17,392.37
367,3,509.5,629.88
367,4,2841.67,5369.03
367,5,10028.33,18412.79
367,6,14893,24405.44
367,7,3734,6169.23
368,1,0,0.0
368,2,0.14,0.38
368,3,20.43,28.12
368,4,71.71,50.74
368,5,351,290.99
368,6,1641.57,1454.9
368,7,325.71,167.33
369,1,0,0.0
369,2,0,0.0
369,3,6.75,7.59
369,4,247.75,192.06
369,5,937.75,534.35
369,6,1831.5,968.34
369,7,405,167.95
370,1,0,0.0
370,2,1.17,1.17
370,3,243.33,168.73
370,4,546.5,503.87
370,5,2197,1497.37
370,6,4311.33,3316.56
370,7,1124.17,924.02
371,1,0.14,0.38
371,2,8.14,21.54
371,3,194.86,487.46
371,4,1044.57,2720.56
371,5,4798.57,12178.9
371,6,10440,26373.5
371,7,2595.86,6602.55
372,1,0,0.0
372,2,77.4,170.28
372,3,3140.2,6115.3
372,4,10130.8,19229.36
372,5,13122.2,17302.37
372,6,12338.8,14032.68
372,7,2154.4,2271.15
373,1,0,0.0
373,2,0,0.0
373,3,92.29,144.4
373,4,237.71,350.16
373,5,1688.14,3282.81
373,6,2726.86,2542.3
373,7,357,256.86
374,1,0,0.0
374,2,0.78,1.56
374,3,52,58.26
374,4,63.89,55.43
374,5,136.67,120.95
374,6,593.67,628.63
374,7,132.22,133.64
375,1,0,0.0
375,2,5.86,15.06
375,3,54.29,52.83
375,4,242.43,253.36
375,5,909.29,1328.61
375,6,2339.29,3428.16
375,7,552.43,741.77
376,1,0,0.0
376,2,0.8,1.79
376,3,35.4,40.92
376,4,103.2,86.58
376,5,666.6,525.73
376,6,1971.6,1840.33
376,7,460.4,433.36
377,1,0,0.0
377,2,8.4,17.69
377,3,57.8,65.8
377,4,253.2,304.57
377,5,1045.2,1594.85
377,6,2609,4184.44
377,7,582.8,925.42
378,1,0,0.0
378,2,0.17,0.41
378,3,35.17,18.87
378,4,116.67,58.32
378,5,480,258.01
378,6,960.83,412.57
378,7,203.17,105.11
379,1,0,0.0
379,2,1,1.41
379,3,169.5,173.24
379,4,297.5,204.35
379,5,4367.5,116.67
379,6,7910,4813.98
379,7,1437,889.54
380,1,0,0.0
380,2,9.14,9.58
380,3,171.43,100.79
380,4,187.43,227.25
380,5,542.29,508.56
380,6,1708.86,1367.44
380,7,482.86,489.68
381,1,0,0.0
381,2,0,0.0
381,3,16.5,0.71
381,4,303.5,150.61
381,5,870.5,538.11
381,6,1963.5,36.06
381,7,600,29.7
382,1,0,0.0
382,2,1.33,2.8
382,3,54.17,50.85
382,4,434.67,528.2
382,5,529,473.57
382,6,602.5,403.04
382,7,100.83,40.89
383,1,0,0.0
383,2,6.33,14.09
383,3,56.33,103.66
383,4,135.17,131.81
383,5,312,228.81
383,6,753,573.0
383,7,173.33,111.41
384,1,0,0.0
384,2,1,2.24
384,3,33,25.4
384,4,108.86,20.46
384,5,370.71,276.58
384,6,1453.86,991.47
384,7,537,297.56
385,1,0,0.0
385,2,0.4,0.89
385,3,26.8,24.71
385,4,223.2,243.23
385,5,1547.6,1321.27
385,6,2624.4,1004.52
385,7,619.8,102.59
386,1,0,0.0
386,2,2.33,2.08
386,3,79.67,67.31
386,4,300.33,286.04
386,5,2121.33,2552.62
386,6,3469.33,3235.14
386,7,1077.67,1027.43
387,1,0,0.0
387,2,5,9.54
387,3,48.6,43.02
387,4,167,105.13
387,5,362,317.87
387,6,1176.4,1035.41
387,7,328.8,318.2
388,1,0,0.0
388,2,0,0.0
388,3,27.4,17.04
388,4,121.4,68.36
388,5,180.4,81.12
388,6,417.4,282.07
388,7,116,56.3
389,1,0,0.0
389,2,0.2,0.45
389,3,110.2,67.92
389,4,242.8,188.75
389,5,1131.6,744.89
389,6,2134.2,1118.41
389,7,285.6,186.21
390,1,0,0.0
390,2,5.2,11.63
390,3,44.6,62.05
390,4,44.6,68.12
390,5,240,314.91
390,6,818.2,1248.88
390,7,217,309.44
391,1,0,0.0
391,2,0.4,0.55
391,3,56,24.18
391,4,88.4,62.71
391,5,669.8,813.5
391,6,2203.4,2932.08
391,7,602.8,799.51
392,1,0,0.0
392,2,5.25,8.62
392,3,126.25,78.42
392,4,280,154.26
392,5,762,535.67
392,6,3016,2245.04
392,7,952.75,752.76
393,1,0,0.0
393,2,4.38,6.5
393,3,74.62,79.86
393,4,133.12,78.81
393,5,514.88,325.87
393,6,2053.25,927.92
393,7,604.62,338.32
394,1,0,0.0
394,2,5,10.81
394,3,116.17,71.21
394,4,212.67,87.49
394,5,984.83,599.45
394,6,2421.67,937.35
394,7,302.17,122.41
395,1,0,0.0
395,2,3.33,4.03
395,3,115.17,120.68
395,4,133.17,117.29
395,5,431,533.77
395,6,860.83,1188.97
395,7,205,225.4
396,1,0,0.0
396,2,51,114.44
396,3,471.14,712.99
396,4,655.29,1076.4
396,5,1646.86,2732.59
396,6,3481.86,6248.55
396,7,853.57,1479.24
397,1,0,0.0
397,2,138.14,312.23
397,3,1529.43,3489.38
397,4,1575.86,3322.32
397,5,1426,2102.36
397,6,1638,1961.31
397,7,328.43,379.34
398,1,0,0.0
398,2,0,0.0
398,3,167,165.29
398,4,429.75,403.17
398,5,2906.75,4154.53
398,6,4816,2644.02
398,7,1076,708.03
399,1,0,0.0
399,2,0.25,0.5
399,3,70.75,70.67
399,4,222.75,229.91
399,5,660.25,247.26
399,6,1175.75,1121.66
399,7,605.25,646.24
400,1,0,0.0
400,2,5.2,11.63
400,3,20.6,18.06
400,4,130.2,119.72
400,5,545.2,759.93
400,6,1825,2247.47
400,7,889.6,1520.81
401,1,0,0.0
401,2,0,0.0
401,3,8,9.49
401,4,21,21.57
401,5,73.75,66.1
401,6,281.75,293.83
401,7,69,92.52
402,1,0,0.0
402,2,0,0.0
402,3,0.67,1.15
402,4,12.67,15.95
402,5,22.67,12.5
402,6,49,62.07
402,7,1.33,1.15
403,1,0,0.0
403,2,0.5,0.58
403,3,74.25,60.16
403,4,232.25,167.93
403,5,983.5,501.04
403,6,2366.25,857.6
403,7,467,207.09
404,1,0,0.0
404,2,7.4,15.45
404,3,63.2,114.5
404,4,228,279.82
404,5,199.4,256.78
404,6,409,398.41
404,7,79.2,70.74
405,1,0,0.0
405,2,2,1.9
405,3,88.67,58.53
405,4,257.17,184.89
405,5,2250.83,1842.53
405,6,5681.17,4731.65
405,7,1703,1472.47
406,1,0,0.0
406,2,0.25,0.5
406,3,60.5,30.34
406,4,139.25,62.33
406,5,958.5,669.61
406,6,1542,782.74
406,7,336,184.51
407,1,0.29,0.49
407,2,8.43,21.43
407,3,199.14,485.68
407,4,1233.86,2670.75
407,5,4941.71,12122.77
407,6,10781.43,26249.45
407,7,2629.86,6592.13
408,1,0,0.0
408,2,1.75,3.5
408,3,83.25,79.06
408,4,278.75,349.16
408,5,3479.5,3956.8
408,6,8388.75,12569.66
408,7,2035.25,2687.06
409,1,0.33,0.58
409,2,19,32.91
409,3,433,749.98
409,4,2423.67,4148.56
409,5,10867.67,18656.45
409,6,23535,40437.71
409,7,5872,10127.32
410,1,0,0.0
410,2,334.4,737.7
410,3,6768.6,14874.23
410,4,8091.4,17493.78
410,5,8857.4,16386.3
410,6,11284.4,12664.87
410,7,3612.4,3651.91
411,1,0,0.0
411,2,0,0.0
411,3,605.33,392.58
411,4,1622,661.58
411,5,7205.67,4484.29
411,6,10539.67,7627.84
411,7,1904.67,1747.4
412,1,0,0.0
412,2,0.5,1.0
412,3,103,126.18
412,4,273.75,121.2
412,5,2831.5,1778.39
412,6,5505.25,4014.81
412,7,967.25,748.07
413,1,0,0.0
413,2,0,0.0
413,3,4.5,7.69
413,4,18.33,17.17
413,5,157.5,70.25
413,6,463,235.89
413,7,196,96.21
414,1,0,0.0
414,2,1.5,2.38
414,3,83.75,89.16
414,4,332.5,313.81
414,5,2542.25,2088.44
414,6,7236,5327.98
414,7,1411,721.41
415,1,0,0.0
415,2,0.14,0.38
415,3,20.86,27.88
415,4,114.71,151.15
415,5,2298.57,3769.3
415,6,7451.43,10288.0
415,7,1315.29,1790.53
416,1,0,0.0
416,2,0.5,1.22
416,3,20.5,15.87
416,4,95.33,78.74
416,5,180.17,159.03
416,6,720.33,498.74
416,7,479.83,326.6
417,1,0,0.0
417,2,0.86,1.46
417,3,18,14.31
417,4,66.86,100.58
417,5,123,156.33
417,6,441.57,325.56
417,7,256.71,312.53
418,1,0,0.0
418,2,4.14,7.13
418,3,73.14,88.94
418,4,60.43,36.74
418,5,143.57,80.9
418,6,474.14,220.83
418,7,193.29,125.12
419,1,0,0.0
419,2,1,2.0
419,3,27,13.34
419,4,196,81.98
419,5,1227.75,402.58
419,6,2878,1635.54
419,7,551.25,396.45
420,1,0,0.0
420,2,1.5,1.91
420,3,57.5,52.58
420,4,185,182.89
420,5,769.25,665.77
420,6,2661.75,3337.47
420,7,487.25,474.58
421,1,0,0.0
421,2,0,0.0
421,3,0.2,0.45
421,4,9.8,21.91
421,5,165.4,347.25
421,6,151.2,254.21
421,7,75.2,147.12
422,1,31.67,54.85
422,2,349.67,539.16
422,3,644,889.44
422,4,5168.67,7418.69
422,5,24036,20244.6
422,6,37242.33,23524.2
422,7,8699.33,6501.77
423,1,0,0.0
423,2,2.11,4.37
423,3,96.11,142.7
423,4,910.67,1353.96
423,5,8399.44,16490.74
423,6,13527.22,24627.46
423,7,3228.44,6044.27
424,1,0,0.0
424,2,7.29,12.72
424,3,89.29,85.46
424,4,235.71,200.53
424,5,466.71,302.51
424,6,489.29,454.4
424,7,117.71,99.32
425,1,0,0.0
425,2,0,0.0
425,3,20.6,34.74
425,4,49.8,78.1
425,5,100.4,76.9
425,6,173.8,163.08
425,7,69.4,74.71
426,1,0,0.0
426,2,12.5,13.44
426,3,85,90.51
426,4,393,340.83
426,5,765.5,458.91
426,6,1208.5,368.4
426,7,177,1.41
427,1,15.83,38.78
427,2,166.33,394.24
427,3,358,645.54
427,4,2881.5,5332.03
427,5,13316.67,17110.99
427,6,24827,20672.65
427,7,5879.5,5353.9
428,1,0,0.0
428,2,0.8,1.3
428,3,37.2,24.91
428,4,190,84.98
428,5,740.2,580.65
428,6,2204.8,1434.45
428,7,710,302.45
429,1,0,0.0
429,2,0,0.0
429,3,0.25,0.5
429,4,12.25,24.5
429,5,206.75,386.52
429,6,228.75,255.07
429,7,95.75,161.72
430,1,0,0.0
430,2,2.8,2.59
430,3,72.8,21.82
430,4,167.6,70.1
430,5,1026.2,490.25
430,6,3283.2,2239.62
430,7,640.4,564.33
431,1,0,0.0
431,2,0,0.0
431,3,74,54.6
431,4,120.5,80.11
431,5,615.67,278.57
431,6,527.5,224.88
431,7,109,45.79
432,1,0,0.0
432,2,0.29,0.76
432,3,22.86,28.52
432,4,165.71,240.14
432,5,126.14,111.24
432,6,354.43,267.29
432,7,108.71,103.25
433,1,0.33,0.58
433,2,19,32.91
433,3,433.33,749.69
433,4,2421,4150.93
433,5,11065.67,18488.9
433,6,23608.33,40374.9
433,7,5968,10045.58
434,1,0,0.0
434,2,7,10.6
434,3,120.83,81.69
434,4,188,162.34
434,5,2184.17,2923.19
434,6,3760.5,4598.2
434,7,420.33,569.24
435,1,0,0.0
435,2,0.62,1.41
435,3,32.5,55.55
435,4,66.5,72.22
435,5,434.5,674.35
435,6,558.62,693.29
435,7,149.5,130.47
436,1,0,0.0
436,2,3.71,9.83
436,3,23.43,21.73
436,4,72.57,30.2
436,5,490.71,631.18
436,6,1346.71,2004.2
436,7,610.57,1319.14
437,1,0,0.0
437,2,0.6,0.89
437,3,87.4,41.97
437,4,190.2,161.69
437,5,987.8,473.76
437,6,3806.6,1561.16
437,7,1058.2,690.01
438,1,0,0.0
438,2,0,0.0
438,3,0,0.0
438,4,32.5,20.51
438,5,19.5,10.61
438,6,25,32.53
438,7,4,2.83
439,1,0,0.0
439,2,1,1.41
439,3,15,21.21
439,4,335.5,471.64
439,5,53,70.71
439,6,248,342.24
439,7,33.5,47.38
440,1,0,0.0
440,2,0,0.0
440,3,0,0.0
440,4,1,1.0
440,5,19.67,14.64
440,6,118.67,18.72
440,7,45.67,57.29
441,1,0,0.0
441,2,8.67,15.01
441,3,27.33,21.22
441,4,79.33,28.04
441,5,781.33,970.53
441,6,2386,2974.75
441,7,1267.33,2020.2
442,1,0.2,0.45
442,2,11.4,25.49
442,3,260.2,580.71
442,4,1464.2,3214.47
442,5,6533.4,14465.58
442,6,14129,31360.4
442,7,3535.6,7843.27
443,1,0.33,0.58
443,2,19,32.91
443,3,433,749.98
443,4,2426.67,4146.06
443,5,10857.33,18665.18
443,6,23482,40483.23
443,7,5892.33,10109.72
444,1,0.25,0.5
444,2,14.25,28.5
444,3,325.25,649.17
444,4,1827.25,3591.26
444,5,8141,16179.39
444,6,17597,35087.37
444,7,4400.5,8777.01
445,1,0.2,0.45
445,2,11.4,25.49
445,3,259.8,580.93
445,4,1445.6,3224.64
445,5,6507,14480.24
445,6,14125.8,31362.21
445,7,3524.6,7849.39
446,1,0.14,0.38
446,2,8.14,21.54
446,3,185.57,490.98
446,4,1032.43,2725.82
446,5,4648.14,12241.86
446,6,10111.14,26509.17
446,7,2539.43,6626.2
447,1,0,0.0
447,2,0,0.0
447,3,0.33,0.58
447,4,16.33,28.29
447,5,262.33,453.51
447,6,199.67,341.5
447,7,113.67,194.28
448,1,0,0.0
448,2,0.2,0.45
448,3,57.6,55.31
448,4,116.8,70.71
448,5,632.6,198.88
448,6,1578.8,592.84
448,7,361.8,131.65
449,1,0,0.0
449,2,2.86,3.8
449,3,87.14,53.34
449,4,158.57,199.21
449,5,434.14,498.21
449,6,1358.43,1353.04
449,7,332,515.21
450,1,0,0.0
450,2,0,0.0
450,3,0,0.0
450,4,17,15.12
450,5,54.25,91.42
450,6,99,177.34
450,7,12.5,21.19
451,1,0,0.0
451,2,0.33,0.52
451,3,98.5,52.53
451,4,181.83,85.33
451,5,908.83,586.72
451,6,2321.33,737.89
451,7,418.67,193.34
452,1,0,0.0
452,2,2.75,3.2
452,3,68.5,15.86
452,4,153.5,68.71
452,5,520.75,144.08
452,6,2011.75,562.07
452,7,300.75,73.88
453,1,0,0.0
453,2,0,0.0
453,3,55,26.57
453,4,423,171.26
453,5,3957.2,2128.56
453,6,4430.4,2320.46
453,7,506.6,192.61
454,1,0,0.0
454,2,1.75,2.36
454,3,63.75,42.01
454,4,180,74.09
454,5,1027.25,585.95
454,6,3346.75,2631.77
454,7,664.25,666.88
455,1,0,0.0
455,2,0,0.0
455,3,14.17,9.33
455,4,140,107.95
455,5,557.83,1031.69
455,6,2110.17,3189.59
455,7,1236.33,1787.17
456,1,0,0.0
456,2,2,2.83
456,3,81.5,55.86
456,4,223,31.11
456,5,1072.5,191.63
456,6,3211,1409.97
456,7,881.5,246.78
457,1,0,0.0
457,2,15.75,34.64
457,3,198,371.43
457,4,420.62,400.63
457,5,1099.62,1162.33
457,6,1819.62,1945.47
457,7,489,610.07
458,1,0,0.0
458,2,3.83,6.62
458,3,105.67,126.8
458,4,65.83,35.65
458,5,270.83,175.58
458,6,496,290.97
458,7,115.5,62.84
459,1,0,0.0
459,2,1.25,1.89
459,3,21.75,13.12
459,4,74.25,61.47
459,5,718.5,910.0
459,6,854.25,906.77
459,7,188.5,150.86
460,1,0,0.0
460,2,5.8,12.42
460,3,69,59.81
460,4,184,67.75
460,5,349.8,173.55
460,6,896.2,321.0
460,7,233.8,92.1
461,1,0,0.0
461,2,0.2,0.45
461,3,53.8,52.8
461,4,214.2,145.04
461,5,941,308.82
461,6,2422,1467.01
461,7,536.2,391.88
462,1,0,0.0
462,2,0,0.0
462,3,80,68.76
462,4,146.8,83.17
462,5,662,306.76
462,6,2151.8,1193.22
462,7,234.6,100.05
463,1,0,0.0
463,2,1,1.22
463,3,52.4,72.0
463,4,288.4,409.18
463,5,6117.6,8553.55
463,6,14169.4,18225.57
463,7,2550.2,3286.11
464,1,0.2,0.45
464,2,11.4,25.49
464,3,261.4,580.05
464,4,1465.6,3213.48
464,5,6603.4,14427.14
464,6,14296,31267.85
464,7,3570.2,7824.45
465,1,0,0.0
465,2,0,0.0
465,3,40.17,44.22
465,4,77.83,71.49
465,5,168.33,194.48
465,6,358,232.27
465,7,106.33,73.97
466,1,0,0.0
466,2,5.2,11.63
466,3,40.4,64.5
466,4,60.6,67.29
466,5,208.4,330.77
466,6,744.4,1282.68
466,7,218,308.08
467,1,0,0.0
467,2,11.33,15.33
467,3,150.67,109.68
467,4,122.5,92.99
467,5,331,348.34
467,6,1127.67,1326.64
467,7,318.5,325.6
468,1,0,0.0
468,2,0.6,0.89
468,3,38.8,67.58
468,4,137,89.71
468,5,1774.6,1332.36
468,6,5670.2,5008.06
468,7,1777.6,1561.15
469,1,0.29,0.49
469,2,8.43,21.43
469,3,197.86,486.23
469,4,1233.29,2670.99
469,5,4944.14,12120.9
469,6,10739.14,26266.56
469,7,2641.29,6586.91
470,1,0,0.0
470,2,1,1.41
470,3,43.2,38.19
470,4,141.6,148.92
470,5,293.8,158.14
470,6,1193.2,559.89
470,7,283.8,168.34
471,1,0,0.0
471,2,20,38.22
471,3,128.83,163.77
471,4,443.83,488.36
471,5,582.17,323.84
471,6,1071.5,1005.29
471,7,294.83,323.34
472,1,0,0.0
472,2,0.4,0.89
472,3,85,24.18
472,4,172,79.11
472,5,1170.4,484.24
472,6,3289,2242.02
472,7,604.6,582.47
473,1,0,0.0
473,2,1.83,4.02
473,3,48.17,56.4
473,4,125.83,105.39
473,5,534.83,547.04
473,6,1924.17,1815.43
473,7,557,561.75
474,1,0,0.0
474,2,2.33,1.97
474,3,97.83,91.14
474,4,418,454.5
474,5,963.17,1184.8
474,6,1305.5,1184.33
474,7,353.17,277.24
475,1,0,0.0
475,2,144.67,343.22
475,3,1655,3805.12
475,4,1635.83,3632.72
475,5,1419.5,2164.72
475,6,1286.83,1906.79
475,7,275.5,354.19
476,1,0,0.0
476,2,3.71,8.98
476,3,48.14,45.25
476,4,115.29,110.5
476,5,928.29,900.73
476,6,2355.71,2915.37
476,7,561.43,745.58
477,1,0,0.0
477,2,10.33,17.43
477,3,89.33,55.61
477,4,222.5,279.19
477,5,809.83,938.88
477,6,2937.33,2723.15
477,7,606.17,509.91
478,1,0.2,0.45
478,2,11.4,25.49
478,3,260.2,580.71
478,4,1452.4,3220.85
478,5,6491.4,14488.94
478,6,14078.8,31388.39
478,7,3513.6,7855.53
479,1,0.25,0.5
479,2,14.25,28.5
479,3,325.25,649.17
479,4,1812.75,3600.86
479,5,8111.75,16198.84
479,6,17566,35108.0
479,7,4398.25,8778.51
480,1,0,0.0
480,2,3,1.41
480,3,74.83,45.39
480,4,164.33,61.51
480,5,579.33,246.13
480,6,1458.83,787.96
480,7,365.33,208.48
481,1,0,0.0
481,2,3.25,6.5
481,3,52.5,11.12
481,4,130.75,35.76
481,5,772,531.1
481,6,1578.5,1206.67
481,7,441.75,386.91
482,1,0,0.0
482,2,14.71,35.94
482,3,99.86,156.12
482,4,224.43,209.11
482,5,567.57,611.57
482,6,947.86,1028.24
482,7,315.14,385.8
483,1,0.33,1.29
483,2,36.2,68.88
483,3,1328.6,2648.6
483,4,3867.87,7745.43
483,5,12110.87,20969.91
483,6,17336.93,22334.76
483,7,4601.8,5659.2
484,1,0,0.0
484,2,0,0.0
484,3,23.17,12.78
484,4,87.5,85.86
484,5,144.5,168.62
484,6,421.17,377.9
484,7,270.67,333.08
485,1,0,0.0
485,2,1,1.26
485,3,124.5,79.36
485,4,159,100.69
485,5,985.5,601.0
485,6,1838.33,1258.16
485,7,226.83,142.17
486,1,0,0.0
486,2,0,0.0
486,3,75.33,59.21
486,4,179.33,184.5
486,5,621.17,565.7
486,6,1704.33,1077.92
486,7,251.33,194.13
487,1,0,0.0
487,2,3.67,5.16
487,3,98.5,119.6
487,4,249,171.77
487,5,685.33,417.3
487,6,1699.33,1255.83
487,7,533.17,357.2
488,1,0,0.0
488,2,2.62,2.72
488,3,67,27.85
488,4,154.75,73.74
488,5,772.88,406.44
488,6,2164.38,984.5
488,7,251.75,104.69
489,1,0,0.0
489,2,0.4,0.89
489,3,89.6,115.34
489,4,112.6,93.06
489,5,897.2,566.29
489,6,2750.4,2222.48
489,7,840.2,861.21
490,1,0,0.0
490,2,0.17,0.41
490,3,6.83,7.08
490,4,25.17,21.94
490,5,210,259.12
490,6,882.5,989.78
490,7,287.83,186.82
491,1,0,0.0
491,2,0,0.0
491,3,289.25,281.43
491,4,792.25,991.82
491,5,4010,5623.33
491,6,7081,8235.64
491,7,1356.5,1720.2
492,1,0,0.0
492,2,0.25,0.5
492,3,122.5,209.43
492,4,355.75,237.78
492,5,1432.5,965.01
492,6,3805.5,3443.2
492,7,1010.25,1045.16
493,1,0,0.0
493,2,40.43,58.46
493,3,454.29,445.49
493,4,618.71,513.54
493,5,1683,1235.87
493,6,2719.29,2005.72
493,7,636,650.11
494,1,0,0.0
494,2,1.29,2.98
494,3,40.43,71.65
494,4,80.29,119.6
494,5,346,512.81
494,6,1060.57,1144.45
494,7,499.57,516.27
495,1,0,0.0
495,2,1.2,1.64
495,3,50.6,27.16
495,4,131,51.57
495,5,335.8,395.99
495,6,869.6,998.55
495,7,326,224.92
496,1,0,0.0
496,2,3.17,4.02
496,3,108.33,62.83
496,4,182.33,159.73
496,5,2107.33,2958.35
496,6,3362.5,4704.08
496,7,409,572.74
497,1,0,0.0
497,2,0.25,0.5
497,3,61.25,70.75
497,4,336.75,304.18
497,5,1859.5,1614.74
497,6,3638.5,2747.39
497,7,829.25,671.37
498,1,0.33,0.58
498,2,19,32.91
498,3,433.67,749.4
498,4,2436.67,4137.54
498,5,10862.67,18660.66
498,6,23526.67,40444.58
498,7,5883.33,10117.52
499,1,15.83,38.78
499,2,168.83,393.15
499,3,367,637.5
499,4,2458.83,5525.75
499,5,8711,18954.06
499,6,13030.83,25198.48
499,7,3384.83,6289.73
500,1,0,0.0
500,2,0.33,0.82
500,3,29.33,43.41
500,4,187.33,379.17
500,5,527,724.46
500,6,1070,1847.89
500,7,296.67,534.1
501,1,0,0.0
501,2,0,0.0
501,3,11,15.97
501,4,14.8,15.8
501,5,138.8,53.63
501,6,379.2,132.74
501,7,130,35.53
502,1,0,0.0
502,2,24.17,38.13
502,3,310.5,467.63
502,4,811,1283.42
502,5,2041.5,3252.33
502,6,2444.67,2976.71
502,7,520,619.5
503,1,0,0.0
503,2,8,12.69
503,3,53,74.26
503,4,71.57,78.82
503,5,256.14,253.51
503,6,736,1019.11
503,7,187.43,256.25
504,1,0,0.0
504,2,199.9,514.89
504,3,4517.9,10481.99
504,4,8090.7,13950.1
504,5,12915.5,19254.6
504,6,13117.6,13907.8
504,7,3270.7,3531.68
505,1,0,0.0
505,2,31,42.71
505,3,411.6,546.28
505,4,1301.6,1727.59
505,5,3957.2,5176.1
505,6,6796,11004.97
505,7,1348.4,2128.12
506,1,0,0.0
506,2,0.33,0.52
506,3,56.5,29.64
506,4,96.33,42.52
506,5,976.17,725.78
506,6,1588.83,828.51
506,7,282,168.53
507,1,0,0.0
507,2,0.17,0.41
507,3,113,151.86
507,4,397,386.81
507,5,2457.83,3482.22
507,6,4942.67,4942.27
507,7,1368.67,1702.41
508,1,0,0.0
508,2,5.5,8.54
508,3,91.75,63.04
508,4,45,48.83
508,5,233.5,140.18
508,6,716.75,575.62
508,7,123,56.7
509,1,0,0.0
509,2,0.5,0.84
509,3,42.5,57.44
509,4,229.83,183.64
509,5,1478.83,1445.76
509,6,4420.83,3917.33
509,7,995.67,1269.23
510,1,0,0.0
510,2,1.33,2.31
510,3,16,19.16
510,4,67.33,82.4
510,5,898.67,1026.42
510,6,1108,1043.89
510,7,265.33,187.01
511,1,0,0.0
511,2,0,0.0
511,3,688.2,778.33
511,4,1503,1453.36
511,5,5654.2,5968.26
511,6,7752.6,6559.32
511,7,1221.8,973.62
512,1,0.25,0.5
512,2,14.25,28.5
512,3,325.75,648.83
512,4,1804.75,3606.17
512,5,8110.5,16199.67
512,6,17673.25,35036.72
512,7,4416,8766.71
513,1,0.25,0.5
513,2,14.25,28.5
513,3,369.5,625.01
513,4,1849.75,3576.35
513,5,8222,16126.36
513,6,17813.75,34943.61
513,7,4539.75,8685.35
514,1,0,0.0
514,2,0,0.0
514,3,26,30.8
514,4,71.2,27.91
514,5,164.4,120.54
514,6,996,660.79
514,7,374.6,320.34
515,1,0,0.0
515,2,1.5,1.38
515,3,172.17,273.47
515,4,1238.5,1754.02
515,5,1797.5,1457.83
515,6,2003.83,1255.05
515,7,504,440.11
516,1,0,0.0
516,2,12.67,20.06
516,3,238.83,285.52
516,4,671.33,669.77
516,5,3114.33,2171.01
516,6,7665.5,4991.23
516,7,1950,1522.96
517,1,0.25,0.5
517,2,14.25,28.5
517,3,325,649.33
517,4,1820.5,3595.72
517,5,8316,16066.58
517,6,17833.25,34930.25
517,7,4491.25,8717.71
518,1,0,0.0
518,2,0,0.0
518,3,45.6,61.2
518,4,76.8,92.52
518,5,254,197.92
518,6,1231.2,873.0
518,7,169,124.01
519,1,0,0.0
519,2,0.5,1.0
519,3,34.5,36.35
519,4,309.25,158.08
519,5,1915.75,1635.4
519,6,5590,4482.53
519,7,1421.5,1426.37
520,1,0,0.0
520,2,6,12.0
520,3,63.17,59.82
520,4,97.33,50.66
520,5,869,749.5
520,6,1483.33,943.2
520,7,169.83,97.54
521,1,0,0.0
521,2,385,714.31
521,3,8622,14310.67
521,4,14228.4,18408.08
521,5,21421,25333.76
521,6,19926.2,18514.93
521,7,4738,4619.14
522,1,0,0.0
522,2,22.62,50.69
522,3,337.5,324.14
522,4,335.12,394.45
522,5,1196.75,1215.11
522,6,1500.62,1702.39
522,7,274.25,356.85
523,1,0,0.0
523,2,10.17,10.23
523,3,264.17,259.64
523,4,1786.5,1907.12
523,5,2282.5,1966.35
523,6,2435.67,1410.11
523,7,758.17,444.03
524,1,3,6.71
524,2,17,26.49
524,3,70,93.76
524,4,140.2,88.15
524,5,654.2,347.77
524,6,1999.6,1244.82
524,7,661.4,508.26
525,1,0,0.0
525,2,11.4,24.38
525,3,201.6,321.39
525,4,282,544.5
525,5,738.8,966.63
525,6,1030,1470.46
525,7,197.2,300.61
526,1,0,0.0
526,2,1,2.24
526,3,58.4,65.96
526,4,340,388.77
526,5,683,672.86
526,6,918.4,708.42
526,7,446.2,381.13
527,1,0,0.0
527,2,0.2,0.45
527,3,17.8,9.52
527,4,23.2,12.44
527,5,201.2,73.31
527,6,397.6,120.98
527,7,124.6,46.58
528,1,0.12,0.35
528,2,7.12,20.15
528,3,170.38,456.58
528,4,907.88,2548.11
528,5,4102,11438.72
528,6,9056.38,24726.59
528,7,2229.5,6197.37
529,1,0,0.0
529,2,1.86,2.54
529,3,83.57,52.0
529,4,200.29,118.59
529,5,1003.14,542.08
529,6,3208.29,2073.66
529,7,966.43,724.22
530,1,0,0.0
530,2,0.33,0.82
530,3,52.33,50.03
530,4,124.83,73.22
530,5,341.17,229.85
530,6,1582.5,780.31
530,7,324.33,162.71
531,1,0,0.0
531,2,1.67,4.08
531,3,248.33,357.76
531,4,523.83,640.96
531,5,1645.33,1898.7
531,6,3323.33,2105.26
531,7,611.33,316.17
532,1,0,0.0
532,2,1,2.0
532,3,76.75,36.7
532,4,109.5,41.69
532,5,538.25,120.56
532,6,612.5,206.85
532,7,126,20.96
533,1,0,0.0
533,2,3.2,3.03
533,3,82,118.12
533,4,249,135.05
533,5,1792.8,1516.84
533,6,3015,1399.64
533,7,564.6,263.94
534,1,0,0.0
534,2,0.75,1.5
534,3,75.75,49.17
534,4,117.75,70.25
534,5,209.5,113.46
534,6,783.5,815.68
534,7,191.5,123.59
535,1,0,0.0
535,2,3.86,8.51
535,3,44.43,26.62
535,4,167.86,123.72
535,5,463,382.66
535,6,1410.71,917.74
535,7,420.43,309.16
536,1,0,0.0
536,2,2.44,2.74
536,3,91.44,64.08
536,4,143.78,69.81
536,5,1070.44,469.91
536,6,2110.22,909.05
536,7,199.44,78.41
537,1,0,0.0
537,2,0.75,1.39
537,3,93,87.78
537,4,215.12,141.54
537,5,428.62,439.8
537,6,1232.25,1170.75
537,7,455.5,402.33
538,1,0,0.0
538,2,1.2,1.1
538,3,249.4,157.02
538,4,503.4,224.44
538,5,2378.8,1197.0
538,6,4754.4,3060.84
538,7,1239.6,891.87
539,1,0.5,0.58
539,2,14.75,28.18
539,3,352.5,631.44
539,4,2121.5,3436.31
539,5,8674.75,15830.31
539,6,19020.25,34163.29
539,7,4630.75,8629.17
540,1,0.25,0.5
540,2,0.5,1.0
540,3,21.5,33.2
540,4,303.75,580.97
540,5,445.25,666.29
540,6,1169.75,1763.9
540,7,219.25,365.28
541,1,0,0.0
541,2,1.25,1.5
541,3,49,22.06
541,4,166,38.58
541,5,1204.5,605.13
541,6,2659.25,1185.09
541,7,623,198.94
542,1,0,0.0
542,2,0,0.0
542,3,25.75,24.23
542,4,79.25,23.4
542,5,59.75,52.03
542,6,231,41.45
542,7,102.5,78.29
543,1,0,0.0
543,2,3.25,6.5
543,3,38.25,20.61
543,4,101.5,73.63
543,5,718.75,635.86
543,6,1560.25,1251.48
543,7,450.5,378.19
544,1,19,42.49
544,2,235.6,413.05
544,3,491.8,666.04
544,4,3409.4,5780.02
544,5,17899.4,16892.38
544,6,31656.4,18651.91
544,7,7267.6,5059.21
545,1,0,0.0
545,2,3.71,6.5
545,3,199.86,192.8
545,4,97.57,82.59
545,5,252.14,180.68
545,6,583.29,263.77
545,7,156.29,34.05
546,1,0,0.0
546,2,0.57,1.13
546,3,88.71,53.91
546,4,141.29,107.04
546,5,749.14,725.0
546,6,1967.57,2434.76
546,7,484.43,681.11
547,1,0,0.0
547,2,0.86,1.21
547,3,62.71,51.42
547,4,94.57,116.51
547,5,496.29,427.99
547,6,870.29,545.46
547,7,194.57,105.99
548,1,0,0.0
548,2,2,1.41
548,3,375,86.27
548,4,584,39.6
548,5,2450.5,604.58
548,6,6184,3337.54
548,7,1754.5,1065.61
549,1,0,0.0
549,2,0.75,1.5
549,3,40.75,19.74
549,4,482,243.59
549,5,2617.5,597.48
549,6,2686.75,1251.31
549,7,478.25,297.19
550,1,0,0.0
550,2,13.5,14.48
550,3,162.25,83.91
550,4,481.75,180.84
550,5,1520.75,1576.46
550,6,1842.75,2008.65
550,7,334.75,334.44
551,1,0,0.0
551,2,6.8,8.87
551,3,113.2,110.16
551,4,322,266.67
551,5,661.6,370.09
551,6,625.6,447.37
551,7,143.2,102.69
552,1,0,0.0
552,2,322.33,656.86
552,3,7418.67,13127.63
552,4,12275.17,17131.79
552,5,20288.33,22381.32
552,6,20720.5,12700.23
552,7,5812.5,2756.03
553,1,0,0.0
553,2,0,0.0
553,3,112.83,91.73
553,4,268.5,228.84
553,5,857.17,776.19
553,6,2714.5,996.2
553,7,536.67,201.36
554,1,0,0.0
554,2,2.5,5.0
554,3,324,421.58
554,4,799.25,698.16
554,5,2674.5,2299.75
554,6,4656,1750.07
554,7,815.5,210.38
555,1,0,0.0
555,2,0.25,0.5
555,3,168.75,164.06
555,4,599.25,307.95
555,5,3610.75,3859.6
555,6,7019.5,4812.53
555,7,1982.5,1827.0
556,1,0,0.0
556,2,0.33,0.52
556,3,108.5,52.17
556,4,171.17,89.3
556,5,872.33,602.46
556,6,2181.5,1005.84
556,7,369.17,188.04
557,1,0,0.0
557,2,2.89,8.67
557,3,37.56,31.76
557,4,117.11,89.31
557,5,625.11,654.21
557,6,2477.33,1925.16
557,7,950.33,1092.37
558,1,0,0.0
558,2,1.86,4.49
558,3,99,62.29
558,4,196.71,256.13
558,5,1374.43,2531.92
558,6,3851,6892.31
558,7,932.86,1665.97
559,1,13.57,35.91
559,2,155.29,361.83
559,3,354.43,594.15
559,4,2412.14,5009.88
559,5,10638.43,16935.62
559,6,17975.86,22489.65
559,7,3729,5624.68
560,1,0,0.0
560,2,411.6,701.62
560,3,9916.2,13637.98
560,4,16649.6,17200.54
560,5,33473.2,30674.76
560,6,34893.2,33809.45
560,7,9375.2,8389.4
561,1,0,0.0
561,2,0.56,1.33
561,3,19.33,12.38
561,4,147.89,77.18
561,5,272.11,354.95
561,6,938.11,933.94
561,7,387.11,240.03
562,1,0,0.0
562,2,0,0.0
562,3,12,7.16
562,4,90.33,85.57
562,5,152.33,192.59
562,6,696,911.31
562,7,445.17,526.91
563,1,0,0.0
563,2,16,37.74
563,3,197,387.3
563,4,270.33,542.01
563,5,780.83,1365.56
563,6,1077,1602.9
563,7,298.67,412.87
564,1,0,0.0
564,2,17.33,37.28
564,3,203.5,389.06
564,4,259.83,543.61
564,5,726.17,1393.01
564,6,1037.17,1643.09
564,7,309.17,434.93
565,1,0,0.0
565,2,1.14,3.02
565,3,25.71,19.18
565,4,68.86,53.81
565,5,397.14,264.83
565,6,772.71,600.83
565,7,196.29,234.57
566,1,0,0.0
566,2,0,0.0
566,3,24.75,18.57
566,4,56.75,47.2
566,5,180.38,153.23
566,6,707.38,814.14
566,7,401.75,502.27
567,1,0,0.0
567,2,1.5,2.38
567,3,112,122.23
567,4,220.75,228.01
567,5,403.25,355.32
567,6,792,989.5
567,7,486.25,832.58
568,1,0,0.0
568,2,12.4,10.11
568,3,294.8,192.6
568,4,235,254.77
568,5,816.6,663.7
568,6,1405,609.55
568,7,236.2,128.13
569,1,0,0.0
569,2,2.67,4.68
569,3,91.17,117.19
569,4,784.17,1683.81
569,5,9676.33,20606.02
569,6,14863.5,29695.93
569,7,3879.67,7231.64
570,1,0,0.0
570,2,0,0.0
570,3,84,83.11
570,4,361.75,255.34
570,5,4442.5,2766.95
570,6,3855.5,1479.21
570,7,421,181.45
571,1,0,0.0
571,2,8.2,15.12
571,3,123.4,140.22
571,4,245,203.53
571,5,362,278.82
571,6,458.4,343.03
571,7,109.8,58.38
572,1,0,0.0
572,2,6.5,13.0
572,3,34.75,30.14
572,4,81.75,41.16
572,5,677,824.9
572,6,2380.75,2293.74
572,7,1262.5,1577.78
573,1,0,0.0
573,2,4,3.37
573,3,67.75,40.58
573,4,176,56.29
573,5,1188.75,754.58
573,6,2856,1370.97
573,7,627.75,234.15
574,1,0,0.0
574,2,0,0.0
574,3,16.22,21.41
574,4,76.33,32.18
574,5,224.67,107.2
574,6,835.33,339.46
574,7,233.22,169.28
575,1,0,0.0
575,2,7.38,11.02
575,3,121.62,184.54
575,4,53.88,72.99
575,5,187.25,87.95
575,6,466.12,236.51
575,7,157.25,122.88
576,1,0,0.0
576,2,279.67,673.3
576,3,5911.83,13459.5
576,4,7341.67,15738.81
576,5,9984.83,14442.23
576,6,14528.67,10506.16
576,7,4474.67,2856.29
577,1,0,0.0
577,2,0.5,0.84
577,3,20.67,8.62
577,4,142.67,138.63
577,5,2130,2588.78
577,6,6911.5,7956.62
577,7,1408.33,1703.57
578,1,0,0.0
578,2,0.83,2.04
578,3,99,96.71
578,4,222.5,167.69
578,5,427.33,270.89
578,6,611.83,820.09
578,7,364.83,672.15
579,1,0,0.0
579,2,0,0.0
579,3,33.83,28.42
579,4,57.17,72.23
579,5,533,803.59
579,6,1607.5,2854.01
579,7,420.17,787.15
580,1,0,0.0
580,2,6,10.12
580,3,180,304.39
580,4,1138.6,1996.73
580,5,1747.6,1724.42
580,6,1699.6,1680.48
580,7,519.8,483.37
581,1,0.25,0.5
581,2,14.25,28.5
581,3,326.75,648.17
581,4,1807.75,3604.17
581,5,8263,16100.57
581,6,17806,34950.58
581,7,4491.75,8718.07
582,1,0,0.0
582,2,4.83,9.6
582,3,59.17,60.85
582,4,325.5,358.73
582,5,625.5,631.9
582,6,743.17,574.65
582,7,342,246.01
583,1,0,0.0
583,2,4.25,5.52
583,3,53.12,28.57
583,4,87.12,49.38
583,5,605,345.32
583,6,1327,541.02
583,7,167.5,68.28
584,1,0,0.0
584,2,0,0.0
584,3,36,28.54
584,4,144.25,141.78
584,5,82,49.15
584,6,471.75,224.17
584,7,201.25,109.86
585,1,0,0.0
585,2,9.38,16.37
585,3,71.5,59.03
585,4,144.88,211.43
585,5,556.5,774.37
585,6,1794.12,2588.36
585,7,344.25,364.09
586,1,2.14,5.67
586,2,9.57,22.71
586,3,71.71,74.48
586,4,130.29,85.95
586,5,660.57,477.48
586,6,2030.71,1486.45
586,7,612,494.83
587,1,0,0.0
587,2,7,5.72
587,3,286,413.08
587,4,1209.25,1164.23
587,5,7833.5,2412.77
587,6,18824.5,6553.5
587,7,4795.75,2158.4
588,1,0,0.0
588,2,5.17,8.89
588,3,205,174.59
588,4,204.5,130.06
588,5,517,248.06
588,6,653,384.14
588,7,131.17,61.6
589,1,0,0.0
589,2,4,10.15
589,3,14,6.81
589,4,26.57,14.32
589,5,207.43,102.19
589,6,437.14,295.34
589,7,149.29,92.56
590,1,0,0.0
590,2,1.14,2.04
590,3,56,69.67
590,4,206.43,142.4
590,5,591.71,367.9
590,6,1650.29,996.62
590,7,630.14,386.14
591,1,0,0.0
591,2,1.83,2.48
591,3,111.83,52.87
591,4,211.67,66.01
591,5,671.83,141.87
591,6,1929.17,857.16
591,7,301.17,160.58
592,1,0,0.0
592,2,0,0.0
592,3,90.5,72.2
592,4,209.5,187.71
592,5,901,793.72
592,6,2186.33,1349.6
592,7,231.83,165.41
593,1,0,0
593,2,0,0
593,3,0,0
593,4,8,0
593,5,18,0
593,6,10,0
593,7,0,0
594,1,0,0.0
594,2,1,1.29
594,3,66,92.71
594,4,205.57,271.32
594,5,1321.71,1300.53
594,6,1842.29,1022.91
594,7,459.57,280.13
595,1,0,0.0
595,2,2.71,4.07
595,3,126.43,74.0
595,4,224.29,127.0
595,5,2015.71,2700.18
595,6,4070,4028.38
595,7,479.14,511.78
596,1,0,0.0
596,2,0,0.0
596,3,76,32.6
596,4,199.67,31.82
596,5,405,290.12
596,6,1016.33,1085.71
596,7,682,911.96
597,1,0,0.0
597,2,1,1.55
597,3,20.33,16.32
597,4,72.67,45.19
597,5,347.5,426.56
597,6,1180,1091.95
597,7,407.83,296.04
598,1,0,0.0
598,2,9.4,8.62
598,3,76.4,45.59
598,4,253.4,174.17
598,5,755.8,413.15
598,6,1915.6,1199.12
598,7,476.8,303.56
599,1,0,0.0
599,2,247.43,620.5
599,3,5079,12480.37
599,4,6148.86,14665.67
599,5,8315.43,13244.74
599,6,12455.86,10212.57
599,7,3340.43,2871.63
600,1,0,0.0
600,2,6.86,16.86
600,3,47.14,43.95
600,4,169,225.3
600,5,665,896.19
600,6,2236.43,2874.38
600,7,402.86,394.46
601,1,0,0.0
601,2,0.5,1.0
601,3,101.5,39.47
601,4,173.75,95.36
601,5,759,709.04
601,6,2704.25,3052.31
601,7,551,723.47
602,1,0,0.0
602,2,4.33,10.61
602,3,34.5,38.79
602,4,122.17,102.06
602,5,727.83,786.47
602,6,2809.5,2234.1
602,7,1256.17,1298.13
603,1,0,0.0
603,2,3.86,4.74
603,3,86.43,56.01
603,4,227.57,144.55
603,5,2249,2584.42
603,6,3873.14,4057.96
603,7,460,518.48
604,1,0,0.0
604,2,319.67,657.86
604,3,7050.33,13137.23
604,4,9923.67,15395.51
604,5,21365.33,26567.32
604,6,26612.67,31945.04
604,7,7611,7998.73
605,1,0,0.0
605,2,0.75,1.16
605,3,17.62,13.15
605,4,21.5,16.88
605,5,131.75,96.96
605,6,341,166.34
605,7,107.12,76.39
606,1,0,0.0
606,2,9.67,16.26
606,3,60.5,106.19
606,4,84.5,69.32
606,5,303.5,359.02
606,6,903.33,1424.03
606,7,240.83,339.83
607,1,0,0.0
607,2,17.86,34.54
607,3,154.57,363.44
607,4,245.43,495.78
607,5,682,1271.57
607,6,898.14,1522.11
607,7,228.14,402.64
608,1,0,0.0
608,2,9.67,15.1
608,3,103.83,176.01
608,4,196.5,355.38
608,5,762.33,1325.3
608,6,4576.83,9367.73
608,7,1806.83,3872.23
609,1,0,0.0
609,2,0,0.0
609,3,0,0.0
609,4,31,19.7
609,5,74.33,101.63
609,6,139.33,196.61
609,7,15.33,24.85
610,1,0,0.0
610,2,0,0.0
610,3,17.6,8.17
610,4,13.6,8.29
610,5,73.8,46.86
610,6,257.6,107.42
610,7,89.8,73.69
611,1,0,0.0
611,2,14.2,17.6
611,3,108.4,60.69
611,4,264,291.36
611,5,920.8,1006.41
611,6,2991.4,3097.5
611,7,618,570.01
612,1,0,0.0
612,2,1,1.0
612,3,40.6,10.24
612,4,138.8,47.65
612,5,826,751.6
612,6,1885.4,1390.72
612,7,393.2,235.57
613,1,0,0.0
613,2,6.8,14.1
613,3,126.8,233.14
613,4,86.8,86.53
613,5,212,90.63
613,6,398,202.66
613,7,108.6,49.36
614,1,0,0.0
614,2,2.4,2.88
614,3,52.4,18.04
614,4,195,56.11
614,5,635.4,193.53
614,6,1805.2,1066.97
614,7,685,394.2
615,1,0,0.0
615,2,1.25,1.26
615,3,58,25.18
615,4,121.25,77.44
615,5,1088,576.03
615,6,1317,848.96
615,7,170.75,39.81
616,1,0,0.0
616,2,2,3.46
616,3,69,21.66
616,4,153.33,85.15
616,5,1052.33,737.5
616,6,3466.33,991.12
616,7,436,182.52
617,1,0,0.0
617,2,6.67,15.85
617,3,67.67,105.61
617,4,133.83,108.94
617,5,490,507.55
617,6,998.17,1384.19
617,7,284.5,328.9
618,1,0,0.0
618,2,0,0.0
618,3,0,0.0
618,4,0.75,0.96
618,5,17.5,16.22
618,6,83.75,49.67
618,7,36.5,50.48
619,1,0,0.0
619,2,0.43,1.13
619,3,37.57,74.36
619,4,95.14,166.09
619,5,310.14,347.45
619,6,722.14,811.28
619,7,269.43,428.81
620,1,0,0.0
620,2,0.4,0.89
620,3,89,78.16
620,4,317.6,434.99
620,5,1730.2,935.53
620,6,4846,2371.27
620,7,1166.6,353.65
621,1,0,0.0
621,2,0.67,1.32
621,3,31.89,40.25
621,4,105.56,113.9
621,5,680.11,832.44
621,6,931,1032.24
621,7,276.56,341.07
622,1,0,0.0
622,2,12.5,15.02
622,3,177.5,114.4
622,4,402.75,102.23
622,5,804,173.83
622,6,983.75,382.96
622,7,193.75,97.07
623,1,0,0.0
623,2,0.33,0.58
623,3,59,18.68
623,4,61.33,36.96
623,5,369.67,166.68
623,6,1402.67,626.19
623,7,222,62.55
624,1,0,0.0
624,2,0,0.0
624,3,0,0.0
624,4,2.8,4.09
624,5,32,25.91
624,6,102.2,85.77
624,7,32.4,44.94
625,1,0,0.0
625,2,1,0.89
625,3,74.67,39.56
625,4,152.33,87.1
625,5,719.83,546.71
625,6,2437.5,2417.52
625,7,494.83,570.49
626,1,0,0.0
626,2,1,1.41
626,3,20.6,11.19
626,4,16.8,8.58
626,5,125,91.85
626,6,364.4,84.92
626,7,148.4,60.45
627,1,0,0.0
627,2,20.8,43.77
627,3,333.2,446.91
627,4,448.8,511.2
627,5,823.8,765.15
627,6,1626.4,2187.87
627,7,540.4,777.47
628,1,0,0.0
628,2,0,0.0
628,3,4.75,8.18
628,4,173.5,200.69
628,5,706.75,695.72
628,6,1348,1115.44
628,7,271.25,165.41
629,1,0,0.0
629,2,0.8,1.79
629,3,23.6,15.45
629,4,95,60.45
629,5,355.6,476.13
629,6,1159,1138.71
629,7,251.4,148.23
630,1,1,2.24
630,2,335.2,737.25
630,3,6848.6,14830.02
630,4,8332.6,17363.4
630,5,10208.6,15659.84
630,6,14821.6,11372.75
630,7,3761.2,3142.42
631,1,0,0.0
631,2,0.71,1.25
631,3,20.14,10.92
631,4,41.57,36.76
631,5,238.71,245.45
631,6,472.86,384.47
631,7,147.57,68.54
632,1,0,0.0
632,2,0.25,0.5
632,3,20,13.44
632,4,114.25,40.03
632,5,548.75,355.76
632,6,1153.75,1139.27
632,7,581,660.77
633,1,0,0.0
633,2,1.43,2.3
633,3,55.43,71.75
633,4,168.71,151.65
633,5,594.14,405.98
633,6,1691.43,975.02
633,7,621.57,405.85
634,1,0,0.0
634,2,2.6,4.34
634,3,268.8,215.06
634,4,225.6,257.23
634,5,764.8,497.68
634,6,727.2,546.99
634,7,127.8,92.24
635,1,0,0.0
635,2,1,1.41
635,3,39,30.09
635,4,53.8,32.46
635,5,160.4,76.45
635,6,840.8,739.48
635,7,245.8,182.99
636,1,0,0.0
636,2,2,2.74
636,3,90.4,68.58
636,4,193,82.14
636,5,844.2,611.36
636,6,2718,1635.01
636,7,396.4,223.47
637,1,0,0.0
637,2,3,6.0
637,3,116.75,65.64
637,4,291.5,322.41
637,5,2287.75,3211.16
637,6,6262.75,8778.92
637,7,1460.25,2162.49
638,1,0,0.0
638,2,2.4,3.91
638,3,84,68.15
638,4,831.2,841.97
638,5,4841,3044.26
638,6,3481.2,1317.52
638,7,534.2,162.92
639,1,0,0.0
639,2,2.25,2.87
639,3,76.5,20.37
639,4,125.25,29.44
639,5,1153.5,420.8
639,6,2452.25,445.59
639,7,352,104.27
640,1,0,0.0
640,2,3.57,8.6
640,3,20.86,21.94
640,4,57.29,48.73
640,5,255.71,197.5
640,6,929.14,1021.64
640,7,325.57,383.61
641,1,0,0.0
641,2,32.29,72.35
641,3,1111.14,2486.45
641,4,2471.29,5330.21
641,5,12028.71,24662.36
641,6,20241.86,30419.7
641,7,5810.86,7795.27
642,1,0,0.0
642,2,4.86,11.19
642,3,53.14,54.83
642,4,85.86,50.36
642,5,565.71,581.17
642,6,923.71,741.07
642,7,130.43,61.65
643,1,18.83,46.13
643,2,575.33,1397.06
643,3,2794.67,6739.72
643,4,11612.17,27872.68
643,5,8931.67,20454.48
643,6,7588.67,16036.57
643,7,2937.83,6287.7
644,1,0,0.0
644,2,0,0.0
644,3,914.25,775.89
644,4,2027.75,1512.65
644,5,8645.5,6682.8
644,6,12332.75,8045.75
644,7,2133.5,1546.99
645,1,0,0.0
645,2,0,0.0
645,3,1,1.41
645,4,1.25,2.5
645,5,8,11.63
645,6,116.5,145.53
645,7,25,32.53
646,1,0,0.0
646,2,0.5,0.71
646,3,44.5,7.78
646,4,345.5,307.59
646,5,614.5,67.18
646,6,674,114.55
646,7,249.5,3.54
647,1,0.5,0.71
647,2,28.5,40.31
647,3,651,916.41
647,4,3609.5,5097.53
647,5,16217.5,22899.65
647,6,35278.5,49426.06
647,7,8818.5,12370.83
648,1,0,0.0
648,2,0,0.0
648,3,2.67,3.79
648,4,4,6.93
648,5,210.67,355.36
648,6,334.33,517.96
648,7,134.33,222.32
649,1,0,0.0
649,2,1,1.26
649,3,46.5,26.76
649,4,57.83,31.44
649,5,226.83,62.87
649,6,1067,662.98
649,7,288.17,181.71
650,1,0,0.0
650,2,0,0.0
650,3,118.5,197.57
650,4,388,419.23
650,5,3721.5,3884.02
650,6,7482,6420.55
650,7,1224.75,1529.31
651,1,0,0.0
651,2,11.67,13.81
651,3,102.17,94.23
651,4,319.5,201.42
651,5,731.5,311.09
651,6,1159.83,190.16
651,7,221.83,54.6
652,1,0,0.0
652,2,0,0.0
652,3,31,29.39
652,4,59.8,38.54
652,5,255.8,97.78
652,6,1334.4,840.51
652,7,426.8,311.43
653,1,15.83,38.78
653,2,162.33,396.17
653,3,309.17,667.88
653,4,2461,5535.39
653,5,11264.83,19278.02
653,6,17903,27610.91
653,7,4057.67,6618.94
654,1,0,0.0
654,2,0.67,1.21
654,3,109.17,44.1
654,4,150.67,112.51
654,5,612.83,498.03
654,6,1503.17,703.88
654,7,339.83,167.07
655,1,0,0.0
655,2,0.33,0.5
655,3,18.89,9.71
655,4,111.33,97.73
655,5,228.11,179.27
655,6,971.78,722.97
655,7,334.67,240.14
656,1,0,0.0
656,2,1.75,2.22
656,3,97.25,69.53
656,4,150.25,81.7
656,5,541.75,77.63
656,6,2515.25,859.63
656,7,487,195.0
657,1,0,0.0
657,2,0,0.0
657,3,16.8,7.89
657,4,93,105.32
657,5,97,46.42
657,6,298,132.48
657,7,176.4,97.43
658,1,0,0.0
658,2,1.25,1.5
658,3,9.25,7.85
658,4,86,77.4
658,5,380.25,235.8
658,6,382,229.46
658,7,89.75,35.98
659,1,0,0.0
659,2,124.29,317.84
659,3,1395.71,3539.0
659,4,1378.57,3381.95
659,5,1303.29,2045.21
659,6,1598.57,1830.03
659,7,346.57,390.79
660,1,0,0.0
660,2,0.6,1.34
660,3,17.6,9.02
660,4,136.4,90.17
660,5,69.8,29.36
660,6,481.8,564.06
660,7,301.8,289.96
661,1,0,0.0
661,2,15.33,35.62
661,3,200.33,411.53
661,4,749.83,1274.87
661,5,1932.67,3262.17
661,6,2590.33,3151.89
661,7,611.33,729.94
662,1,0,0.0
662,2,12.67,13.87
662,3,155,198.1
662,4,219.67,280.04
662,5,485,425.81
662,6,1588.33,590.56
662,7,377,291.97
663,1,0,0.0
663,2,0,0.0
663,3,0,0.0
663,4,9.5,13.44
663,5,34,4.24
663,6,255.5,108.19
663,7,30.5,14.85
664,1,0,0.0
664,2,0.75,1.5
664,3,66.25,93.16
664,4,171.5,198.93
664,5,300.25,460.58
664,6,895.5,1064.22
664,7,446.75,523.28
665,1,0,0.0
665,2,19.31,33.48
665,3,135.19,113.93
665,4,519.75,442.25
665,5,5046.75,6203.31
665,6,10792.44,12250.22
665,7,2384.06,2377.99
666,1,0,0.0
666,2,327.33,653.7
666,3,7179.33,13060.68
666,4,10911.33,14779.18
666,5,23925.17,24568.88
666,6,31193.83,29274.26
666,7,8024.33,7622.1
667,1,0,0.0
667,2,0.33,0.52
667,3,148.83,194.67
667,4,344.83,227.77
667,5,1621.17,1145.53
667,6,3632.33,2568.87
667,7,883.5,802.2
668,1,0,0.0
668,2,3.25,4.27
668,3,89.25,79.18
668,4,766.5,1017.53
668,5,4810.25,3881.49
668,6,3306.25,1744.69
668,7,505,261.17
669,1,0,0.0
669,2,81.6,167.98
669,3,2959.8,6209.28
669,4,9707.8,19452.0
669,5,14324.6,16491.59
669,6,20336,13277.36
669,7,4082.8,2900.8
670,1,0,0.0
670,2,2,3.46
670,3,129.33,141.05
670,4,343.33,85.59
670,5,3404.33,1732.08
670,6,4067.33,1273.01
670,7,705,97.56
671,1,0,0.0
671,2,0,0.0
671,3,17.67,16.56
671,4,199.33,162.51
671,5,982,1160.08
671,6,2243,1673.52
671,7,497,372.83
672,1,0,0.0
672,2,1,1.73
672,3,150.33,123.22
672,4,523.33,205.45
672,5,4798.67,2462.58
672,6,3713.33,1941.42
672,7,532.33,277.52
673,1,0,0.0
673,2,0.75,0.96
673,3,62.5,62.05
673,4,349,96.0
673,5,2180.25,1430.28
673,6,6440.25,3517.66
673,7,1486.75,1391.25
674,1,0,0.0
674,2,1,2.0
674,3,15.25,17.54
674,4,55.5,72.48
674,5,687.75,939.63
674,6,900.75,947.21
674,7,223.5,176.31
675,1,0.33,0.58
675,2,19,32.91
675,3,433.67,749.4
675,4,2437,4137.24
675,5,10858.33,18664.44
675,6,23490.67,40475.87
675,7,5886.33,10114.91
676,1,0,0.0
676,2,1.5,2.76
676,3,106.7,109.45
676,4,414.5,680.55
676,5,2235.3,2498.36
676,6,2972.4,2010.77
676,7,597.4,480.56
677,1,0,0.0
677,2,1.71,2.43
677,3,67.71,62.93
677,4,307.43,205.7
677,5,3642.71,2628.73
677,6,4533.14,3391.31
677,7,688.86,635.33
678,1,0,0.0
678,2,0.8,1.79
678,3,23,25.28
678,4,192,162.35
678,5,1664.8,1679.48
678,6,3855.2,4108.89
678,7,1045.6,1396.82
679,1,0,0.0
679,2,2.17,2.79
679,3,165.33,166.1
679,4,700.5,613.01
679,5,3195,2459.34
679,6,3601,2947.93
679,7,717.17,339.71
680,1,0,0.0
680,2,21.67,39.32
680,3,243.17,428.98
680,4,308.83,519.21
680,5,725.67,860.25
680,6,1725.67,2014.77
680,7,479.83,720.03
681,1,0,0.0
681,2,0,0.0
681,3,0.33,0.82
681,4,17.67,24.91
681,5,28.17,42.4
681,6,49.17,58.34
681,7,6,12.31
682,1,0,0.0
682,2,1.25,2.82
682,3,95.38,93.72
682,4,277.75,442.56
682,5,2788.38,4256.5
682,6,6294.25,8685.63
682,7,1450.5,1094.25
683,1,0,0.0
683,2,3.62,6.76
683,3,185,147.15
683,4,177.12,226.57
683,5,394.5,495.71
683,6,528.75,409.84
683,7,118.62,75.34
684,1,0,0.0
684,2,2.71,3.15
684,3,100.14,81.86
684,4,167.29,64.4
684,5,832.29,682.34
684,6,2101.14,1409.55
684,7,497,247.73
685,1,0,0.0
685,2,0.17,0.41
685,3,55.17,42.34
685,4,133,68.28
685,5,321.33,216.67
685,6,584.33,831.09
685,7,363.5,673.18
686,1,0,0.0
686,2,0.75,1.5
686,3,62.75,42.01
686,4,244.75,247.56
686,5,2350,1844.97
686,6,4961.25,2275.62
686,7,1509,602.69
687,1,0,0.0
687,2,54.17,125.41
687,3,367,814.85
687,4,275,492.72
687,5,606.67,1000.32
687,6,1242.33,2232.6
687,7,354.17,605.08
688,1,0,0.0
688,2,4.83,10.44
688,3,36.83,58.38
688,4,39.5,62.05
688,5,199.17,297.09
688,6,779.67,1112.81
688,7,209.67,275.8
689,1,0,0.0
689,2,1.2,1.79
689,3,83,45.93
689,4,91,68.5
689,5,163,125.14
689,6,523.4,337.72
689,7,169.2,103.66
690,1,0,0.0
690,2,10.6,17.2
690,3,97.6,75.43
690,4,378,368.46
690,5,2524.4,2940.39
690,6,6557.8,8175.51
690,7,1540.8,1960.26
691,1,0,0.0
691,2,0,0.0
691,3,91.5,118.09
691,4,38,26.87
691,5,400,19.8
691,6,590.5,122.33
691,7,290.5,84.15
692,1,0,0.0
692,2,0,0.0
692,3,0,0.0
692,4,2,1.41
692,5,25,7.07
692,6,36,11.31
692,7,20,9.9
693,1,0,0.0
693,2,0,0.0
693,3,0,0.0
693,4,2.6,4.34
693,5,19.6,30.91
693,6,64,97.81
693,7,12.2,14.18
694,1,0,0.0
694,2,0,0.0
694,3,0,0.0
694,4,0.57,0.79
694,5,10.14,13.08
694,6,36.29,49.5
694,7,25.71,41.24
695,1,0,0.0
695,2,0,0.0
695,3,16.67,17.44
695,4,52.17,92.1
695,5,167.33,155.66
695,6,509.17,446.92
695,7,359.33,403.86
696,1,0,0.0
696,2,0.17,0.41
696,3,76.17,54.72
696,4,288.83,162.45
696,5,1085,477.66
696,6,2732.17,719.61
696,7,332.83,122.46
697,1,0.83,2.04
697,2,3,6.0
697,3,74.33,60.68
697,4,516.83,512.06
697,5,2826.83,1404.38
697,6,7644.5,2792.32
697,7,1881.67,986.46
698,1,0,0.0
698,2,0.5,1.22
698,3,51.67,80.28
698,4,164.83,194.47
698,5,215.17,380.94
698,6,618.33,921.87
698,7,294.33,465.76
699,1,0,0.0
699,2,7.33,10.91
699,3,31.17,27.88
699,4,97.5,56.68
699,5,333.83,195.07
699,6,484.17,297.1
699,7,95,63.07
700,1,0,0.0
700,2,3.5,5.2
700,3,104.25,69.87
700,4,292.25,145.35
700,5,3031,3369.81
700,6,5504,4981.74
700,7,688,611.35
701,1,0,0.0
701,2,291.83,667.81
701,3,5873.5,13480.9
701,4,7948,15530.41
701,5,10019.33,14588.87
701,6,11628.67,14192.51
701,7,2800.83,3628.49
702,1,0,0.0
702,2,0.6,1.34
702,3,77.4,66.27
702,4,170,117.36
702,5,816.4,349.76
702,6,1226.4,550.63
702,7,202,89.79
703,1,0,0.0
703,2,3.2,3.56
703,3,376.6,328.86
703,4,1367.4,1041.94
703,5,6363.4,3841.87
703,6,10576.2,10048.21
703,7,2025.6,2290.62
704,1,0,0.0
704,2,24.2,40.16
704,3,234.8,420.46
704,4,331.2,583.31
704,5,841.8,1526.5
704,6,1110.2,1809.3
704,7,289.2,476.66
705,1,0,0.0
705,2,12.71,18.49
705,3,252.57,259.61
705,4,645.57,622.4
705,5,2855.43,1823.72
705,6,7208.29,3177.41
705,7,2135.43,1722.09
706,1,0,0.0
706,2,2.2,2.95
706,3,304.2,155.57
706,4,965.2,494.62
706,5,3779,2091.15
706,6,6740,3066.0
706,7,1535.6,756.18
707,1,0,0.0
707,2,2.29,3.4
707,3,121.71,107.52
707,4,725.86,730.46
707,5,4159.71,2707.76
707,6,3505.86,2439.26
707,7,405,247.46
708,1,0,0.0
708,2,1,1.41
708,3,56,74.14
708,4,300,429.03
708,5,6142,8953.16
708,6,15206.5,17729.81
708,7,2947,3372.73
709,1,0,0.0
709,2,1,0.82
709,3,28.25,35.48
709,4,143.5,201.02
709,5,4569,4665.03
709,6,13015.5,11609.18
709,7,2273.5,2047.78
710,1,0,0.0
710,2,17.75,16.21
710,3,182.25,189.21
710,4,371,378.65
710,5,1475,1374.75
710,6,7786.5,10527.73
710,7,3187,4350.69
711,1,0,0.0
711,2,9.5,11.26
711,3,177.17,194.67
711,4,310.5,337.78
711,5,852.5,428.86
711,6,2012.83,800.85
711,7,632.5,241.74
712,1,0,0.0
712,2,1,1.53
712,3,36.43,47.04
712,4,170.29,135.17
712,5,1354.57,1239.62
712,6,4525.29,4811.6
712,7,1122.14,1392.4
713,1,0,0.0
713,2,1.75,2.87
713,3,64.25,36.12
713,4,127.25,17.04
713,5,699.75,217.09
713,6,2608.5,895.32
713,7,446.5,112.64
714,1,0.2,0.45
714,2,11.4,25.49
714,3,260.6,580.48
714,4,1443.8,3225.64
714,5,6484,14493.07
714,6,14070.6,31392.95
714,7,3521.4,7851.18
715,1,31.67,54.85
715,2,347.67,540.83
715,3,689.67,846.23
715,4,5226.67,7368.5
715,5,24052,21369.24
715,6,38008.33,27320.83
715,7,8575.67,7117.2
716,1,0.25,0.5
716,2,14.25,28.5
716,3,326.5,648.34
716,4,1807,3604.67
716,5,8284.75,16085.75
716,6,17823.25,34938.9
716,7,4519,8699.46
717,1,0.25,0.5
717,2,14.25,28.5
717,3,324.75,649.5
717,4,1804.25,3606.5
717,5,8121,16192.68
717,6,17639.5,35059.06
717,7,4409,8771.35
718,1,0.14,0.38
718,2,8.14,21.54
718,3,186.71,490.48
718,4,1032.43,2725.82
718,5,4732.86,12206.57
718,6,10197.57,26473.02
718,7,2585.29,6607.34
719,1,0,0.0
719,2,0,0.0
719,3,0,0.0
719,4,0.4,0.55
719,5,8.8,8.58
719,6,63.6,56.03
719,7,16.2,20.15
720,1,0,0.0
720,2,0.83,1.6
720,3,19,15.48
720,4,148.83,109.38
720,5,438.17,421.97
720,6,1553.83,1120.96
720,7,477.17,472.0
721,1,0,0.0
721,2,0,0.0
721,3,32,25.46
721,4,309,359.21
721,5,446.5,170.41
721,6,586,9.9
721,7,241.5,7.78
722,1,0.25,0.5
722,2,14.25,28.5
722,3,328.75,646.88
722,4,1812.75,3600.86
722,5,8199,16141.48
722,6,17784.75,34963.82
722,7,4421.25,8763.33
723,1,0,0.0
723,2,27.6,44.48
723,3,176.4,121.85
723,4,814.2,481.99
723,5,9830.6,4272.76
723,6,25179.4,4405.49
723,7,5290,1208.68
724,1,23.75,47.5
724,2,247.5,482.38
724,3,548.5,748.11
724,4,3869.25,6590.67
724,5,13896.5,22340.5
724,6,19969,29603.6
724,7,4808,7578.6
725,1,0,0.0
725,2,1.4,2.61
725,3,43.2,29.05
725,4,162.8,101.88
725,5,646.6,387.46
725,6,1815.8,902.74
725,7,649.2,324.53
726,1,13.57,35.91
726,2,141.29,365.88
726,3,308.14,603.29
726,4,2093.86,5134.53
726,5,7363.43,17654.49
726,6,11129.43,23526.28
726,7,3101.29,5796.87
727,1,0,0.0
727,2,0,0.0
727,3,3,6.42
727,4,13.17,14.16
727,5,73.83,139.72
727,6,141.83,313.19
727,7,20.5,46.8
